[Licensing::Module] Trying to connect to existing licensing client channel...
[Licensing::IpcConnector] Successfully connected to: "LicenseClient-HP" at "2026-03-18T17:42:42.0538715Z"
Built from '6000.3/respin/6000.3.6f1-732c1ec89f18' branch; Version is '6000.3.6f1 (bbb010bdb8a3) revision 12300304'; Using compiler version '194234433'; Build Type 'Release'
OS: 'Windows 11  (10.0.26200) Professional' Language: 'en' Physical Memory: 8062 MB
BatchMode: 1, IsHumanControllingUs: 0, StartBugReporterOnCrash: 0, Is64bit: 1
System  architecture: x64
Process architecture: x64
Date: 2026-03-18T17:42:42Z

COMMAND LINE ARGUMENTS:
C:\Program Files\Unity\Hub\Editor\6000.3.6f1-x86_64\Editor\Unity.exe
-adb2
-batchMode
-noUpm
-name
AssetImportWorker1
-projectPath
C:/Users/HP/3D Game
-logFile
Logs/AssetImportWorker1.log
-srvPort
64523
-licensingIpc
LicenseClient-HP
-job-worker-count
3
-background-job-worker-count
8
-gc-helper-count
1
-name
AssetImport
Successfully changed project path to: C:/Users/HP/3D Game
C:/Users/HP/3D Game
[UnityMemory] Configuration Parameters - Can be set up in boot.config
    "memorysetup-temp-allocator-size-nav-mesh-worker=65536"
    "memorysetup-temp-allocator-size-audio-worker=65536"
    "memorysetup-temp-allocator-size-gfx=262144"
    "memorysetup-allocator-temp-initial-block-size-main=262144"
    "memorysetup-allocator-temp-initial-block-size-worker=262144"
    "memorysetup-temp-allocator-size-background-worker=32768"
    "memorysetup-temp-allocator-size-job-worker=262144"
    "memorysetup-temp-allocator-size-preload-manager=33554432"
    "memorysetup-temp-allocator-size-gi-baking-worker=262144"
    "memorysetup-temp-allocator-size-gi-baking-worker=262144"
    "memorysetup-temp-allocator-size-gi-baking-worker=262144"
    "memorysetup-temp-allocator-size-gi-baking-worker=262144"
    "memorysetup-temp-allocator-size-gi-baking-worker=262144"
    "memorysetup-bucket-allocator-granularity=16"
    "memorysetup-bucket-allocator-bucket-count=8"
    "memorysetup-bucket-allocator-block-size=33554432"
    "memorysetup-bucket-allocator-block-count=8"
    "memorysetup-main-allocator-block-size=16777216"
    "memorysetup-thread-allocator-block-size=16777216"
    "memorysetup-gfx-main-allocator-block-size=16777216"
    "memorysetup-gfx-thread-allocator-block-size=16777216"
    "memorysetup-cache-allocator-block-size=4194304"
    "memorysetup-typetree-allocator-block-size=2097152"
    "memorysetup-profiler-bucket-allocator-granularity=16"
    "memorysetup-profiler-bucket-allocator-bucket-count=8"
    "memorysetup-profiler-bucket-allocator-block-size=33554432"
    "memorysetup-profiler-bucket-allocator-block-count=8"
    "memorysetup-profiler-allocator-block-size=16777216"
    "memorysetup-profiler-editor-allocator-block-size=1048576"
    "memorysetup-temp-allocator-size-main=16777216"
    "memorysetup-job-temp-allocator-block-size=2097152"
    "memorysetup-job-temp-allocator-block-size-background=1048576"
    "memorysetup-job-temp-allocator-reduction-small-platforms=262144"
    "memorysetup-temp-allocator-size-cloud-worker=32768"
Player connection [7076]  Target information:

Player connection [7076]  * "[IP] 172.29.16.1 [Port] 0 [Flags] 2 [Guid] 4062880838 [EditorId] 4062880838 [Version] 1048832 [Id] WindowsEditor(7,ImenMdj) [Debug] 1 [PackageName] WindowsEditor [ProjectName] Editor" 

Player connection [7076]  * "[IP] 192.168.56.1 [Port] 0 [Flags] 2 [Guid] 4062880838 [EditorId] 4062880838 [Version] 1048832 [Id] WindowsEditor(7,ImenMdj) [Debug] 1 [PackageName] WindowsEditor [ProjectName] Editor" 

Player connection [7076]  * "[IP] 192.168.100.6 [Port] 0 [Flags] 2 [Guid] 4062880838 [EditorId] 4062880838 [Version] 1048832 [Id] WindowsEditor(7,ImenMdj) [Debug] 1 [PackageName] WindowsEditor [ProjectName] Editor" 

Player connection [7076] Host joined multi-casting on [225.0.0.222:54997]...
Player connection [7076] Host joined alternative multi-casting on [225.0.0.222:34997]...
JobSystem: Creating JobQueue using job-worker-count value 3
Input System module state changed to: Initialized.
[Physics::Module] Initialized fallback backend.
[Physics::Module] Id: 0xdecafbad
Library Redirect Path: Library/
[Physics::Module] Selected backend.
[Physics::Module] Name: PhysX
[Physics::Module] Id: 0xf2b8ea05
[Physics::Module] SDK Version: 4.1.2
[Physics::Module] Integration Version: 1.0.0
[Physics::Module] Threading Mode: Multi-Threaded
Refreshing native plugins compatible for Editor in 33.30 ms, found 3 plugins.
Preloading 0 native plugins for Editor in 0.00 ms.
Initialize engine version: 6000.3.6f1 (bbb010bdb8a3)
[Subsystems] Discovering subsystems at path C:/Program Files/Unity/Hub/Editor/6000.3.6f1-x86_64/Editor/Data/Resources/UnitySubsystems
[Subsystems] Discovering subsystems at path C:/Users/HP/3D Game/Assets
GfxDevice: creating device client; kGfxThreadingModeNonThreaded
Direct3D:
    Version:  Direct3D 11.0 [level 11.1]
    Renderer: Intel(R) UHD Graphics 620 (ID=0x3ea0)
    Vendor:   Intel
    VRAM:     4031 MB
    Driver:   31.0.101.2135
Initialize mono
Mono path[0] = 'C:/Program Files/Unity/Hub/Editor/6000.3.6f1-x86_64/Editor/Data/Managed'
Mono path[1] = 'C:/Program Files/Unity/Hub/Editor/6000.3.6f1-x86_64/Editor/Data/MonoBleedingEdge/lib/mono/unityjit-win32'
Mono config path = 'C:/Program Files/Unity/Hub/Editor/6000.3.6f1-x86_64/Editor/Data/MonoBleedingEdge/etc'
Using monoOptions --debugger-agent=transport=dt_socket,embedding=1,server=y,suspend=n,address=127.0.0.1:56492
Begin MonoManager ReloadAssembly
Registering precompiled unity dll's ...
Register platform support module: C:/Program Files/Unity/Hub/Editor/6000.3.6f1-x86_64/Editor/Data/PlaybackEngines/WebGLSupport/UnityEditor.WebGL.Extensions.dll
Register platform support module: C:/Program Files/Unity/Hub/Editor/6000.3.6f1-x86_64/Editor/Data/PlaybackEngines/WindowsStandaloneSupport/UnityEditor.WindowsStandalone.Extensions.dll
Registered in 0.011850 seconds.
- Loaded All Assemblies, in  1.752 seconds
Native extension for WindowsStandalone target not found
Native extension for WebGL target not found
ScheduleIndexationOnStartup MainProcess:False IndexOnStartup:True
Mono: successfully reloaded assembly
- Finished resetting the current domain, in  1.426 seconds
Domain Reload Profiling: 3167ms
	BeginReloadAssembly (871ms)
		ExecutionOrderSort (0ms)
		DisableScriptedObjects (0ms)
		BackupInstance (0ms)
		ReleaseScriptingObjects (0ms)
		CreateAndSetChildDomain (18ms)
	RebuildCommonClasses (131ms)
	RebuildNativeTypeToScriptingClass (47ms)
	initialDomainReloadingComplete (156ms)
	LoadAllAssembliesAndSetupDomain (536ms)
		LoadAssemblies (837ms)
		RebuildTransferFunctionScriptingTraits (0ms)
		AnalyzeDomain (528ms)
			TypeCache.Refresh (524ms)
				TypeCache.ScanAssembly (475ms)
			BuildScriptInfoCaches (0ms)
			ResolveRequiredComponents (1ms)
	FinalizeReload (1426ms)
		ReleaseScriptCaches (0ms)
		RebuildScriptCaches (0ms)
		SetupLoadedEditorAssemblies (1281ms)
			LogAssemblyErrors (0ms)
			InitializePlatformSupportModulesInManaged (173ms)
			SetLoadedEditorAssemblies (9ms)
			BeforeProcessingInitializeOnLoad (301ms)
			ProcessInitializeOnLoadAttributes (543ms)
			ProcessInitializeOnLoadMethodAttributes (254ms)
			AfterProcessingInitializeOnLoad (0ms)
			EditorAssembliesLoaded (0ms)
		ExecutionOrderSort2 (0ms)
		AwakeInstancesAfterBackupRestoration (0ms)
[Licensing::Client] Handshaking with LicensingClient:
  Version:                 1.17.4+4293ba1
  Session Id:              9e399fd40ddd4e8eaf5e1bab0f387e60
  Correlation Id:          2f830279db5e0dbbb81873a4875c2718
  External correlation Id: 3571278012479457363
  Machine Id:              yVTL0mtkd3VKF86BFitKHvKYEGY=
[Licensing::Module] Successfully connected to LicensingClient on channel: "LicenseClient-HP" (connect: 0.00s, validation: 0.01s, handshake: 8.67s)
[Licensing::IpcConnector] Successfully connected to: "LicenseClient-HP-notifications" at "2026-03-18T17:42:50.7273983Z"
[Licensing::Module] Licensing Background thread has ended after 8.67s
Assembly reference Packages/com.unity.cinemachine/Editor/Samples/ExposeHDRPInternals/HDRP-Editor-ref.asmref has no target assembly definition
========================================================================
Worker process is ready to serve import requests
Import Worker Mode flag is 0x00
Assembly reference Packages/com.unity.cinemachine/Editor/Samples/ExposeHDRPInternals/HDRP-Editor-ref.asmref has no target assembly definition
Assembly reference Packages/com.unity.cinemachine/Editor/Samples/ExposeHDRPInternals/HDRP-Editor-ref.asmref has no target assembly definition
Begin MonoManager ReloadAssembly
[Licensing::Client] Successfully resolved entitlement details
[Licensing::Module] License group:
  Id: 11270635381325-UnityPersXXXX
  Product: Unity Personal
  Type: Assigned
  Expiration: Unlimited
Symbol file LoadedFromMemory is not a mono symbol file
- Loaded All Assemblies, in  3.019 seconds
Assembly reference Packages/com.unity.cinemachine/Editor/Samples/ExposeHDRPInternals/HDRP-Editor-ref.asmref has no target assembly definition
'Packages/com.unity.cinemachine/Editor/Obsolete/CinemachineVirtualCameraBaseEditor.cs' contains partial class of Unity.Object, exactly 1 of the partial classes needs to be in a file with the same filename. This is to know the one that can be referenced from ie. GameObjects
'Packages/com.unity.cinemachine/Editor/Editors/CinemachineVirtualCameraBaseEditor.cs' contains partial class of Unity.Object, exactly 1 of the partial classes needs to be in a file with the same filename. This is to know the one that can be referenced from ie. GameObjects
Refreshing native plugins compatible for Editor in 5.21 ms, found 3 plugins.
Native extension for WindowsStandalone target not found
Native extension for WebGL target not found
Assembly reference Packages/com.unity.cinemachine/Editor/Samples/ExposeHDRPInternals/HDRP-Editor-ref.asmref has no target assembly definition
Package Manager log level set to [2]
[Package Manager] Failed to launch server process. Reason: Unity was launched with the -noUpm command-line argument
[Package Manager] Unable to send message (not connected to server process).
[Package Manager] Cannot connect to Unity Package Manager local server
[Package Manager] Failed to launch server process. Reason: Unity was launched with the -noUpm command-line argument
[Package Manager] Unable to send message (not connected to server process).
[Package Manager] Cannot connect to Unity Package Manager local server
ScheduleIndexationOnStartup MainProcess:False IndexOnStartup:True
Mono: successfully reloaded assembly
- Finished resetting the current domain, in  2.704 seconds
Domain Reload Profiling: 5701ms
	BeginReloadAssembly (487ms)
		ExecutionOrderSort (0ms)
		DisableScriptedObjects (17ms)
		BackupInstance (0ms)
		ReleaseScriptingObjects (0ms)
		CreateAndSetChildDomain (68ms)
	RebuildCommonClasses (85ms)
	RebuildNativeTypeToScriptingClass (48ms)
	initialDomainReloadingComplete (120ms)
	LoadAllAssembliesAndSetupDomain (2256ms)
		LoadAssemblies (1437ms)
		RebuildTransferFunctionScriptingTraits (0ms)
		AnalyzeDomain (1110ms)
			TypeCache.Refresh (858ms)
				TypeCache.ScanAssembly (801ms)
			BuildScriptInfoCaches (215ms)
			ResolveRequiredComponents (26ms)
	FinalizeReload (2705ms)
		ReleaseScriptCaches (0ms)
		RebuildScriptCaches (0ms)
		SetupLoadedEditorAssemblies (2147ms)
			LogAssemblyErrors (0ms)
			InitializePlatformSupportModulesInManaged (6ms)
			SetLoadedEditorAssemblies (14ms)
			BeforeProcessingInitializeOnLoad (452ms)
			ProcessInitializeOnLoadAttributes (1454ms)
			ProcessInitializeOnLoadMethodAttributes (194ms)
			AfterProcessingInitializeOnLoad (27ms)
			EditorAssembliesLoaded (0ms)
		ExecutionOrderSort2 (0ms)
		AwakeInstancesAfterBackupRestoration (15ms)
Launched and connected shader compiler UnityShaderCompiler.exe after 0.04 seconds
Refreshing native plugins compatible for Editor in 3.00 ms, found 3 plugins.
Preloading 0 native plugins for Editor in 0.00 ms.
Unloading 21 Unused Serialized files (Serialized files now loaded: 0)
Unloading 6800 unused Assets / (7.0 MB). Loaded Objects now: 7649.
Memory consumption went from 172.5 MB to 165.5 MB.
Total: 30.421900 ms (FindLiveObjects: 2.234300 ms CreateObjectMapping: 4.011300 ms MarkObjects: 16.808200 ms  DeleteObjects: 7.365500 ms)

========================================================================
Received Import Request.
  Time since last request: 3868.432852 seconds.
  path: Assets/_Recovery/0 (2).unity
  artifactKey: Guid(dff46a57cb11af64095a9776bc2a1779) Importer(2089858483,b0f066a214c2f5e87bad3c948f4d605d)
Start importing Assets/_Recovery/0 (2).unity using Guid(dff46a57cb11af64095a9776bc2a1779) Importer(2089858483,b0f066a214c2f5e87bad3c948f4d605d) (ScriptedImporter) -> (artifact id: '5fd63ee0120b067012338ac838d33627') in 0.3378309 seconds
Number of updated asset objects reloaded before import = 0Number of asset objects unloaded after import = 1

========================================================================
Received Import Request.
  Time since last request: 0.000045 seconds.
  path: Assets/Erufyta/AllSkyFree/Night MoonBurst/AllSky_Night_MoonBurst Equirect.mat
  artifactKey: Guid(51b74d7bad397457d883c5940f7664d8) Importer(2089858483,b0f066a214c2f5e87bad3c948f4d605d)
Start importing Assets/Erufyta/AllSkyFree/Night MoonBurst/AllSky_Night_MoonBurst Equirect.mat using Guid(51b74d7bad397457d883c5940f7664d8) Importer(2089858483,b0f066a214c2f5e87bad3c948f4d605d) (ScriptedImporter) -> (artifact id: '3762191354c6f36e8d556a67762a6473') in 0.2903297 seconds
Number of updated asset objects reloaded before import = 0Number of asset objects unloaded after import = 2

========================================================================
Received Import Request.
  Time since last request: 0.000154 seconds.
  path: Assets/Erufyta/Azerilo/Car Model No.1201 Asset/Mesh/Materials/lambert18.mat
  artifactKey: Guid(9548a0c31580f2841adc8b671fa21406) Importer(2089858483,b0f066a214c2f5e87bad3c948f4d605d)
Start importing Assets/Erufyta/Azerilo/Car Model No.1201 Asset/Mesh/Materials/lambert18.mat using Guid(9548a0c31580f2841adc8b671fa21406) Importer(2089858483,b0f066a214c2f5e87bad3c948f4d605d) (ScriptedImporter) -> (artifact id: '73633dbd49fa69e1a3282e4482a9788f') in 0.056251 seconds
Number of updated asset objects reloaded before import = 0Number of asset objects unloaded after import = 1

========================================================================
Received Import Request.
  Time since last request: 0.000180 seconds.
  path: Assets/Erufyta/Azerilo/Car Model No.1201 Asset/Material/RearLightMat.mat
  artifactKey: Guid(d8f48f6b71290cc4c90811f5f54d2ab1) Importer(2089858483,b0f066a214c2f5e87bad3c948f4d605d)
Start importing Assets/Erufyta/Azerilo/Car Model No.1201 Asset/Material/RearLightMat.mat using Guid(d8f48f6b71290cc4c90811f5f54d2ab1) Importer(2089858483,b0f066a214c2f5e87bad3c948f4d605d) (ScriptedImporter) -> (artifact id: '1a2c1a3ddb248c17802f7fbfa7f2be43') in 0.0881842 seconds
Number of updated asset objects reloaded before import = 0Number of asset objects unloaded after import = 2

========================================================================
Received Import Request.
  Time since last request: 0.000059 seconds.
  path: Assets/Erufyta/Azerilo/Car Model No.1201 Asset/Prefab/Car_NO.1201.prefab
  artifactKey: Guid(8e4300b7bafcc74418f53c67ca571e4f) Importer(2089858483,b0f066a214c2f5e87bad3c948f4d605d)
Start importing Assets/Erufyta/Azerilo/Car Model No.1201 Asset/Prefab/Car_NO.1201.prefab using Guid(8e4300b7bafcc74418f53c67ca571e4f) Importer(2089858483,b0f066a214c2f5e87bad3c948f4d605d) (ScriptedImporter) -> (artifact id: '5a5879ae90993020c82daf2ee7453338') in 0.1080364 seconds
Number of updated asset objects reloaded before import = 0Number of asset objects unloaded after import = 100

========================================================================
Received Import Request.
  Time since last request: 0.000075 seconds.
  path: Assets/Erufyta/Azerilo/Car Model No.1201 Asset/Material/Texture/TireTexture.png
  artifactKey: Guid(892c26e76fcc3534eb8b353e97440c48) Importer(2089858483,b0f066a214c2f5e87bad3c948f4d605d)
Start importing Assets/Erufyta/Azerilo/Car Model No.1201 Asset/Material/Texture/TireTexture.png using Guid(892c26e76fcc3534eb8b353e97440c48) Importer(2089858483,b0f066a214c2f5e87bad3c948f4d605d) (ScriptedImporter) -> (artifact id: 'b3f54427236eb33bb72dda1e6b7b9eb5') in 0.2436279 seconds
Number of updated asset objects reloaded before import = 0Number of asset objects unloaded after import = 1

========================================================================
Received Import Request.
  Time since last request: 0.000058 seconds.
  path: Assets/Erufyta/Azerilo/Car Model No.1201 Asset/Scene/Demo Scene.unity
  artifactKey: Guid(ed6884c73bdf2504495ab340829a5a27) Importer(2089858483,b0f066a214c2f5e87bad3c948f4d605d)
Start importing Assets/Erufyta/Azerilo/Car Model No.1201 Asset/Scene/Demo Scene.unity using Guid(ed6884c73bdf2504495ab340829a5a27) Importer(2089858483,b0f066a214c2f5e87bad3c948f4d605d) (ScriptedImporter) -> (artifact id: '2ef120907a0202b57c082a1a8c7dbf0b') in 0.0567039 seconds
Number of updated asset objects reloaded before import = 0Number of asset objects unloaded after import = 1

========================================================================
Received Import Request.
  Time since last request: 0.000029 seconds.
  path: Assets/Erufyta/Azerilo/Car Model No.1201 Asset/Prefab
  artifactKey: Guid(52820fb3e74641b42bf77ea3dba7c445) Importer(2089858483,b0f066a214c2f5e87bad3c948f4d605d)
Start importing Assets/Erufyta/Azerilo/Car Model No.1201 Asset/Prefab using Guid(52820fb3e74641b42bf77ea3dba7c445) Importer(2089858483,b0f066a214c2f5e87bad3c948f4d605d) (ScriptedImporter) -> (artifact id: '85246799072c99462ac105a2304ff1e2') in 0.0508413 seconds
Number of updated asset objects reloaded before import = 0Number of asset objects unloaded after import = 1

========================================================================
Received Import Request.
  Time since last request: 0.000113 seconds.
  path: Assets/Erufyta/Azerilo/Car Model No.1201 Asset/Mesh/Materials/Tex_0058_0.mat
  artifactKey: Guid(feb709d059d9c35459f2b5646d024310) Importer(2089858483,b0f066a214c2f5e87bad3c948f4d605d)
Start importing Assets/Erufyta/Azerilo/Car Model No.1201 Asset/Mesh/Materials/Tex_0058_0.mat using Guid(feb709d059d9c35459f2b5646d024310) Importer(2089858483,b0f066a214c2f5e87bad3c948f4d605d) (ScriptedImporter) -> (artifact id: 'f12c55aa14a4c4fdc626db768496dcb0') in 0.0806695 seconds
Number of updated asset objects reloaded before import = 0Number of asset objects unloaded after import = 1

========================================================================
Received Import Request.
  Time since last request: 0.000080 seconds.
  path: Assets/Erufyta/Azerilo/Car Model No.1201 Asset/Mesh/Materials/blinn17.mat
  artifactKey: Guid(b82da7b737aae9042836619304e92905) Importer(2089858483,b0f066a214c2f5e87bad3c948f4d605d)
Start importing Assets/Erufyta/Azerilo/Car Model No.1201 Asset/Mesh/Materials/blinn17.mat using Guid(b82da7b737aae9042836619304e92905) Importer(2089858483,b0f066a214c2f5e87bad3c948f4d605d) (ScriptedImporter) -> (artifact id: '75216ac7a5af56659a078b1cfa0e7e9d') in 0.0832381 seconds
Number of updated asset objects reloaded before import = 0Number of asset objects unloaded after import = 1

========================================================================
Received Import Request.
  Time since last request: 0.000063 seconds.
  path: Assets/Erufyta/Azerilo/Car Model No.1201 Asset/Mesh/Materials/glass1.mat
  artifactKey: Guid(2f8deaab3387f9345ad2743e7c25de13) Importer(2089858483,b0f066a214c2f5e87bad3c948f4d605d)
Start importing Assets/Erufyta/Azerilo/Car Model No.1201 Asset/Mesh/Materials/glass1.mat using Guid(2f8deaab3387f9345ad2743e7c25de13) Importer(2089858483,b0f066a214c2f5e87bad3c948f4d605d) (ScriptedImporter) -> (artifact id: 'df18201162263215fdd54e3a73d343b9') in 0.063939 seconds
Number of updated asset objects reloaded before import = 0Number of asset objects unloaded after import = 1

========================================================================
Received Import Request.
  Time since last request: 0.000112 seconds.
  path: Assets/Erufyta/Azerilo/Car Model No.1201 Asset/Prefab/Car 4.prefab
  artifactKey: Guid(28e6efeab80060a44aeb418ac1f92bce) Importer(2089858483,b0f066a214c2f5e87bad3c948f4d605d)
Start importing Assets/Erufyta/Azerilo/Car Model No.1201 Asset/Prefab/Car 4.prefab using Guid(28e6efeab80060a44aeb418ac1f92bce) Importer(2089858483,b0f066a214c2f5e87bad3c948f4d605d) (ScriptedImporter) -> (artifact id: '6d3fc8bfac32a806aed5022a7acd20d7') in 0.1371069 seconds
Number of updated asset objects reloaded before import = 0Number of asset objects unloaded after import = 212

========================================================================
Received Import Request.
  Time since last request: 0.000299 seconds.
  path: Assets/Erufyta/Azerilo/Car Model No.1201 Asset/Material/BodyMat 3.mat
  artifactKey: Guid(2408c7077c3256541945bfb35ac03ca5) Importer(2089858483,b0f066a214c2f5e87bad3c948f4d605d)
Start importing Assets/Erufyta/Azerilo/Car Model No.1201 Asset/Material/BodyMat 3.mat using Guid(2408c7077c3256541945bfb35ac03ca5) Importer(2089858483,b0f066a214c2f5e87bad3c948f4d605d) (ScriptedImporter) -> (artifact id: 'f6fcd857b7bbbe4e3488e8f8a7f3481e') in 0.058339 seconds
Number of updated asset objects reloaded before import = 0Number of asset objects unloaded after import = 1

========================================================================
Received Import Request.
  Time since last request: 0.000485 seconds.
  path: Assets/Erufyta/Azerilo/Car Model No.1201 Asset/Material/TireMat.mat
  artifactKey: Guid(7bd837ab56783b44baa20d3e543a6342) Importer(2089858483,b0f066a214c2f5e87bad3c948f4d605d)
Start importing Assets/Erufyta/Azerilo/Car Model No.1201 Asset/Material/TireMat.mat using Guid(7bd837ab56783b44baa20d3e543a6342) Importer(2089858483,b0f066a214c2f5e87bad3c948f4d605d) (ScriptedImporter) -> (artifact id: '480607a63986a724778aeb8b23f6fdef') in 0.065981 seconds
Number of updated asset objects reloaded before import = 0Number of asset objects unloaded after import = 2

========================================================================
Received Import Request.
  Time since last request: 0.000045 seconds.
  path: Assets/Erufyta/AllSkyFree/Night MoonBurst/Night Moon BurstSettings.lighting
  artifactKey: Guid(d97b425c42fb94bd6b9c9ed101dc4078) Importer(2089858483,b0f066a214c2f5e87bad3c948f4d605d)
Start importing Assets/Erufyta/AllSkyFree/Night MoonBurst/Night Moon BurstSettings.lighting using Guid(d97b425c42fb94bd6b9c9ed101dc4078) Importer(2089858483,b0f066a214c2f5e87bad3c948f4d605d) (ScriptedImporter) -> (artifact id: '0b815c7da34afee091ed46593d234577') in 0.1144825 seconds
Number of updated asset objects reloaded before import = 0Number of asset objects unloaded after import = 1

========================================================================
Received Import Request.
  Time since last request: 0.000044 seconds.
  path: Assets/Erufyta/_TerrainAutoUpgrade/layer_GR_Moss1_ASGR_Moss1_N3d1cca0d6d0e9938.terrainlayer
  artifactKey: Guid(34595cede2e63ce4098df878289db7cf) Importer(2089858483,b0f066a214c2f5e87bad3c948f4d605d)
Start importing Assets/Erufyta/_TerrainAutoUpgrade/layer_GR_Moss1_ASGR_Moss1_N3d1cca0d6d0e9938.terrainlayer using Guid(34595cede2e63ce4098df878289db7cf) Importer(2089858483,b0f066a214c2f5e87bad3c948f4d605d) (ScriptedImporter) -> (artifact id: '6fb6fadc696595cd18a5f35a2ffe05fa') in 0.1077517 seconds
Number of updated asset objects reloaded before import = 0Number of asset objects unloaded after import = 3

========================================================================
Received Import Request.
  Time since last request: 0.000109 seconds.
  path: Assets/Erufyta/Azerilo/Car Model No.1201 Asset/Material/SeamsMat 2.mat
  artifactKey: Guid(7e00b4046bd2ca5429f90632d734feb9) Importer(2089858483,b0f066a214c2f5e87bad3c948f4d605d)
Start importing Assets/Erufyta/Azerilo/Car Model No.1201 Asset/Material/SeamsMat 2.mat using Guid(7e00b4046bd2ca5429f90632d734feb9) Importer(2089858483,b0f066a214c2f5e87bad3c948f4d605d) (ScriptedImporter) -> (artifact id: '3f38259a73d75c5248a3ed9f3c67d461') in 0.0627572 seconds
Number of updated asset objects reloaded before import = 0Number of asset objects unloaded after import = 1

========================================================================
Received Import Request.
  Time since last request: 0.000165 seconds.
  path: Assets/Erufyta/AllSkyFree/Night MoonBurst/AllSky_Night_MoonBurst Equirect.png
  artifactKey: Guid(34a763168147f4182a21b9fd004d67de) Importer(2089858483,b0f066a214c2f5e87bad3c948f4d605d)
Start importing Assets/Erufyta/AllSkyFree/Night MoonBurst/AllSky_Night_MoonBurst Equirect.png using Guid(34a763168147f4182a21b9fd004d67de) Importer(2089858483,b0f066a214c2f5e87bad3c948f4d605d) (ScriptedImporter) -> (artifact id: '7eecd466766772e29024102ff6dfb970') in 0.1800504 seconds
Number of updated asset objects reloaded before import = 0Number of asset objects unloaded after import = 1

========================================================================
Received Import Request.
  Time since last request: 0.000113 seconds.
  path: Assets/Erufyta/AllSkyFree/Night MoonBurst/Night Moon Burst_Cam_0_Front+Z.png
  artifactKey: Guid(6faf329ad7f5a4920bd3e23e4b000057) Importer(2089858483,b0f066a214c2f5e87bad3c948f4d605d)
Start importing Assets/Erufyta/AllSkyFree/Night MoonBurst/Night Moon Burst_Cam_0_Front+Z.png using Guid(6faf329ad7f5a4920bd3e23e4b000057) Importer(2089858483,b0f066a214c2f5e87bad3c948f4d605d) (ScriptedImporter) -> (artifact id: 'bb42c63dfda5702475be884b17a40ba5') in 0.0899512 seconds
Number of updated asset objects reloaded before import = 0Number of asset objects unloaded after import = 1

========================================================================
Received Import Request.
  Time since last request: 0.000047 seconds.
  path: Assets/Erufyta/Azerilo/Car Model No.1201 Asset/Mesh
  artifactKey: Guid(9986718c1509e0246880a2a2ac03e80e) Importer(2089858483,b0f066a214c2f5e87bad3c948f4d605d)
Start importing Assets/Erufyta/Azerilo/Car Model No.1201 Asset/Mesh using Guid(9986718c1509e0246880a2a2ac03e80e) Importer(2089858483,b0f066a214c2f5e87bad3c948f4d605d) (ScriptedImporter) -> (artifact id: '8465df9a30dd73d726fedb54d1049c09') in 0.0231922 seconds
Number of updated asset objects reloaded before import = 0Number of asset objects unloaded after import = 1

========================================================================
Received Import Request.
  Time since last request: 0.000124 seconds.
  path: Assets/Erufyta/Azerilo/Car Model No.1201 Asset/Material/BodyMat 5.mat
  artifactKey: Guid(4afaa452ef080cb498346d3bd5c7c110) Importer(2089858483,b0f066a214c2f5e87bad3c948f4d605d)
Start importing Assets/Erufyta/Azerilo/Car Model No.1201 Asset/Material/BodyMat 5.mat using Guid(4afaa452ef080cb498346d3bd5c7c110) Importer(2089858483,b0f066a214c2f5e87bad3c948f4d605d) (ScriptedImporter) -> (artifact id: '8721dd3c9ce032a94ada03dbbf7c9b4f') in 0.0648143 seconds
Number of updated asset objects reloaded before import = 0Number of asset objects unloaded after import = 1

========================================================================
Received Import Request.
  Time since last request: 0.000095 seconds.
  path: Assets/Erufyta/Azerilo/Car Model No.1201 Asset/Scene
  artifactKey: Guid(84ae88e7b65b77841b66559e196ffd7f) Importer(2089858483,b0f066a214c2f5e87bad3c948f4d605d)
Start importing Assets/Erufyta/Azerilo/Car Model No.1201 Asset/Scene using Guid(84ae88e7b65b77841b66559e196ffd7f) Importer(2089858483,b0f066a214c2f5e87bad3c948f4d605d) (ScriptedImporter) -> (artifact id: 'a7920dcab32500144def1237910f738c') in 0.046971 seconds
Number of updated asset objects reloaded before import = 0Number of asset objects unloaded after import = 1

========================================================================
Received Import Request.
  Time since last request: 0.000105 seconds.
  path: Assets/Erufyta/Azerilo/Car Model No.1201 Asset/Mesh/Materials/lambert19.mat
  artifactKey: Guid(4000a5228a1788c4285f9f7c9137b3ed) Importer(2089858483,b0f066a214c2f5e87bad3c948f4d605d)
Start importing Assets/Erufyta/Azerilo/Car Model No.1201 Asset/Mesh/Materials/lambert19.mat using Guid(4000a5228a1788c4285f9f7c9137b3ed) Importer(2089858483,b0f066a214c2f5e87bad3c948f4d605d) (ScriptedImporter) -> (artifact id: '898a19d89ca07b1465ec15b142e57986') in 0.0578642 seconds
Number of updated asset objects reloaded before import = 0Number of asset objects unloaded after import = 1

========================================================================
Received Import Request.
  Time since last request: 0.000083 seconds.
  path: Assets/Erufyta/Azerilo/Car Model No.1201 Asset/Material/SeamsMat 5.mat
  artifactKey: Guid(7dbe00169b441e64a9693d2ee7fcea42) Importer(2089858483,b0f066a214c2f5e87bad3c948f4d605d)
Start importing Assets/Erufyta/Azerilo/Car Model No.1201 Asset/Material/SeamsMat 5.mat using Guid(7dbe00169b441e64a9693d2ee7fcea42) Importer(2089858483,b0f066a214c2f5e87bad3c948f4d605d) (ScriptedImporter) -> (artifact id: '8d6489a2865ec150589b754ea13e431e') in 0.0468645 seconds
Number of updated asset objects reloaded before import = 0Number of asset objects unloaded after import = 1

========================================================================
Received Import Request.
  Time since last request: 0.000136 seconds.
  path: Assets/Erufyta/AllSkyFree/Night MoonBurst/Night Moon Burst_Cam_2_Left+X.png
  artifactKey: Guid(c35d875303c454b9a8acaae0f7800313) Importer(2089858483,b0f066a214c2f5e87bad3c948f4d605d)
Start importing Assets/Erufyta/AllSkyFree/Night MoonBurst/Night Moon Burst_Cam_2_Left+X.png using Guid(c35d875303c454b9a8acaae0f7800313) Importer(2089858483,b0f066a214c2f5e87bad3c948f4d605d) (ScriptedImporter) -> (artifact id: '1dd1be53651eac99e8138afa8fca538b') in 0.0853004 seconds
Number of updated asset objects reloaded before import = 0Number of asset objects unloaded after import = 1

========================================================================
Received Import Request.
  Time since last request: 0.000064 seconds.
  path: Assets/Erufyta/Azerilo/Car Model No.1201 Asset/Prefab/Car 5.prefab
  artifactKey: Guid(ed7795f4883cb97468521311f1be4e22) Importer(2089858483,b0f066a214c2f5e87bad3c948f4d605d)
Start importing Assets/Erufyta/Azerilo/Car Model No.1201 Asset/Prefab/Car 5.prefab using Guid(ed7795f4883cb97468521311f1be4e22) Importer(2089858483,b0f066a214c2f5e87bad3c948f4d605d) (ScriptedImporter) -> (artifact id: 'd05056d15e3a8e860a17ede6208774b4') in 0.1613592 seconds
Number of updated asset objects reloaded before import = 0Number of asset objects unloaded after import = 212

========================================================================
Received Import Request.
  Time since last request: 0.000080 seconds.
  path: Assets/Erufyta/Azerilo/Car Model No.1201 Asset/Prefab/Car 1.prefab
  artifactKey: Guid(8258fdccd226b584b8dc1c7ac1652db0) Importer(2089858483,b0f066a214c2f5e87bad3c948f4d605d)
Start importing Assets/Erufyta/Azerilo/Car Model No.1201 Asset/Prefab/Car 1.prefab using Guid(8258fdccd226b584b8dc1c7ac1652db0) Importer(2089858483,b0f066a214c2f5e87bad3c948f4d605d) (ScriptedImporter) -> (artifact id: '7c858793d8b9b60170fd11caa2aee1c1') in 0.1645319 seconds
Number of updated asset objects reloaded before import = 0Number of asset objects unloaded after import = 212

========================================================================
Received Import Request.
  Time since last request: 0.000055 seconds.
  path: Assets/Erufyta/Azerilo/Car Model No.1201 Asset/Material/SeamsMat 3.mat
  artifactKey: Guid(3f47f4d644d848c4aa8dce558daa5b85) Importer(2089858483,b0f066a214c2f5e87bad3c948f4d605d)
Start importing Assets/Erufyta/Azerilo/Car Model No.1201 Asset/Material/SeamsMat 3.mat using Guid(3f47f4d644d848c4aa8dce558daa5b85) Importer(2089858483,b0f066a214c2f5e87bad3c948f4d605d) (ScriptedImporter) -> (artifact id: '338da01e3faf2f80189b74c1808674e7') in 0.0603396 seconds
Number of updated asset objects reloaded before import = 0Number of asset objects unloaded after import = 1

========================================================================
Received Import Request.
  Time since last request: 0.000071 seconds.
  path: Assets/Erufyta/Azerilo/Car Model No.1201 Asset/Material/BrakeDiskMat.mat
  artifactKey: Guid(0e251483ebb79944099c5a40a8e232cd) Importer(2089858483,b0f066a214c2f5e87bad3c948f4d605d)
Start importing Assets/Erufyta/Azerilo/Car Model No.1201 Asset/Material/BrakeDiskMat.mat using Guid(0e251483ebb79944099c5a40a8e232cd) Importer(2089858483,b0f066a214c2f5e87bad3c948f4d605d) (ScriptedImporter) -> (artifact id: '38f30b573ff2bf3b5890003b378e9432') in 0.0370001 seconds
Number of updated asset objects reloaded before import = 0Number of asset objects unloaded after import = 2

========================================================================
Received Import Request.
  Time since last request: 0.000051 seconds.
  path: Assets/Erufyta/Azerilo/Car Model No.1201 Asset/Material/Texture/RearLightTexture.png
  artifactKey: Guid(1d2ff6dcbd431ea49a30a8a94ca8d2b6) Importer(2089858483,b0f066a214c2f5e87bad3c948f4d605d)
Start importing Assets/Erufyta/Azerilo/Car Model No.1201 Asset/Material/Texture/RearLightTexture.png using Guid(1d2ff6dcbd431ea49a30a8a94ca8d2b6) Importer(2089858483,b0f066a214c2f5e87bad3c948f4d605d) (ScriptedImporter) -> (artifact id: 'cfec5ad0e579e4b2c3b2dd4ed99749ba') in 0.0599872 seconds
Number of updated asset objects reloaded before import = 0Number of asset objects unloaded after import = 1

========================================================================
Received Import Request.
  Time since last request: 0.000067 seconds.
  path: Assets/Erufyta/Azerilo/Car Model No.1201 Asset/Mesh/Materials/tireTexture.mat
  artifactKey: Guid(26b6147b9dbe34b42bf937f88115f52e) Importer(2089858483,b0f066a214c2f5e87bad3c948f4d605d)
Start importing Assets/Erufyta/Azerilo/Car Model No.1201 Asset/Mesh/Materials/tireTexture.mat using Guid(26b6147b9dbe34b42bf937f88115f52e) Importer(2089858483,b0f066a214c2f5e87bad3c948f4d605d) (ScriptedImporter) -> (artifact id: '5ff05576324981a4cf0c8f2d0e38f8ec') in 0.0573939 seconds
Number of updated asset objects reloaded before import = 0Number of asset objects unloaded after import = 1

========================================================================
Received Import Request.
  Time since last request: 0.000094 seconds.
  path: Assets/Erufyta/Azerilo/Car Model No.1201 Asset/Material/BlacksMat.mat
  artifactKey: Guid(15ff4ba6789dd814a802a627b0fe38ca) Importer(2089858483,b0f066a214c2f5e87bad3c948f4d605d)
Start importing Assets/Erufyta/Azerilo/Car Model No.1201 Asset/Material/BlacksMat.mat using Guid(15ff4ba6789dd814a802a627b0fe38ca) Importer(2089858483,b0f066a214c2f5e87bad3c948f4d605d) (ScriptedImporter) -> (artifact id: '516825280fef1633838d496e261661d3') in 0.0511368 seconds
Number of updated asset objects reloaded before import = 0Number of asset objects unloaded after import = 1

========================================================================
Received Import Request.
  Time since last request: 0.000171 seconds.
  path: Assets/Erufyta/AllSkyFree/Night MoonBurst/Night Moon Burst_Cam_1_Back-Z.png
  artifactKey: Guid(88710d7f2a0fa4bfeacbf7045be893fc) Importer(2089858483,b0f066a214c2f5e87bad3c948f4d605d)
Start importing Assets/Erufyta/AllSkyFree/Night MoonBurst/Night Moon Burst_Cam_1_Back-Z.png using Guid(88710d7f2a0fa4bfeacbf7045be893fc) Importer(2089858483,b0f066a214c2f5e87bad3c948f4d605d) (ScriptedImporter) -> (artifact id: 'e13623dc4c16efed2ff83f405d83c668') in 0.0573022 seconds
Number of updated asset objects reloaded before import = 0Number of asset objects unloaded after import = 1

========================================================================
Received Import Request.
  Time since last request: 0.000072 seconds.
  path: Assets/Erufyta/Azerilo/Car Model No.1201 Asset/Material/SeamsMat 4.mat
  artifactKey: Guid(022f817192f82864a956f7ccd727ef3d) Importer(2089858483,b0f066a214c2f5e87bad3c948f4d605d)
Start importing Assets/Erufyta/Azerilo/Car Model No.1201 Asset/Material/SeamsMat 4.mat using Guid(022f817192f82864a956f7ccd727ef3d) Importer(2089858483,b0f066a214c2f5e87bad3c948f4d605d) (ScriptedImporter) -> (artifact id: '2a127dbeb4cc5a9893354481665b161d') in 0.0583235 seconds
Number of updated asset objects reloaded before import = 0Number of asset objects unloaded after import = 1

========================================================================
Received Import Request.
  Time since last request: 0.000117 seconds.
  path: Assets/Erufyta/AllSkyFree/Night MoonBurst/Night Moon Burst_Cam_4_Up+Y.png
  artifactKey: Guid(544d3cf87e24a464fa433d08257479d1) Importer(2089858483,b0f066a214c2f5e87bad3c948f4d605d)
Start importing Assets/Erufyta/AllSkyFree/Night MoonBurst/Night Moon Burst_Cam_4_Up+Y.png using Guid(544d3cf87e24a464fa433d08257479d1) Importer(2089858483,b0f066a214c2f5e87bad3c948f4d605d) (ScriptedImporter) -> (artifact id: '3d551bda2e2cec72f1cef84fb7433dd7') in 0.0667258 seconds
Number of updated asset objects reloaded before import = 0Number of asset objects unloaded after import = 1

========================================================================
Received Import Request.
  Time since last request: 0.000103 seconds.
  path: Assets/Erufyta/Azerilo/Car Model No.1201 Asset/Material/Texture/MainTexture.png
  artifactKey: Guid(f26f753c9777bd843af99543268e0b5d) Importer(2089858483,b0f066a214c2f5e87bad3c948f4d605d)
Start importing Assets/Erufyta/Azerilo/Car Model No.1201 Asset/Material/Texture/MainTexture.png using Guid(f26f753c9777bd843af99543268e0b5d) Importer(2089858483,b0f066a214c2f5e87bad3c948f4d605d) (ScriptedImporter) -> (artifact id: '1b7b409c40dc96975377bf90da64e85f') in 0.0698356 seconds
Number of updated asset objects reloaded before import = 0Number of asset objects unloaded after import = 1

========================================================================
Received Import Request.
  Time since last request: 0.000042 seconds.
  path: Assets/Erufyta/Azerilo/Car Model No.1201 Asset/Material/BodyMat 4.mat
  artifactKey: Guid(a4e6922f48c28e645b166a6e87c82b19) Importer(2089858483,b0f066a214c2f5e87bad3c948f4d605d)
Start importing Assets/Erufyta/Azerilo/Car Model No.1201 Asset/Material/BodyMat 4.mat using Guid(a4e6922f48c28e645b166a6e87c82b19) Importer(2089858483,b0f066a214c2f5e87bad3c948f4d605d) (ScriptedImporter) -> (artifact id: '6eade53d13c97e0bb658d39a8e2d8d9e') in 0.0313679 seconds
Number of updated asset objects reloaded before import = 0Number of asset objects unloaded after import = 1

========================================================================
Received Import Request.
  Time since last request: 583.894249 seconds.
  path: Assets/Erufyta/Polytope Studio/Lowpoly_Environments/Prefabs/Rocks
  artifactKey: Guid(c074246cbfde8eb4bb1b1203417f3bf2) Importer(2089858483,b0f066a214c2f5e87bad3c948f4d605d)
Start importing Assets/Erufyta/Polytope Studio/Lowpoly_Environments/Prefabs/Rocks using Guid(c074246cbfde8eb4bb1b1203417f3bf2) Importer(2089858483,b0f066a214c2f5e87bad3c948f4d605d) (ScriptedImporter) -> (artifact id: 'efb704b2f93355c22e74ce4f3b6f223d') in 0.047439 seconds
Number of updated asset objects reloaded before import = 0Number of asset objects unloaded after import = 1

========================================================================
Received Import Request.
  Time since last request: 0.000154 seconds.
  path: Assets/Erufyta/Polytope Studio/Lowpoly_Environments/Sources/Textures/PT_Ground_Grass_Green_01.png
  artifactKey: Guid(8c75ba30e5f76df4fb30725e4c9bf38a) Importer(2089858483,b0f066a214c2f5e87bad3c948f4d605d)
Start importing Assets/Erufyta/Polytope Studio/Lowpoly_Environments/Sources/Textures/PT_Ground_Grass_Green_01.png using Guid(8c75ba30e5f76df4fb30725e4c9bf38a) Importer(2089858483,b0f066a214c2f5e87bad3c948f4d605d) (ScriptedImporter) -> (artifact id: '564d08c7e9dfe930f72f47a7cfd78694') in 0.0563118 seconds
Number of updated asset objects reloaded before import = 0Number of asset objects unloaded after import = 1

========================================================================
Received Import Request.
  Time since last request: 0.000048 seconds.
  path: Assets/Erufyta/Polytope Studio/Lowpoly_Environments/Sources/Textures/PT_Mushrooms_01.png
  artifactKey: Guid(9a9ed1d4f54a1ce4a9331c6a1a926976) Importer(2089858483,b0f066a214c2f5e87bad3c948f4d605d)
Start importing Assets/Erufyta/Polytope Studio/Lowpoly_Environments/Sources/Textures/PT_Mushrooms_01.png using Guid(9a9ed1d4f54a1ce4a9331c6a1a926976) Importer(2089858483,b0f066a214c2f5e87bad3c948f4d605d) (ScriptedImporter) -> (artifact id: 'd3dda0e389daeff7379b634f5594722a') in 0.0536774 seconds
Number of updated asset objects reloaded before import = 0Number of asset objects unloaded after import = 1

========================================================================
Received Import Request.
  Time since last request: 0.000239 seconds.
  path: Assets/Erufyta/Polytope Studio/Lowpoly_Village/Sources/Materials
  artifactKey: Guid(15516ce43a134df489bc4818fe4f56a0) Importer(2089858483,b0f066a214c2f5e87bad3c948f4d605d)
Start importing Assets/Erufyta/Polytope Studio/Lowpoly_Village/Sources/Materials using Guid(15516ce43a134df489bc4818fe4f56a0) Importer(2089858483,b0f066a214c2f5e87bad3c948f4d605d) (ScriptedImporter) -> (artifact id: '7612291dc305f5696990a9d460040a12') in 0.0374675 seconds
Number of updated asset objects reloaded before import = 0Number of asset objects unloaded after import = 1

========================================================================
Received Import Request.
  Time since last request: 0.000048 seconds.
  path: Assets/Erufyta/Polytope Studio/Lowpoly_Environments/Sources/Materials/PT_Generic_Tree_Leaves_mat.mat
  artifactKey: Guid(066ded06e6a8eb240893ea7b8efb66b4) Importer(2089858483,b0f066a214c2f5e87bad3c948f4d605d)
Start importing Assets/Erufyta/Polytope Studio/Lowpoly_Environments/Sources/Materials/PT_Generic_Tree_Leaves_mat.mat using Guid(066ded06e6a8eb240893ea7b8efb66b4) Importer(2089858483,b0f066a214c2f5e87bad3c948f4d605d) (ScriptedImporter) -> (artifact id: '6293ac465a7c6464d000cfbb3686e00a') in 0.0821014 seconds
Number of updated asset objects reloaded before import = 0Number of asset objects unloaded after import = 2

========================================================================
Received Import Request.
  Time since last request: 0.000028 seconds.
  path: Assets/Erufyta/Polytope Studio
  artifactKey: Guid(115939fafdaab3542ac9de578833169e) Importer(2089858483,b0f066a214c2f5e87bad3c948f4d605d)
Start importing Assets/Erufyta/Polytope Studio using Guid(115939fafdaab3542ac9de578833169e) Importer(2089858483,b0f066a214c2f5e87bad3c948f4d605d) (ScriptedImporter) -> (artifact id: 'eedd7f9ef93602967115d99f3d7d6751') in 0.0318463 seconds
Number of updated asset objects reloaded before import = 0Number of asset objects unloaded after import = 1

========================================================================
Received Import Request.
  Time since last request: 0.000029 seconds.
  path: Assets/Erufyta/Polytope Studio/Lowpoly_Environments/Sources/Meshes/Trees/PT_Fruit_Tree_01_plums.fbx
  artifactKey: Guid(0ef9f3b550a8ffd40ab0be1ae6034fe1) Importer(2089858483,b0f066a214c2f5e87bad3c948f4d605d)
Start importing Assets/Erufyta/Polytope Studio/Lowpoly_Environments/Sources/Meshes/Trees/PT_Fruit_Tree_01_plums.fbx using Guid(0ef9f3b550a8ffd40ab0be1ae6034fe1) Importer(2089858483,b0f066a214c2f5e87bad3c948f4d605d) (ScriptedImporter) -> (artifact id: 'e0ff9027339c3d42e9c8452a73158edf') in 1.5983841 seconds
Number of updated asset objects reloaded before import = 0Number of asset objects unloaded after import = 20

========================================================================
Received Import Request.
  Time since last request: 0.000066 seconds.
  path: Assets/Erufyta/Polytope Studio/Lowpoly_Environments/Prefabs/Trees
  artifactKey: Guid(e4243f8d0fc95cf46b99b24ef7a05c79) Importer(2089858483,b0f066a214c2f5e87bad3c948f4d605d)
Start importing Assets/Erufyta/Polytope Studio/Lowpoly_Environments/Prefabs/Trees using Guid(e4243f8d0fc95cf46b99b24ef7a05c79) Importer(2089858483,b0f066a214c2f5e87bad3c948f4d605d) (ScriptedImporter) -> (artifact id: 'd7dfe78e478a634476f0245268fb3d98') in 0.0482141 seconds
Number of updated asset objects reloaded before import = 0Number of asset objects unloaded after import = 1

========================================================================
Received Import Request.
  Time since last request: 0.000036 seconds.
  path: Assets/Erufyta/Polytope Studio/Lowpoly_Environments/Prefabs/Shrubs/PT_Generic_Shrub_01_dead.prefab
  artifactKey: Guid(8cf2966042f7c2f44ac97cda7cc59eff) Importer(2089858483,b0f066a214c2f5e87bad3c948f4d605d)
Start importing Assets/Erufyta/Polytope Studio/Lowpoly_Environments/Prefabs/Shrubs/PT_Generic_Shrub_01_dead.prefab using Guid(8cf2966042f7c2f44ac97cda7cc59eff) Importer(2089858483,b0f066a214c2f5e87bad3c948f4d605d) (ScriptedImporter) -> (artifact id: '6d713213ead08b9b58d62a46efe6e000') in 0.0681102 seconds
Number of updated asset objects reloaded before import = 0Number of asset objects unloaded after import = 20

========================================================================
Received Import Request.
  Time since last request: 0.000056 seconds.
  path: Assets/Erufyta/Polytope Studio/Lowpoly_Environments/Sources/Meshes/Rocks
  artifactKey: Guid(710655db3a8505840bbf816762a7887b) Importer(2089858483,b0f066a214c2f5e87bad3c948f4d605d)
Start importing Assets/Erufyta/Polytope Studio/Lowpoly_Environments/Sources/Meshes/Rocks using Guid(710655db3a8505840bbf816762a7887b) Importer(2089858483,b0f066a214c2f5e87bad3c948f4d605d) (ScriptedImporter) -> (artifact id: '6bdf162382fbcc64fef7ce8a77c638bb') in 0.0437785 seconds
Number of updated asset objects reloaded before import = 0Number of asset objects unloaded after import = 1

========================================================================
Received Import Request.
  Time since last request: 0.000037 seconds.
  path: Assets/Erufyta/Polytope Studio/Lowpoly_Environments/Sources/Meshes/Trees
  artifactKey: Guid(759f0621eee5d054190312b280f3d0ef) Importer(2089858483,b0f066a214c2f5e87bad3c948f4d605d)
Start importing Assets/Erufyta/Polytope Studio/Lowpoly_Environments/Sources/Meshes/Trees using Guid(759f0621eee5d054190312b280f3d0ef) Importer(2089858483,b0f066a214c2f5e87bad3c948f4d605d) (ScriptedImporter) -> (artifact id: 'c465717888b9c12a3515c37661695b10') in 0.0277202 seconds
Number of updated asset objects reloaded before import = 0Number of asset objects unloaded after import = 1

========================================================================
Received Import Request.
  Time since last request: 0.000110 seconds.
  path: Assets/Erufyta/Polytope Studio/Lowpoly_Environments/Sources/Materials/PT_Poppy_mat.mat
  artifactKey: Guid(67c85a5a0248e2a4a98e653c8e7eeb9e) Importer(2089858483,b0f066a214c2f5e87bad3c948f4d605d)
Start importing Assets/Erufyta/Polytope Studio/Lowpoly_Environments/Sources/Materials/PT_Poppy_mat.mat using Guid(67c85a5a0248e2a4a98e653c8e7eeb9e) Importer(2089858483,b0f066a214c2f5e87bad3c948f4d605d) (ScriptedImporter) -> (artifact id: 'ff00864ade034f4a75c538582ebda6a8') in 0.1513891 seconds
Number of updated asset objects reloaded before import = 0Number of asset objects unloaded after import = 2

========================================================================
Received Import Request.
  Time since last request: 0.000103 seconds.
  path: Assets/Erufyta/Polytope Studio/Lowpoly_Environments/Prefabs/Trees/PT_Fruit_Tree_01_green_cut.prefab
  artifactKey: Guid(c0fdfdeafe3a1404a8766f946dd531d0) Importer(2089858483,b0f066a214c2f5e87bad3c948f4d605d)
Start importing Assets/Erufyta/Polytope Studio/Lowpoly_Environments/Prefabs/Trees/PT_Fruit_Tree_01_green_cut.prefab using Guid(c0fdfdeafe3a1404a8766f946dd531d0) Importer(2089858483,b0f066a214c2f5e87bad3c948f4d605d) (ScriptedImporter) -> (artifact id: '4c80cff9ea5b9df13ecb7ff13a14b71b') in 0.1548798 seconds
Number of updated asset objects reloaded before import = 0Number of asset objects unloaded after import = 9

========================================================================
Received Import Request.
  Time since last request: 0.000142 seconds.
  path: Assets/Erufyta/Polytope Studio/Lowpoly_Environments/Sources/Textures/PT_Grass_High_01.png
  artifactKey: Guid(b458cb1c79cb9894196830046f2621fa) Importer(2089858483,b0f066a214c2f5e87bad3c948f4d605d)
Start importing Assets/Erufyta/Polytope Studio/Lowpoly_Environments/Sources/Textures/PT_Grass_High_01.png using Guid(b458cb1c79cb9894196830046f2621fa) Importer(2089858483,b0f066a214c2f5e87bad3c948f4d605d) (ScriptedImporter) -> (artifact id: 'a04dd603b0918b7a3c8e71d9eae4e4b6') in 0.1123273 seconds
Number of updated asset objects reloaded before import = 0Number of asset objects unloaded after import = 1

========================================================================
Received Import Request.
  Time since last request: 0.000265 seconds.
  path: Assets/Erufyta/Polytope Studio/Lowpoly_Environments/Prefabs/Trees/PT_Fruit_Tree_01_dead_cut.prefab
  artifactKey: Guid(66d0615cc71cd48408b75ff3f99c97af) Importer(2089858483,b0f066a214c2f5e87bad3c948f4d605d)
Start importing Assets/Erufyta/Polytope Studio/Lowpoly_Environments/Prefabs/Trees/PT_Fruit_Tree_01_dead_cut.prefab using Guid(66d0615cc71cd48408b75ff3f99c97af) Importer(2089858483,b0f066a214c2f5e87bad3c948f4d605d) (ScriptedImporter) -> (artifact id: '3b39a0640064ddee0559a1b3e27c7de0') in 0.0811555 seconds
Number of updated asset objects reloaded before import = 0Number of asset objects unloaded after import = 8

========================================================================
Received Import Request.
  Time since last request: 0.000171 seconds.
  path: Assets/Erufyta/Polytope Studio/Lowpoly_Environments/Prefabs/Trees/PT_Fruit_Tree_01_green.prefab
  artifactKey: Guid(c31bf8ec8e29cd74f9fb9a970fde7a53) Importer(2089858483,b0f066a214c2f5e87bad3c948f4d605d)
Start importing Assets/Erufyta/Polytope Studio/Lowpoly_Environments/Prefabs/Trees/PT_Fruit_Tree_01_green.prefab using Guid(c31bf8ec8e29cd74f9fb9a970fde7a53) Importer(2089858483,b0f066a214c2f5e87bad3c948f4d605d) (ScriptedImporter) -> (artifact id: 'eb05434565271854955e17090c5b29e4') in 0.0623071 seconds
Number of updated asset objects reloaded before import = 0Number of asset objects unloaded after import = 20

========================================================================
Received Import Request.
  Time since last request: 0.000145 seconds.
  path: Assets/Erufyta/Polytope Studio/Lowpoly_Village/Prefabs/Modular/Fence/PT_Modular_Fence_Wood_01.prefab
  artifactKey: Guid(21a364ddeffc797439f2a5721660b0e6) Importer(2089858483,b0f066a214c2f5e87bad3c948f4d605d)
Start importing Assets/Erufyta/Polytope Studio/Lowpoly_Village/Prefabs/Modular/Fence/PT_Modular_Fence_Wood_01.prefab using Guid(21a364ddeffc797439f2a5721660b0e6) Importer(2089858483,b0f066a214c2f5e87bad3c948f4d605d) (ScriptedImporter) -> (artifact id: '815ff65eeb5416fb5022dfd2890be34d') in 0.1605205 seconds
Number of updated asset objects reloaded before import = 0Number of asset objects unloaded after import = 9

========================================================================
Received Import Request.
  Time since last request: 0.000062 seconds.
  path: Assets/Erufyta/Polytope Studio/Lowpoly_Village/Sources/Materials/PT_mat.mat
  artifactKey: Guid(56532089e45dbc1479865e115cc8c637) Importer(2089858483,b0f066a214c2f5e87bad3c948f4d605d)
Start importing Assets/Erufyta/Polytope Studio/Lowpoly_Village/Sources/Materials/PT_mat.mat using Guid(56532089e45dbc1479865e115cc8c637) Importer(2089858483,b0f066a214c2f5e87bad3c948f4d605d) (ScriptedImporter) -> (artifact id: '2ac46ea294b72a92c59cfa34aac65828') in 0.0412182 seconds
Number of updated asset objects reloaded before import = 0Number of asset objects unloaded after import = 2

========================================================================
Received Import Request.
  Time since last request: 0.000090 seconds.
  path: Assets/Erufyta/Polytope Studio/Lowpoly_Environments/Sources/Materials/PT_Rocks_mat.mat
  artifactKey: Guid(93415edde47040648869ae6638d33ced) Importer(2089858483,b0f066a214c2f5e87bad3c948f4d605d)
Start importing Assets/Erufyta/Polytope Studio/Lowpoly_Environments/Sources/Materials/PT_Rocks_mat.mat using Guid(93415edde47040648869ae6638d33ced) Importer(2089858483,b0f066a214c2f5e87bad3c948f4d605d) (ScriptedImporter) -> (artifact id: 'a7dfb79f43c96bd9302204f7e23fdbd7') in 0.1598058 seconds
Number of updated asset objects reloaded before import = 0Number of asset objects unloaded after import = 3

========================================================================
Received Import Request.
  Time since last request: 0.000077 seconds.
  path: Assets/Erufyta/Polytope Studio/Lowpoly_Environments/Sources/Textures/PT_Ground_Generic_03.png
  artifactKey: Guid(e0b09c625cee17a48b22b2cf949cd320) Importer(2089858483,b0f066a214c2f5e87bad3c948f4d605d)
Start importing Assets/Erufyta/Polytope Studio/Lowpoly_Environments/Sources/Textures/PT_Ground_Generic_03.png using Guid(e0b09c625cee17a48b22b2cf949cd320) Importer(2089858483,b0f066a214c2f5e87bad3c948f4d605d) (ScriptedImporter) -> (artifact id: '5780abe7877f3afff4fd551516aa320b') in 0.1041428 seconds
Number of updated asset objects reloaded before import = 0Number of asset objects unloaded after import = 1

========================================================================
Received Import Request.
  Time since last request: 0.000070 seconds.
  path: Assets/Erufyta/Polytope Studio/Lowpoly_Village/Sources/Textures
  artifactKey: Guid(23d085a7de850f946becfd79d8937027) Importer(2089858483,b0f066a214c2f5e87bad3c948f4d605d)
Start importing Assets/Erufyta/Polytope Studio/Lowpoly_Village/Sources/Textures using Guid(23d085a7de850f946becfd79d8937027) Importer(2089858483,b0f066a214c2f5e87bad3c948f4d605d) (ScriptedImporter) -> (artifact id: 'f4c522b0e35ac1c42cbd18565c2ec2d4') in 0.0621805 seconds
Number of updated asset objects reloaded before import = 0Number of asset objects unloaded after import = 1

========================================================================
Received Import Request.
  Time since last request: 0.000037 seconds.
  path: Assets/Erufyta/Polytope Studio/Lowpoly_Environments/URP/PT_Nature_Free_URP_12.unitypackage
  artifactKey: Guid(194ffb9f0c5b86f4aaa6ac1ef3ade1ed) Importer(2089858483,b0f066a214c2f5e87bad3c948f4d605d)
Start importing Assets/Erufyta/Polytope Studio/Lowpoly_Environments/URP/PT_Nature_Free_URP_12.unitypackage using Guid(194ffb9f0c5b86f4aaa6ac1ef3ade1ed) Importer(2089858483,b0f066a214c2f5e87bad3c948f4d605d) (ScriptedImporter) -> (artifact id: 'a8dd10a0116c58cfec5578ffcea4903d') in 0.0357297 seconds
Number of updated asset objects reloaded before import = 0Number of asset objects unloaded after import = 1

========================================================================
Received Import Request.
  Time since last request: 0.000082 seconds.
  path: Assets/Erufyta/Polytope Studio/Lowpoly_Village/Sources/Materials/PT_Buildings_mat.mat
  artifactKey: Guid(d55b08511377b684395dab1b9fba6a16) Importer(2089858483,b0f066a214c2f5e87bad3c948f4d605d)
Start importing Assets/Erufyta/Polytope Studio/Lowpoly_Village/Sources/Materials/PT_Buildings_mat.mat using Guid(d55b08511377b684395dab1b9fba6a16) Importer(2089858483,b0f066a214c2f5e87bad3c948f4d605d) (ScriptedImporter) -> (artifact id: '754b36b093fcb6f1bdea5590946d7b79') in 0.1529129 seconds
Number of updated asset objects reloaded before import = 0Number of asset objects unloaded after import = 3

========================================================================
Received Import Request.
  Time since last request: 0.000040 seconds.
  path: Assets/Erufyta/Polytope Studio/Lowpoly_Environments/Sources/Meshes/Trees/PT_Fruit_Tree_01_stump.fbx
  artifactKey: Guid(f42a2ed0c78e45643bba339ed33235d4) Importer(2089858483,b0f066a214c2f5e87bad3c948f4d605d)
Start importing Assets/Erufyta/Polytope Studio/Lowpoly_Environments/Sources/Meshes/Trees/PT_Fruit_Tree_01_stump.fbx using Guid(f42a2ed0c78e45643bba339ed33235d4) Importer(2089858483,b0f066a214c2f5e87bad3c948f4d605d) (ScriptedImporter) -> (artifact id: '761d4753841bfdb93857c61f375df4f3') in 0.0687068 seconds
Number of updated asset objects reloaded before import = 0Number of asset objects unloaded after import = 8

========================================================================
Received Import Request.
  Time since last request: 0.000116 seconds.
  path: Assets/Erufyta/Polytope Studio/Lowpoly_Village/Prefabs/Modular/Fence/PT_Modular_Gate_Wood_01.prefab
  artifactKey: Guid(5db93e6325024c749aa2663b9998053d) Importer(2089858483,b0f066a214c2f5e87bad3c948f4d605d)
Start importing Assets/Erufyta/Polytope Studio/Lowpoly_Village/Prefabs/Modular/Fence/PT_Modular_Gate_Wood_01.prefab using Guid(5db93e6325024c749aa2663b9998053d) Importer(2089858483,b0f066a214c2f5e87bad3c948f4d605d) (ScriptedImporter) -> (artifact id: 'abd64bb34163f4ce09966c7dbe99a236') in 0.0788384 seconds
Number of updated asset objects reloaded before import = 0Number of asset objects unloaded after import = 22

========================================================================
Received Import Request.
  Time since last request: 0.000428 seconds.
  path: Assets/Erufyta/Polytope Studio/Lowpoly_Environments/Sources/Meshes/Trees/PT_Pine_Tree_03_green_cut.fbx
  artifactKey: Guid(2a5e649cde00dd847885c694eb77f1fb) Importer(2089858483,b0f066a214c2f5e87bad3c948f4d605d)
Start importing Assets/Erufyta/Polytope Studio/Lowpoly_Environments/Sources/Meshes/Trees/PT_Pine_Tree_03_green_cut.fbx using Guid(2a5e649cde00dd847885c694eb77f1fb) Importer(2089858483,b0f066a214c2f5e87bad3c948f4d605d) (ScriptedImporter) -> (artifact id: '80e4d17dd7c2a1c2c72d40664eb725bc') in 0.0896123 seconds
Number of updated asset objects reloaded before import = 0Number of asset objects unloaded after import = 9

========================================================================
Received Import Request.
  Time since last request: 0.000067 seconds.
  path: Assets/Erufyta/Polytope Studio/Lowpoly_Environments/URP/PT_Nature_Free_URP_16.unitypackage
  artifactKey: Guid(ac56f8aebac30674489c8b5741b0489a) Importer(2089858483,b0f066a214c2f5e87bad3c948f4d605d)
Start importing Assets/Erufyta/Polytope Studio/Lowpoly_Environments/URP/PT_Nature_Free_URP_16.unitypackage using Guid(ac56f8aebac30674489c8b5741b0489a) Importer(2089858483,b0f066a214c2f5e87bad3c948f4d605d) (ScriptedImporter) -> (artifact id: '7b936b606b0a3bc339641b85b44650ae') in 0.0286149 seconds
Number of updated asset objects reloaded before import = 0Number of asset objects unloaded after import = 1

========================================================================
Received Import Request.
  Time since last request: 0.000167 seconds.
  path: Assets/Erufyta/Polytope Studio/Lowpoly_Environments/Prefabs/Trees/PT_Pine_Tree_03_green.prefab
  artifactKey: Guid(d250af4848f51154f9a2bf6a85b60ac2) Importer(2089858483,b0f066a214c2f5e87bad3c948f4d605d)
Start importing Assets/Erufyta/Polytope Studio/Lowpoly_Environments/Prefabs/Trees/PT_Pine_Tree_03_green.prefab using Guid(d250af4848f51154f9a2bf6a85b60ac2) Importer(2089858483,b0f066a214c2f5e87bad3c948f4d605d) (ScriptedImporter) -> (artifact id: '87978c6fb77dfc63113e4d4b9b777215') in 0.0512365 seconds
Number of updated asset objects reloaded before import = 0Number of asset objects unloaded after import = 21

========================================================================
Received Import Request.
  Time since last request: 0.000068 seconds.
  path: Assets/Erufyta/Polytope Studio/Lowpoly_Environments/URP/PT_Nature_Free_URP_14.unitypackage
  artifactKey: Guid(713ea1b84c2a9fc4d8c7f695ca916c8b) Importer(2089858483,b0f066a214c2f5e87bad3c948f4d605d)
Start importing Assets/Erufyta/Polytope Studio/Lowpoly_Environments/URP/PT_Nature_Free_URP_14.unitypackage using Guid(713ea1b84c2a9fc4d8c7f695ca916c8b) Importer(2089858483,b0f066a214c2f5e87bad3c948f4d605d) (ScriptedImporter) -> (artifact id: 'ccc52d333fa23a2880b3c4a20ab1313d') in 0.0539891 seconds
Number of updated asset objects reloaded before import = 0Number of asset objects unloaded after import = 1

========================================================================
Received Import Request.
  Time since last request: 0.000078 seconds.
  path: Assets/Erufyta/Polytope Studio/Lowpoly_Environments/Prefabs/Flowers
  artifactKey: Guid(1090dcf46ca02864fb89494b948e45c7) Importer(2089858483,b0f066a214c2f5e87bad3c948f4d605d)
Start importing Assets/Erufyta/Polytope Studio/Lowpoly_Environments/Prefabs/Flowers using Guid(1090dcf46ca02864fb89494b948e45c7) Importer(2089858483,b0f066a214c2f5e87bad3c948f4d605d) (ScriptedImporter) -> (artifact id: 'e8ba2b70d3252ccd7bb9aeae2fc80122') in 0.0344605 seconds
Number of updated asset objects reloaded before import = 0Number of asset objects unloaded after import = 1

========================================================================
Received Import Request.
  Time since last request: 0.000090 seconds.
  path: Assets/Erufyta/Polytope Studio/Lowpoly_Village/Prefabs
  artifactKey: Guid(46df1f2d8eb22a64fb03812d24ea1ffd) Importer(2089858483,b0f066a214c2f5e87bad3c948f4d605d)
Start importing Assets/Erufyta/Polytope Studio/Lowpoly_Village/Prefabs using Guid(46df1f2d8eb22a64fb03812d24ea1ffd) Importer(2089858483,b0f066a214c2f5e87bad3c948f4d605d) (ScriptedImporter) -> (artifact id: 'ff84bf0f85bd6049cb3b432f04930d46') in 0.0336561 seconds
Number of updated asset objects reloaded before import = 0Number of asset objects unloaded after import = 1

========================================================================
Received Import Request.
  Time since last request: 0.001441 seconds.
  path: Assets/Erufyta/Polytope Studio/Lowpoly_Environments/Sources/Shaders/PT_Rock_Shader.shader
  artifactKey: Guid(cd18bd550ff6630468660d0150eed511) Importer(2089858483,b0f066a214c2f5e87bad3c948f4d605d)
Start importing Assets/Erufyta/Polytope Studio/Lowpoly_Environments/Sources/Shaders/PT_Rock_Shader.shader using Guid(cd18bd550ff6630468660d0150eed511) Importer(2089858483,b0f066a214c2f5e87bad3c948f4d605d) (ScriptedImporter) -> (artifact id: 'c6ea1d84623bc9098426090d2d282049') in 0.0985194 seconds
Number of updated asset objects reloaded before import = 0Number of asset objects unloaded after import = 1

========================================================================
Received Import Request.
  Time since last request: 0.000249 seconds.
  path: Assets/Erufyta/Polytope Studio/Lowpoly_Village/Sources/Shaders/PT_Buildings_Glass_PBR.shader
  artifactKey: Guid(21227b39e56cdf547b03504ab8fc3047) Importer(2089858483,b0f066a214c2f5e87bad3c948f4d605d)
Start importing Assets/Erufyta/Polytope Studio/Lowpoly_Village/Sources/Shaders/PT_Buildings_Glass_PBR.shader using Guid(21227b39e56cdf547b03504ab8fc3047) Importer(2089858483,b0f066a214c2f5e87bad3c948f4d605d) (ScriptedImporter) -> (artifact id: '0e843e2978704957cb82dce1792f6e3f') in 0.0595895 seconds
Number of updated asset objects reloaded before import = 0Number of asset objects unloaded after import = 1

========================================================================
Received Import Request.
  Time since last request: 0.000225 seconds.
  path: Assets/Erufyta/Polytope Studio/Lowpoly_Environments/Sources/Materials/PT_Mushrooms_mat.mat
  artifactKey: Guid(c522ec7c62be0c145bc320ad11705a67) Importer(2089858483,b0f066a214c2f5e87bad3c948f4d605d)
Start importing Assets/Erufyta/Polytope Studio/Lowpoly_Environments/Sources/Materials/PT_Mushrooms_mat.mat using Guid(c522ec7c62be0c145bc320ad11705a67) Importer(2089858483,b0f066a214c2f5e87bad3c948f4d605d) (ScriptedImporter) -> (artifact id: 'e25bccd21ff6a05afa0525c173d562ee') in 0.0534169 seconds
Number of updated asset objects reloaded before import = 0Number of asset objects unloaded after import = 2

========================================================================
Received Import Request.
  Time since last request: 0.000118 seconds.
  path: Assets/Erufyta/Polytope Studio/Lowpoly_Village/Sources/Textures/PT_Medieval_Buildings_Texture_Mask_01.png
  artifactKey: Guid(c91055552562c3941a1c318e8d5bc5c5) Importer(2089858483,b0f066a214c2f5e87bad3c948f4d605d)
Start importing Assets/Erufyta/Polytope Studio/Lowpoly_Village/Sources/Textures/PT_Medieval_Buildings_Texture_Mask_01.png using Guid(c91055552562c3941a1c318e8d5bc5c5) Importer(2089858483,b0f066a214c2f5e87bad3c948f4d605d) (ScriptedImporter) -> (artifact id: '8b6aaf84655d741e8b28ca9b2d80cb16') in 0.0444798 seconds
Number of updated asset objects reloaded before import = 0Number of asset objects unloaded after import = 1

========================================================================
Received Import Request.
  Time since last request: 0.000123 seconds.
  path: Assets/Erufyta/Polytope Studio/Lowpoly_Environments/Sources/Meshes/Trees/PT_Fruit_Tree_01_pears.fbx
  artifactKey: Guid(ab5654911e4a8494190af9551d81ea81) Importer(2089858483,b0f066a214c2f5e87bad3c948f4d605d)
Start importing Assets/Erufyta/Polytope Studio/Lowpoly_Environments/Sources/Meshes/Trees/PT_Fruit_Tree_01_pears.fbx using Guid(ab5654911e4a8494190af9551d81ea81) Importer(2089858483,b0f066a214c2f5e87bad3c948f4d605d) (ScriptedImporter) -> (artifact id: '0a9d3212c08f40313f6ffa5a1d42038c') in 0.062542 seconds
Number of updated asset objects reloaded before import = 0Number of asset objects unloaded after import = 20

========================================================================
Received Import Request.
  Time since last request: 0.000053 seconds.
  path: Assets/Erufyta/Polytope Studio/Lowpoly_Environments/Sources/Shaders/PT_Vegetation_Plants_Shader.shader
  artifactKey: Guid(233be0623027421449b81f7423abaf79) Importer(2089858483,b0f066a214c2f5e87bad3c948f4d605d)
Start importing Assets/Erufyta/Polytope Studio/Lowpoly_Environments/Sources/Shaders/PT_Vegetation_Plants_Shader.shader using Guid(233be0623027421449b81f7423abaf79) Importer(2089858483,b0f066a214c2f5e87bad3c948f4d605d) (ScriptedImporter) -> (artifact id: '156d6f72e79ab0005a2ae8e349f70221') in 0.0664673 seconds
Number of updated asset objects reloaded before import = 0Number of asset objects unloaded after import = 1

========================================================================
Received Import Request.
  Time since last request: 0.000057 seconds.
  path: Assets/Erufyta/Polytope Studio/Lowpoly_Village
  artifactKey: Guid(9c4cb87f53ebd5c468c413df16c5ea33) Importer(2089858483,b0f066a214c2f5e87bad3c948f4d605d)
Start importing Assets/Erufyta/Polytope Studio/Lowpoly_Village using Guid(9c4cb87f53ebd5c468c413df16c5ea33) Importer(2089858483,b0f066a214c2f5e87bad3c948f4d605d) (ScriptedImporter) -> (artifact id: '1bf7876eb129dde262ca69ca7654510f') in 0.047002 seconds
Number of updated asset objects reloaded before import = 0Number of asset objects unloaded after import = 1

========================================================================
Received Import Request.
  Time since last request: 0.000057 seconds.
  path: Assets/Erufyta/Polytope Studio/Lowpoly_Village/Prefabs/Modular/Bridge
  artifactKey: Guid(f479e3fca277d3f43b3b0aaead6d1ed0) Importer(2089858483,b0f066a214c2f5e87bad3c948f4d605d)
Start importing Assets/Erufyta/Polytope Studio/Lowpoly_Village/Prefabs/Modular/Bridge using Guid(f479e3fca277d3f43b3b0aaead6d1ed0) Importer(2089858483,b0f066a214c2f5e87bad3c948f4d605d) (ScriptedImporter) -> (artifact id: '2fa63ed3d000a372678407247c8bf48c') in 0.0495579 seconds
Number of updated asset objects reloaded before import = 0Number of asset objects unloaded after import = 1

========================================================================
Received Import Request.
  Time since last request: 0.000055 seconds.
  path: Assets/Erufyta/Polytope Studio/Lowpoly_Environments/Sources/Materials/PT_Water_mat.mat
  artifactKey: Guid(3e36df56c6fa5f64085c14d9d4f6f8d9) Importer(2089858483,b0f066a214c2f5e87bad3c948f4d605d)
Start importing Assets/Erufyta/Polytope Studio/Lowpoly_Environments/Sources/Materials/PT_Water_mat.mat using Guid(3e36df56c6fa5f64085c14d9d4f6f8d9) Importer(2089858483,b0f066a214c2f5e87bad3c948f4d605d) (ScriptedImporter) -> (artifact id: '9571d5c78298f0e1e3b43d5bae15c67b') in 0.0990778 seconds
Number of updated asset objects reloaded before import = 0Number of asset objects unloaded after import = 2

========================================================================
Received Import Request.
  Time since last request: 0.000535 seconds.
  path: Assets/Erufyta/Polytope Studio/Lowpoly_Environments/Prefabs
  artifactKey: Guid(3ba94cc50bb068c4bb427a52fdcb0038) Importer(2089858483,b0f066a214c2f5e87bad3c948f4d605d)
Start importing Assets/Erufyta/Polytope Studio/Lowpoly_Environments/Prefabs using Guid(3ba94cc50bb068c4bb427a52fdcb0038) Importer(2089858483,b0f066a214c2f5e87bad3c948f4d605d) (ScriptedImporter) -> (artifact id: 'f16f37e8405c42bc1caf48cfb89543e2') in 0.0484023 seconds
Number of updated asset objects reloaded before import = 0Number of asset objects unloaded after import = 1

========================================================================
Received Import Request.
  Time since last request: 0.000148 seconds.
  path: Assets/Erufyta/Polytope Studio/Lowpoly_Environments/Sources/Meshes/Shrubs/PT_Generic_Shrub_01_green.fbx
  artifactKey: Guid(cc43ed905f6a9d24a86d3eb531265e85) Importer(2089858483,b0f066a214c2f5e87bad3c948f4d605d)
Start importing Assets/Erufyta/Polytope Studio/Lowpoly_Environments/Sources/Meshes/Shrubs/PT_Generic_Shrub_01_green.fbx using Guid(cc43ed905f6a9d24a86d3eb531265e85) Importer(2089858483,b0f066a214c2f5e87bad3c948f4d605d) (ScriptedImporter) -> (artifact id: 'f75d7d201f120b305e107c5d5cb2fc61') in 0.0937384 seconds
Number of updated asset objects reloaded before import = 0Number of asset objects unloaded after import = 20

========================================================================
Received Import Request.
  Time since last request: 0.000039 seconds.
  path: Assets/Erufyta/Polytope Studio/Lowpoly_Village/Sources/Meshes/Modular/Fence/PT_Modular_Gate_Wood_01.fbx
  artifactKey: Guid(be10e17a73c475f41849cedee3245fd3) Importer(2089858483,b0f066a214c2f5e87bad3c948f4d605d)
Start importing Assets/Erufyta/Polytope Studio/Lowpoly_Village/Sources/Meshes/Modular/Fence/PT_Modular_Gate_Wood_01.fbx using Guid(be10e17a73c475f41849cedee3245fd3) Importer(2089858483,b0f066a214c2f5e87bad3c948f4d605d) (ScriptedImporter) -> (artifact id: '8ac701579d546bb51bf22399b23cddc8') in 0.0332208 seconds
Number of updated asset objects reloaded before import = 0Number of asset objects unloaded after import = 22

========================================================================
Received Import Request.
  Time since last request: 0.000117 seconds.
  path: Assets/Erufyta/Polytope Studio/Lowpoly_Environments/Prefabs/Trees/PT_Pine_Tree_03_green_cut.prefab
  artifactKey: Guid(1caa73a6296593c46bb83d678ff6609b) Importer(2089858483,b0f066a214c2f5e87bad3c948f4d605d)
Start importing Assets/Erufyta/Polytope Studio/Lowpoly_Environments/Prefabs/Trees/PT_Pine_Tree_03_green_cut.prefab using Guid(1caa73a6296593c46bb83d678ff6609b) Importer(2089858483,b0f066a214c2f5e87bad3c948f4d605d) (ScriptedImporter) -> (artifact id: 'f3f7c07f4f7982d1fb6ca25fc59009ad') in 0.0578974 seconds
Number of updated asset objects reloaded before import = 0Number of asset objects unloaded after import = 9

========================================================================
Received Import Request.
  Time since last request: 0.000056 seconds.
  path: Assets/Erufyta/Polytope Studio/Lowpoly_Environments/Prefabs/Trees/PT_Fruit_Tree_01_pears.prefab
  artifactKey: Guid(b62637568d07eb141b948ab45ea8c3d4) Importer(2089858483,b0f066a214c2f5e87bad3c948f4d605d)
Start importing Assets/Erufyta/Polytope Studio/Lowpoly_Environments/Prefabs/Trees/PT_Fruit_Tree_01_pears.prefab using Guid(b62637568d07eb141b948ab45ea8c3d4) Importer(2089858483,b0f066a214c2f5e87bad3c948f4d605d) (ScriptedImporter) -> (artifact id: '70d0ee849bf01c04c0b6ed3dcd8b6de1') in 0.063053 seconds
Number of updated asset objects reloaded before import = 0Number of asset objects unloaded after import = 20

========================================================================
Received Import Request.
  Time since last request: 0.003937 seconds.
  path: Assets/Erufyta/Polytope Studio/Lowpoly_Environments/Sources/Meshes/Rocks/PT_Generic_Rock_01.fbx
  artifactKey: Guid(f226223b3a11d2d4b980aaa520301583) Importer(2089858483,b0f066a214c2f5e87bad3c948f4d605d)
Start importing Assets/Erufyta/Polytope Studio/Lowpoly_Environments/Sources/Meshes/Rocks/PT_Generic_Rock_01.fbx using Guid(f226223b3a11d2d4b980aaa520301583) Importer(2089858483,b0f066a214c2f5e87bad3c948f4d605d) (ScriptedImporter) -> (artifact id: '28b6d20d652fc1976f1fdb4c41c65e64') in 0.1016647 seconds
Number of updated asset objects reloaded before import = 0Number of asset objects unloaded after import = 20

========================================================================
Received Import Request.
  Time since last request: 0.000292 seconds.
  path: Assets/Erufyta/Polytope Studio/Lowpoly_Environments/Prefabs/Rocks/PT_Ore_Rock_01.prefab
  artifactKey: Guid(3dd97330b2ebd884e9f796894e026064) Importer(2089858483,b0f066a214c2f5e87bad3c948f4d605d)
Start importing Assets/Erufyta/Polytope Studio/Lowpoly_Environments/Prefabs/Rocks/PT_Ore_Rock_01.prefab using Guid(3dd97330b2ebd884e9f796894e026064) Importer(2089858483,b0f066a214c2f5e87bad3c948f4d605d) (ScriptedImporter) -> (artifact id: '7814776386ba465044411bdd108d1e46') in 0.1675364 seconds
Number of updated asset objects reloaded before import = 0Number of asset objects unloaded after import = 20

========================================================================
Received Import Request.
  Time since last request: 0.000126 seconds.
  path: Assets/Erufyta/Polytope Studio/Lowpoly_Environments/Prefabs/Rocks/PT_Menhir_Rock_02.prefab
  artifactKey: Guid(0f3d14a9a6b2ceb469c15d151552a614) Importer(2089858483,b0f066a214c2f5e87bad3c948f4d605d)
Start importing Assets/Erufyta/Polytope Studio/Lowpoly_Environments/Prefabs/Rocks/PT_Menhir_Rock_02.prefab using Guid(0f3d14a9a6b2ceb469c15d151552a614) Importer(2089858483,b0f066a214c2f5e87bad3c948f4d605d) (ScriptedImporter) -> (artifact id: '2dfb150216dae6149e17bb2d4eefdc6c') in 0.1263268 seconds
Number of updated asset objects reloaded before import = 0Number of asset objects unloaded after import = 20

========================================================================
Received Import Request.
  Time since last request: 0.000049 seconds.
  path: Assets/Erufyta/Polytope Studio/Lowpoly_Environments/Sources/Materials
  artifactKey: Guid(c79904a7cd1e74c488b60bd79b66ed54) Importer(2089858483,b0f066a214c2f5e87bad3c948f4d605d)
Start importing Assets/Erufyta/Polytope Studio/Lowpoly_Environments/Sources/Materials using Guid(c79904a7cd1e74c488b60bd79b66ed54) Importer(2089858483,b0f066a214c2f5e87bad3c948f4d605d) (ScriptedImporter) -> (artifact id: '7ac5f99ae601961c379e667d968d986d') in 0.0339746 seconds
Number of updated asset objects reloaded before import = 0Number of asset objects unloaded after import = 1

========================================================================
Received Import Request.
  Time since last request: 0.000054 seconds.
  path: Assets/Erufyta/Polytope Studio/Lowpoly_Environments/Sources/Textures/PT_Tree_Trunk_01.png
  artifactKey: Guid(5733ec0c27e7c9d41a230d27ca7b85d4) Importer(2089858483,b0f066a214c2f5e87bad3c948f4d605d)
Start importing Assets/Erufyta/Polytope Studio/Lowpoly_Environments/Sources/Textures/PT_Tree_Trunk_01.png using Guid(5733ec0c27e7c9d41a230d27ca7b85d4) Importer(2089858483,b0f066a214c2f5e87bad3c948f4d605d) (ScriptedImporter) -> (artifact id: '9561503feab00cc0ee205f3bc4d23a69') in 0.0695424 seconds
Number of updated asset objects reloaded before import = 0Number of asset objects unloaded after import = 1

========================================================================
Received Import Request.
  Time since last request: 0.000048 seconds.
  path: Assets/Erufyta/Polytope Studio/Lowpoly_Environments/Sources/Meshes/Trees/PT_Fruit_Tree_01_green.fbx
  artifactKey: Guid(f222748f1796b2e49a56a2fbf7563247) Importer(2089858483,b0f066a214c2f5e87bad3c948f4d605d)
Start importing Assets/Erufyta/Polytope Studio/Lowpoly_Environments/Sources/Meshes/Trees/PT_Fruit_Tree_01_green.fbx using Guid(f222748f1796b2e49a56a2fbf7563247) Importer(2089858483,b0f066a214c2f5e87bad3c948f4d605d) (ScriptedImporter) -> (artifact id: '97ac925291ed4914055c79e2a019727f') in 0.0668035 seconds
Number of updated asset objects reloaded before import = 0Number of asset objects unloaded after import = 20

========================================================================
Received Import Request.
  Time since last request: 0.000112 seconds.
  path: Assets/Erufyta/Polytope Studio/Lowpoly_Environments/Sources/Meshes/Rocks/PT_Ore_Rock_01_split.fbx
  artifactKey: Guid(e011a827265c38e44baeae9310a2a9e2) Importer(2089858483,b0f066a214c2f5e87bad3c948f4d605d)
Start importing Assets/Erufyta/Polytope Studio/Lowpoly_Environments/Sources/Meshes/Rocks/PT_Ore_Rock_01_split.fbx using Guid(e011a827265c38e44baeae9310a2a9e2) Importer(2089858483,b0f066a214c2f5e87bad3c948f4d605d) (ScriptedImporter) -> (artifact id: '34af350936026fab29f5fc00c33d0fd4') in 0.0661307 seconds
Number of updated asset objects reloaded before import = 0Number of asset objects unloaded after import = 20

========================================================================
Received Import Request.
  Time since last request: 0.000314 seconds.
  path: Assets/Erufyta/Polytope Studio/Lowpoly_Environments/Sources/Materials/PT_Skybox_mat.mat
  artifactKey: Guid(59573b088aaea0442bf29e0a0e9d1339) Importer(2089858483,b0f066a214c2f5e87bad3c948f4d605d)
Start importing Assets/Erufyta/Polytope Studio/Lowpoly_Environments/Sources/Materials/PT_Skybox_mat.mat using Guid(59573b088aaea0442bf29e0a0e9d1339) Importer(2089858483,b0f066a214c2f5e87bad3c948f4d605d) (ScriptedImporter) -> (artifact id: '02d7e38b92102fbd53cbe6d879cc4468') in 0.0819095 seconds
Number of updated asset objects reloaded before import = 0Number of asset objects unloaded after import = 2

========================================================================
Received Import Request.
  Time since last request: 0.000161 seconds.
  path: Assets/Erufyta/Polytope Studio/Lowpoly_Environments/Sources/Meshes/Trees/PT_Pine_Tree_03_logs.fbx
  artifactKey: Guid(e9a01d2a3de15954eb2cccf4df7f3d5b) Importer(2089858483,b0f066a214c2f5e87bad3c948f4d605d)
Start importing Assets/Erufyta/Polytope Studio/Lowpoly_Environments/Sources/Meshes/Trees/PT_Pine_Tree_03_logs.fbx using Guid(e9a01d2a3de15954eb2cccf4df7f3d5b) Importer(2089858483,b0f066a214c2f5e87bad3c948f4d605d) (ScriptedImporter) -> (artifact id: 'f1fb557beacced389387cb7c33c88f02') in 0.0444471 seconds
Number of updated asset objects reloaded before import = 0Number of asset objects unloaded after import = 8

========================================================================
Received Import Request.
  Time since last request: 0.000078 seconds.
  path: Assets/Erufyta/Polytope Studio/Lowpoly_Environments/Sources/Meshes/Flowers/PT_Poppy_02.fbx
  artifactKey: Guid(5c7de3ea78afce6468d2ebe76dd0bf6d) Importer(2089858483,b0f066a214c2f5e87bad3c948f4d605d)
Start importing Assets/Erufyta/Polytope Studio/Lowpoly_Environments/Sources/Meshes/Flowers/PT_Poppy_02.fbx using Guid(5c7de3ea78afce6468d2ebe76dd0bf6d) Importer(2089858483,b0f066a214c2f5e87bad3c948f4d605d) (ScriptedImporter) -> (artifact id: '44982a525f325a098556da1a004f0af5') in 0.04694 seconds
Number of updated asset objects reloaded before import = 0Number of asset objects unloaded after import = 20

========================================================================
Received Import Request.
  Time since last request: 0.000416 seconds.
  path: Assets/Erufyta/Polytope Studio/Lowpoly_Village/Sources/Meshes
  artifactKey: Guid(6250bab4ccf188c4d97251a33d790370) Importer(2089858483,b0f066a214c2f5e87bad3c948f4d605d)
Start importing Assets/Erufyta/Polytope Studio/Lowpoly_Village/Sources/Meshes using Guid(6250bab4ccf188c4d97251a33d790370) Importer(2089858483,b0f066a214c2f5e87bad3c948f4d605d) (ScriptedImporter) -> (artifact id: '4e386b6cd08295ae818bd760ec8655b5') in 0.0263685 seconds
Number of updated asset objects reloaded before import = 0Number of asset objects unloaded after import = 1

========================================================================
Received Import Request.
  Time since last request: 0.000053 seconds.
  path: Assets/Erufyta/Polytope Studio/Lowpoly_Environments/Sources/Shaders/PT_Vegetation_Opaque_Shader.shader
  artifactKey: Guid(270965b004462ae41bd125bc783c0fa6) Importer(2089858483,b0f066a214c2f5e87bad3c948f4d605d)
Start importing Assets/Erufyta/Polytope Studio/Lowpoly_Environments/Sources/Shaders/PT_Vegetation_Opaque_Shader.shader using Guid(270965b004462ae41bd125bc783c0fa6) Importer(2089858483,b0f066a214c2f5e87bad3c948f4d605d) (ScriptedImporter) -> (artifact id: '9a1b59f3dea068161bf3c473e53d05bf') in 0.030248 seconds
Number of updated asset objects reloaded before import = 0Number of asset objects unloaded after import = 1

========================================================================
Received Import Request.
  Time since last request: 0.000114 seconds.
  path: Assets/Erufyta/Polytope Studio/Lowpoly_Environments/Sources/Meshes/Rocks/PT_River_Rock_Pile_02.fbx
  artifactKey: Guid(e5e1b3c0d2be60b47981235187af0936) Importer(2089858483,b0f066a214c2f5e87bad3c948f4d605d)
Start importing Assets/Erufyta/Polytope Studio/Lowpoly_Environments/Sources/Meshes/Rocks/PT_River_Rock_Pile_02.fbx using Guid(e5e1b3c0d2be60b47981235187af0936) Importer(2089858483,b0f066a214c2f5e87bad3c948f4d605d) (ScriptedImporter) -> (artifact id: 'c73f7ccee2051d62f20852e492538fa2') in 0.0455768 seconds
Number of updated asset objects reloaded before import = 0Number of asset objects unloaded after import = 20

========================================================================
Received Import Request.
  Time since last request: 0.000057 seconds.
  path: Assets/Erufyta/Polytope Studio/Lowpoly_Environments/Sources/Textures/PT_Fruit_Tree_Flowers_01.png
  artifactKey: Guid(724a83e90c1cd7b4b9d1b71dd08962b6) Importer(2089858483,b0f066a214c2f5e87bad3c948f4d605d)
Start importing Assets/Erufyta/Polytope Studio/Lowpoly_Environments/Sources/Textures/PT_Fruit_Tree_Flowers_01.png using Guid(724a83e90c1cd7b4b9d1b71dd08962b6) Importer(2089858483,b0f066a214c2f5e87bad3c948f4d605d) (ScriptedImporter) -> (artifact id: 'cb198a344bcae1b1b82482a21ec4c837') in 0.067519 seconds
Number of updated asset objects reloaded before import = 0Number of asset objects unloaded after import = 1

========================================================================
Received Import Request.
  Time since last request: 0.000112 seconds.
  path: Assets/Erufyta/Polytope Studio/Lowpoly_Environments/Prefabs/Mushrooms/PT_Caesars_Mushroom_01.prefab
  artifactKey: Guid(5228c984e5be7284d8d83c18096254dd) Importer(2089858483,b0f066a214c2f5e87bad3c948f4d605d)
Start importing Assets/Erufyta/Polytope Studio/Lowpoly_Environments/Prefabs/Mushrooms/PT_Caesars_Mushroom_01.prefab using Guid(5228c984e5be7284d8d83c18096254dd) Importer(2089858483,b0f066a214c2f5e87bad3c948f4d605d) (ScriptedImporter) -> (artifact id: 'e60a6852709b0e0edaf2bf8d08b73fba') in 0.0779452 seconds
Number of updated asset objects reloaded before import = 0Number of asset objects unloaded after import = 8

========================================================================
Received Import Request.
  Time since last request: 0.000066 seconds.
  path: Assets/Erufyta/Polytope Studio/Lowpoly_Environments/Sources/Textures/PT_Rocks_01.png
  artifactKey: Guid(a195a893970f3ab4990bd06e18a0b308) Importer(2089858483,b0f066a214c2f5e87bad3c948f4d605d)
Start importing Assets/Erufyta/Polytope Studio/Lowpoly_Environments/Sources/Textures/PT_Rocks_01.png using Guid(a195a893970f3ab4990bd06e18a0b308) Importer(2089858483,b0f066a214c2f5e87bad3c948f4d605d) (ScriptedImporter) -> (artifact id: '331320ca882bce8ff0fe297d4989b77a') in 0.0816067 seconds
Number of updated asset objects reloaded before import = 0Number of asset objects unloaded after import = 1

========================================================================
Received Import Request.
  Time since last request: 0.000048 seconds.
  path: Assets/Erufyta/Polytope Studio/Lowpoly_Environments/Sources/Textures/PT_Fruit_Tree_Leaves_01.png
  artifactKey: Guid(d2f321fff7f05aa49ad106541e997dd3) Importer(2089858483,b0f066a214c2f5e87bad3c948f4d605d)
Start importing Assets/Erufyta/Polytope Studio/Lowpoly_Environments/Sources/Textures/PT_Fruit_Tree_Leaves_01.png using Guid(d2f321fff7f05aa49ad106541e997dd3) Importer(2089858483,b0f066a214c2f5e87bad3c948f4d605d) (ScriptedImporter) -> (artifact id: '026a30fecc49ffdd15e70ce696cfcc69') in 0.0659622 seconds
Number of updated asset objects reloaded before import = 0Number of asset objects unloaded after import = 1

========================================================================
Received Import Request.
  Time since last request: 0.000034 seconds.
  path: Assets/Erufyta/Polytope Studio/Lowpoly_Environments/Sources/Textures/PT_Poppy_01.png
  artifactKey: Guid(e0eab39b8993b684dbb9800cf1151d33) Importer(2089858483,b0f066a214c2f5e87bad3c948f4d605d)
Start importing Assets/Erufyta/Polytope Studio/Lowpoly_Environments/Sources/Textures/PT_Poppy_01.png using Guid(e0eab39b8993b684dbb9800cf1151d33) Importer(2089858483,b0f066a214c2f5e87bad3c948f4d605d) (ScriptedImporter) -> (artifact id: 'ae7ff6c085c6420f1e90fadc4083a175') in 0.064168 seconds
Number of updated asset objects reloaded before import = 0Number of asset objects unloaded after import = 1

========================================================================
Received Import Request.
  Time since last request: 0.000149 seconds.
  path: Assets/Erufyta/Polytope Studio/Lowpoly_Environments/Sources/Meshes/Trees/PT_Pine_Tree_03_dead_cut.fbx
  artifactKey: Guid(3b8d3c0077d69eb4db5ee5754518f067) Importer(2089858483,b0f066a214c2f5e87bad3c948f4d605d)
Start importing Assets/Erufyta/Polytope Studio/Lowpoly_Environments/Sources/Meshes/Trees/PT_Pine_Tree_03_dead_cut.fbx using Guid(3b8d3c0077d69eb4db5ee5754518f067) Importer(2089858483,b0f066a214c2f5e87bad3c948f4d605d) (ScriptedImporter) -> (artifact id: 'acc74a6e2f24800dd1d18399ef0ab064') in 0.06211 seconds
Number of updated asset objects reloaded before import = 0Number of asset objects unloaded after import = 8

========================================================================
Received Import Request.
  Time since last request: 0.000064 seconds.
  path: Assets/Erufyta/Polytope Studio/Lowpoly_Environments/Sources/Meshes/Rocks/PT_Menhir_Rock_02.fbx
  artifactKey: Guid(e0fe1b80592a0144babd1bf297ad32ad) Importer(2089858483,b0f066a214c2f5e87bad3c948f4d605d)
Start importing Assets/Erufyta/Polytope Studio/Lowpoly_Environments/Sources/Meshes/Rocks/PT_Menhir_Rock_02.fbx using Guid(e0fe1b80592a0144babd1bf297ad32ad) Importer(2089858483,b0f066a214c2f5e87bad3c948f4d605d) (ScriptedImporter) -> (artifact id: 'f5d5be54d3bb947f2a56d39e994e37b3') in 0.0987403 seconds
Number of updated asset objects reloaded before import = 0Number of asset objects unloaded after import = 20

========================================================================
Received Import Request.
  Time since last request: 0.000111 seconds.
  path: Assets/Erufyta/Polytope Studio/Lowpoly_Environments/Sources/Meshes/Trees/PT_Fruit_Tree_01_dead_cut.fbx
  artifactKey: Guid(ddcbcdd7a43212c4d86fe33f77dac074) Importer(2089858483,b0f066a214c2f5e87bad3c948f4d605d)
Start importing Assets/Erufyta/Polytope Studio/Lowpoly_Environments/Sources/Meshes/Trees/PT_Fruit_Tree_01_dead_cut.fbx using Guid(ddcbcdd7a43212c4d86fe33f77dac074) Importer(2089858483,b0f066a214c2f5e87bad3c948f4d605d) (ScriptedImporter) -> (artifact id: 'c3f552bf710dfb8e05cd846fd621cb8b') in 0.0518837 seconds
Number of updated asset objects reloaded before import = 0Number of asset objects unloaded after import = 8

========================================================================
Received Import Request.
  Time since last request: 0.000034 seconds.
  path: Assets/Erufyta/Polytope Studio/Lowpoly_Village/Sources/Meshes/Modular/Fence/PT_Modular_Fence_Wood_03.fbx
  artifactKey: Guid(955f7ab7f12013b42b2aa2e494846f3a) Importer(2089858483,b0f066a214c2f5e87bad3c948f4d605d)
Start importing Assets/Erufyta/Polytope Studio/Lowpoly_Village/Sources/Meshes/Modular/Fence/PT_Modular_Fence_Wood_03.fbx using Guid(955f7ab7f12013b42b2aa2e494846f3a) Importer(2089858483,b0f066a214c2f5e87bad3c948f4d605d) (ScriptedImporter) -> (artifact id: 'ff72cbf796f7d8c58a127953c0f24b46') in 0.0895412 seconds
Number of updated asset objects reloaded before import = 0Number of asset objects unloaded after import = 9

========================================================================
Received Import Request.
  Time since last request: 0.000061 seconds.
  path: Assets/Erufyta/Polytope Studio/Lowpoly_Village/Prefabs/Modular
  artifactKey: Guid(5f16d7f0deffe2d44a0db2c9b5f0c409) Importer(2089858483,b0f066a214c2f5e87bad3c948f4d605d)
Start importing Assets/Erufyta/Polytope Studio/Lowpoly_Village/Prefabs/Modular using Guid(5f16d7f0deffe2d44a0db2c9b5f0c409) Importer(2089858483,b0f066a214c2f5e87bad3c948f4d605d) (ScriptedImporter) -> (artifact id: 'e1594ebec1f4cd5145be05ea926c9599') in 0.0297942 seconds
Number of updated asset objects reloaded before import = 0Number of asset objects unloaded after import = 1

========================================================================
Received Import Request.
  Time since last request: 0.000063 seconds.
  path: Assets/Erufyta/Polytope Studio/Lowpoly_Village/Sources/Meshes/Modular/Bridge/PT_Wooden_Bridge_02.fbx
  artifactKey: Guid(06585c4a497d08f4591a54ccfdb05bcf) Importer(2089858483,b0f066a214c2f5e87bad3c948f4d605d)
Start importing Assets/Erufyta/Polytope Studio/Lowpoly_Village/Sources/Meshes/Modular/Bridge/PT_Wooden_Bridge_02.fbx using Guid(06585c4a497d08f4591a54ccfdb05bcf) Importer(2089858483,b0f066a214c2f5e87bad3c948f4d605d) (ScriptedImporter) -> (artifact id: 'c920b74f9dfee0ea5674b0bb5744776b') in 0.0516732 seconds
Number of updated asset objects reloaded before import = 0Number of asset objects unloaded after import = 17

========================================================================
Received Import Request.
  Time since last request: 0.000625 seconds.
  path: Assets/Erufyta/Polytope Studio/Lowpoly_Village/Sources/Meshes/Modular/Bridge
  artifactKey: Guid(7ba86df2516878b40b6bc1c55b0f961e) Importer(2089858483,b0f066a214c2f5e87bad3c948f4d605d)
Start importing Assets/Erufyta/Polytope Studio/Lowpoly_Village/Sources/Meshes/Modular/Bridge using Guid(7ba86df2516878b40b6bc1c55b0f961e) Importer(2089858483,b0f066a214c2f5e87bad3c948f4d605d) (ScriptedImporter) -> (artifact id: 'a7035277a81b126aa242de4d2dc696b0') in 0.0368232 seconds
Number of updated asset objects reloaded before import = 0Number of asset objects unloaded after import = 1

========================================================================
Received Prepare
'Packages/com.unity.cinemachine/Editor/Obsolete/CinemachineVirtualCameraBaseEditor.cs' contains partial class of Unity.Object, exactly 1 of the partial classes needs to be in a file with the same filename. This is to know the one that can be referenced from ie. GameObjects
'Packages/com.unity.cinemachine/Editor/Editors/CinemachineVirtualCameraBaseEditor.cs' contains partial class of Unity.Object, exactly 1 of the partial classes needs to be in a file with the same filename. This is to know the one that can be referenced from ie. GameObjects
Refreshing native plugins compatible for Editor in 3.26 ms, found 3 plugins.
Preloading 0 native plugins for Editor in 0.00 ms.
Unloading 22 Unused Serialized files (Serialized files now loaded: 0)
Unloading 6791 unused Assets / (6.3 MB). Loaded Objects now: 7651.
Memory consumption went from 172.2 MB to 165.9 MB.
Total: 257.512500 ms (FindLiveObjects: 3.997800 ms CreateObjectMapping: 2.237500 ms MarkObjects: 234.605100 ms  DeleteObjects: 16.668900 ms)

Prepare: number of updated asset objects reloaded= 0
========================================================================
Received Import Request.
  Time since last request: 211.138600 seconds.
  path: Assets/Erufyta/StarterAssets/Environment/Art/Models/Ramp_100x100x200_Mesh.fbx
  artifactKey: Guid(bfff06aaff363a847ad37bf592364e6b) Importer(2089858483,b0f066a214c2f5e87bad3c948f4d605d)
Start importing Assets/Erufyta/StarterAssets/Environment/Art/Models/Ramp_100x100x200_Mesh.fbx using Guid(bfff06aaff363a847ad37bf592364e6b) Importer(2089858483,b0f066a214c2f5e87bad3c948f4d605d) (ScriptedImporter) -> (artifact id: '052cadc80312241cb33ba5e6cc1722f2') in 0.2703588 seconds
Number of updated asset objects reloaded before import = 0Number of asset objects unloaded after import = 8

========================================================================
Received Import Request.
  Time since last request: 0.000044 seconds.
  path: Assets/Erufyta/StarterAssets/InputSystem
  artifactKey: Guid(48c9acd554a28814b922162e3fa889b0) Importer(2089858483,b0f066a214c2f5e87bad3c948f4d605d)
Start importing Assets/Erufyta/StarterAssets/InputSystem using Guid(48c9acd554a28814b922162e3fa889b0) Importer(2089858483,b0f066a214c2f5e87bad3c948f4d605d) (ScriptedImporter) -> (artifact id: '7a7d4071a9a32985da6d1c56c18488db') in 0.0187529 seconds
Number of updated asset objects reloaded before import = 0Number of asset objects unloaded after import = 1

========================================================================
Received Import Request.
  Time since last request: 0.000074 seconds.
  path: Assets/Erufyta/StarterAssets/Settings/Medium_PipelineAsset.asset
  artifactKey: Guid(e00893132ee3140498fd2709faa1a711) Importer(2089858483,b0f066a214c2f5e87bad3c948f4d605d)
Start importing Assets/Erufyta/StarterAssets/Settings/Medium_PipelineAsset.asset using Guid(e00893132ee3140498fd2709faa1a711) Importer(2089858483,b0f066a214c2f5e87bad3c948f4d605d) (ScriptedImporter) -> (artifact id: '7e29a24d82078e6f27a1c05b1e41bda6') in 0.4650715 seconds
Number of updated asset objects reloaded before import = 0Number of asset objects unloaded after import = 2

========================================================================
Received Import Request.
  Time since last request: 0.000106 seconds.
  path: Assets/Erufyta/StarterAssets/FirstPersonController/Prefabs/NestedParent_Unpack.prefab
  artifactKey: Guid(035bf1ba97d19214580cfe6f5a29fdc3) Importer(2089858483,b0f066a214c2f5e87bad3c948f4d605d)
Start importing Assets/Erufyta/StarterAssets/FirstPersonController/Prefabs/NestedParent_Unpack.prefab using Guid(035bf1ba97d19214580cfe6f5a29fdc3) Importer(2089858483,b0f066a214c2f5e87bad3c948f4d605d) (ScriptedImporter) -> (artifact id: '0521784f27c838159dafa7a138379a1f') in 0.1434867 seconds
Number of updated asset objects reloaded before import = 0Number of asset objects unloaded after import = 34

========================================================================
Received Import Request.
  Time since last request: 0.000373 seconds.
  path: Assets/Erufyta/StarterAssets/Settings
  artifactKey: Guid(d82b6795eb31c4797945b36447137632) Importer(2089858483,b0f066a214c2f5e87bad3c948f4d605d)
Start importing Assets/Erufyta/StarterAssets/Settings using Guid(d82b6795eb31c4797945b36447137632) Importer(2089858483,b0f066a214c2f5e87bad3c948f4d605d) (ScriptedImporter) -> (artifact id: 'eb0fdf2ed8f7cc4a4a9d1b1493343e6c') in 0.0352171 seconds
Number of updated asset objects reloaded before import = 0Number of asset objects unloaded after import = 1

========================================================================
Received Import Request.
  Time since last request: 0.000102 seconds.
  path: Assets/Erufyta/StarterAssets/Mobile/Prefabs
  artifactKey: Guid(49852dd85b2de7b4997a61317937f2e1) Importer(2089858483,b0f066a214c2f5e87bad3c948f4d605d)
Start importing Assets/Erufyta/StarterAssets/Mobile/Prefabs using Guid(49852dd85b2de7b4997a61317937f2e1) Importer(2089858483,b0f066a214c2f5e87bad3c948f4d605d) (ScriptedImporter) -> (artifact id: 'c7ee9f479a70c6d3508e7edbd868687e') in 0.0393889 seconds
Number of updated asset objects reloaded before import = 0Number of asset objects unloaded after import = 1

========================================================================
Received Import Request.
  Time since last request: 0.000042 seconds.
  path: Assets/Erufyta/StarterAssets
  artifactKey: Guid(3a02228b247d93142bd5e9fe086feace) Importer(2089858483,b0f066a214c2f5e87bad3c948f4d605d)
Start importing Assets/Erufyta/StarterAssets using Guid(3a02228b247d93142bd5e9fe086feace) Importer(2089858483,b0f066a214c2f5e87bad3c948f4d605d) (ScriptedImporter) -> (artifact id: '4b2a617604cd827754bd556c7d35c4d9') in 0.019014 seconds
Number of updated asset objects reloaded before import = 0Number of asset objects unloaded after import = 1

========================================================================
Received Import Request.
  Time since last request: 0.000029 seconds.
  path: Assets/Erufyta/StarterAssets/Mobile/UI/UI_Icon_Move.png
  artifactKey: Guid(ff7bfa7addf40784d86f62b8e4a034a6) Importer(2089858483,b0f066a214c2f5e87bad3c948f4d605d)
Start importing Assets/Erufyta/StarterAssets/Mobile/UI/UI_Icon_Move.png using Guid(ff7bfa7addf40784d86f62b8e4a034a6) Importer(2089858483,b0f066a214c2f5e87bad3c948f4d605d) (ScriptedImporter) -> (artifact id: '7e9a2d7acef567365770babada0acb63') in 0.0775788 seconds
Number of updated asset objects reloaded before import = 0Number of asset objects unloaded after import = 3

========================================================================
Received Import Request.
  Time since last request: 0.000069 seconds.
  path: Assets/Erufyta/StarterAssets/FirstPersonController/Prefabs/MainCamera.prefab
  artifactKey: Guid(2d3a85ecde41a8246a79669975912b74) Importer(2089858483,b0f066a214c2f5e87bad3c948f4d605d)
Start importing Assets/Erufyta/StarterAssets/FirstPersonController/Prefabs/MainCamera.prefab using Guid(2d3a85ecde41a8246a79669975912b74) Importer(2089858483,b0f066a214c2f5e87bad3c948f4d605d) (ScriptedImporter) -> (artifact id: 'c30b46f6da5591639911ccf368f725b7') in 0.3763137 seconds
Number of updated asset objects reloaded before import = 0Number of asset objects unloaded after import = 8

========================================================================
Received Import Request.
  Time since last request: 0.000054 seconds.
  path: Assets/Erufyta/StarterAssets/Environment/Art/Models/Ramp_Mesh.fbx
  artifactKey: Guid(426a2785f8a940049aac2c246661cf09) Importer(2089858483,b0f066a214c2f5e87bad3c948f4d605d)
Start importing Assets/Erufyta/StarterAssets/Environment/Art/Models/Ramp_Mesh.fbx using Guid(426a2785f8a940049aac2c246661cf09) Importer(2089858483,b0f066a214c2f5e87bad3c948f4d605d) (ScriptedImporter) -> (artifact id: '6a612bc12d4924f6f798bdac04835a14') in 0.1296957 seconds
Number of updated asset objects reloaded before import = 0Number of asset objects unloaded after import = 8

========================================================================
Received Import Request.
  Time since last request: 0.000092 seconds.
  path: Assets/Erufyta/StarterAssets/Environment/Art/Models
  artifactKey: Guid(a725de072e7eb4d449d782a7c86fd0bf) Importer(2089858483,b0f066a214c2f5e87bad3c948f4d605d)
Start importing Assets/Erufyta/StarterAssets/Environment/Art/Models using Guid(a725de072e7eb4d449d782a7c86fd0bf) Importer(2089858483,b0f066a214c2f5e87bad3c948f4d605d) (ScriptedImporter) -> (artifact id: 'e4de76f71bf60b506037978a56e0280d') in 0.031346 seconds
Number of updated asset objects reloaded before import = 0Number of asset objects unloaded after import = 1

========================================================================
Received Import Request.
  Time since last request: 0.000160 seconds.
  path: Assets/Erufyta/StarterAssets/Mobile/Prefabs/EventSystem
  artifactKey: Guid(c89b887ca267db84f895ccd75713a923) Importer(2089858483,b0f066a214c2f5e87bad3c948f4d605d)
Start importing Assets/Erufyta/StarterAssets/Mobile/Prefabs/EventSystem using Guid(c89b887ca267db84f895ccd75713a923) Importer(2089858483,b0f066a214c2f5e87bad3c948f4d605d) (ScriptedImporter) -> (artifact id: 'e9c996a23d16f59fd02b92211da1377d') in 0.0581777 seconds
Number of updated asset objects reloaded before import = 0Number of asset objects unloaded after import = 1

========================================================================
Received Import Request.
  Time since last request: 0.000129 seconds.
  path: Assets/Erufyta/StarterAssets/Mobile/UI
  artifactKey: Guid(e7fdf9603bb47074a9b04a3eb60ffcd8) Importer(2089858483,b0f066a214c2f5e87bad3c948f4d605d)
Start importing Assets/Erufyta/StarterAssets/Mobile/UI using Guid(e7fdf9603bb47074a9b04a3eb60ffcd8) Importer(2089858483,b0f066a214c2f5e87bad3c948f4d605d) (ScriptedImporter) -> (artifact id: '899ddbbb9a8655aea164df97d315238c') in 0.0610985 seconds
Number of updated asset objects reloaded before import = 0Number of asset objects unloaded after import = 1

========================================================================
Received Import Request.
  Time since last request: 0.000047 seconds.
  path: Assets/Erufyta/StarterAssets/FirstPersonController/Scripts/BasicRigidBodyPush.cs
  artifactKey: Guid(909d917d73a63f940ac158d02e936645) Importer(2089858483,b0f066a214c2f5e87bad3c948f4d605d)
Start importing Assets/Erufyta/StarterAssets/FirstPersonController/Scripts/BasicRigidBodyPush.cs using Guid(909d917d73a63f940ac158d02e936645) Importer(2089858483,b0f066a214c2f5e87bad3c948f4d605d) (ScriptedImporter) -> (artifact id: 'f698de3ee76477b2973c5e08fc86c1eb') in 0.1041272 seconds
Number of updated asset objects reloaded before import = 0Number of asset objects unloaded after import = 0

========================================================================
Received Import Request.
  Time since last request: 0.000074 seconds.
  path: Assets/Erufyta/StarterAssets/Environment/Art/Textures
  artifactKey: Guid(ed5cc06472bb24d419458b6ece5b79eb) Importer(2089858483,b0f066a214c2f5e87bad3c948f4d605d)
Start importing Assets/Erufyta/StarterAssets/Environment/Art/Textures using Guid(ed5cc06472bb24d419458b6ece5b79eb) Importer(2089858483,b0f066a214c2f5e87bad3c948f4d605d) (ScriptedImporter) -> (artifact id: 'fd3613204a3d14df457170761dae93f8') in 0.0604701 seconds
Number of updated asset objects reloaded before import = 0Number of asset objects unloaded after import = 1

========================================================================
Received Import Request.
  Time since last request: 0.000080 seconds.
  path: Assets/Erufyta/StarterAssets/Mobile/Prefabs/EventSystem/UI_EventSystem.prefab
  artifactKey: Guid(f0271df749728104eac22c3d897fd8ce) Importer(2089858483,b0f066a214c2f5e87bad3c948f4d605d)
Start importing Assets/Erufyta/StarterAssets/Mobile/Prefabs/EventSystem/UI_EventSystem.prefab using Guid(f0271df749728104eac22c3d897fd8ce) Importer(2089858483,b0f066a214c2f5e87bad3c948f4d605d) (ScriptedImporter) -> (artifact id: 'd840c498cd49ade2997ef5ba2667b12f') in 0.2730564 seconds
Number of updated asset objects reloaded before import = 0Number of asset objects unloaded after import = 17

========================================================================
Received Import Request.
  Time since last request: 0.000093 seconds.
  path: Assets/Erufyta/StarterAssets/Mobile/Prefabs/VirtualInputs
  artifactKey: Guid(7f242e43338822940a6223675e92f05d) Importer(2089858483,b0f066a214c2f5e87bad3c948f4d605d)
Start importing Assets/Erufyta/StarterAssets/Mobile/Prefabs/VirtualInputs using Guid(7f242e43338822940a6223675e92f05d) Importer(2089858483,b0f066a214c2f5e87bad3c948f4d605d) (ScriptedImporter) -> (artifact id: '4ab9f4144f5e4862e9a82d63a621f2f1') in 0.0248915 seconds
Number of updated asset objects reloaded before import = 0Number of asset objects unloaded after import = 1

========================================================================
Received Import Request.
  Time since last request: 0.000079 seconds.
  path: Assets/Erufyta/StarterAssets/Environment/Art
  artifactKey: Guid(bc688fc4c70b02044b054f994d6e36e6) Importer(2089858483,b0f066a214c2f5e87bad3c948f4d605d)
Start importing Assets/Erufyta/StarterAssets/Environment/Art using Guid(bc688fc4c70b02044b054f994d6e36e6) Importer(2089858483,b0f066a214c2f5e87bad3c948f4d605d) (ScriptedImporter) -> (artifact id: '9adde02f4a78ba64bd06129e0191937d') in 0.030891 seconds
Number of updated asset objects reloaded before import = 0Number of asset objects unloaded after import = 1

========================================================================
Received Import Request.
  Time since last request: 0.000139 seconds.
  path: Assets/Erufyta/StarterAssets/Mobile/Scripts/VirtualInputs/UIVirtualTouchZone.cs
  artifactKey: Guid(65870f34fef70aa44b0f562cfc810220) Importer(2089858483,b0f066a214c2f5e87bad3c948f4d605d)
Start importing Assets/Erufyta/StarterAssets/Mobile/Scripts/VirtualInputs/UIVirtualTouchZone.cs using Guid(65870f34fef70aa44b0f562cfc810220) Importer(2089858483,b0f066a214c2f5e87bad3c948f4d605d) (ScriptedImporter) -> (artifact id: 'a11cc9ba2b0fbaad5a4eeef97828a3c1') in 0.0331902 seconds
Number of updated asset objects reloaded before import = 0Number of asset objects unloaded after import = 0

========================================================================
Received Import Request.
  Time since last request: 0.000096 seconds.
  path: Assets/Erufyta/StarterAssets/FirstPersonController/Prefabs/PlayerFollowCamera.prefab
  artifactKey: Guid(9c489a8547f4d9e4387da15a4ff82c81) Importer(2089858483,b0f066a214c2f5e87bad3c948f4d605d)
Start importing Assets/Erufyta/StarterAssets/FirstPersonController/Prefabs/PlayerFollowCamera.prefab using Guid(9c489a8547f4d9e4387da15a4ff82c81) Importer(2089858483,b0f066a214c2f5e87bad3c948f4d605d) (ScriptedImporter) -> (artifact id: '358e2fdf16066198d84d02279df7fbcd') in 0.090368 seconds
Number of updated asset objects reloaded before import = 0Number of asset objects unloaded after import = 11

========================================================================
Received Import Request.
  Time since last request: 0.000049 seconds.
  path: Assets/Erufyta/StarterAssets/Mobile/Prefabs/CanvasInputs/UI_Canvas_StarterAssetsInputs_Joysticks.prefab
  artifactKey: Guid(2f7f3dde7ae722a4aafffe20691ad702) Importer(2089858483,b0f066a214c2f5e87bad3c948f4d605d)
Start importing Assets/Erufyta/StarterAssets/Mobile/Prefabs/CanvasInputs/UI_Canvas_StarterAssetsInputs_Joysticks.prefab using Guid(2f7f3dde7ae722a4aafffe20691ad702) Importer(2089858483,b0f066a214c2f5e87bad3c948f4d605d) (ScriptedImporter) -> (artifact id: '8327739a0431c8845608472565d6b48e') in 0.4203252 seconds
Number of updated asset objects reloaded before import = 0Number of asset objects unloaded after import = 61

========================================================================
Received Import Request.
  Time since last request: 0.000124 seconds.
  path: Assets/Erufyta/StarterAssets/Environment/Art/Skybox/SkyboxLiteWarm.mat
  artifactKey: Guid(aeab33f69c199e54794f516d31450ec4) Importer(2089858483,b0f066a214c2f5e87bad3c948f4d605d)
Start importing Assets/Erufyta/StarterAssets/Environment/Art/Skybox/SkyboxLiteWarm.mat using Guid(aeab33f69c199e54794f516d31450ec4) Importer(2089858483,b0f066a214c2f5e87bad3c948f4d605d) (ScriptedImporter) -> (artifact id: '8dcd033c2be59619402f1ec26af391e0') in 0.0713703 seconds
Number of updated asset objects reloaded before import = 0Number of asset objects unloaded after import = 1

========================================================================
Received Import Request.
  Time since last request: 0.000109 seconds.
  path: Assets/Erufyta/StarterAssets/FirstPersonController/Scenes/Playground/ReflectionProbe-0.exr
  artifactKey: Guid(ac547032e7ab2874b8b53ccbfec07526) Importer(2089858483,b0f066a214c2f5e87bad3c948f4d605d)
Start importing Assets/Erufyta/StarterAssets/FirstPersonController/Scenes/Playground/ReflectionProbe-0.exr using Guid(ac547032e7ab2874b8b53ccbfec07526) Importer(2089858483,b0f066a214c2f5e87bad3c948f4d605d) (ScriptedImporter) -> (artifact id: 'e2084b98ca3a5d6abb8855efb1619c88') in 0.1458316 seconds
Number of updated asset objects reloaded before import = 0Number of asset objects unloaded after import = 1

========================================================================
Received Import Request.
  Time since last request: 0.000042 seconds.
  path: Assets/Erufyta/StarterAssets/Environment/Prefabs/Structure_Prefab.prefab
  artifactKey: Guid(79e624e6a8770a946afb866fd94b394b) Importer(2089858483,b0f066a214c2f5e87bad3c948f4d605d)
Start importing Assets/Erufyta/StarterAssets/Environment/Prefabs/Structure_Prefab.prefab using Guid(79e624e6a8770a946afb866fd94b394b) Importer(2089858483,b0f066a214c2f5e87bad3c948f4d605d) (ScriptedImporter) -> (artifact id: '69faeea840cc77ef4ac9f9589864ed81') in 0.1847258 seconds
Number of updated asset objects reloaded before import = 0Number of asset objects unloaded after import = 116

========================================================================
Received Import Request.
  Time since last request: 0.000170 seconds.
  path: Assets/Erufyta/StarterAssets/Environment/Art/Textures/Grid_01_Emissive.png
  artifactKey: Guid(d4d6919451fe3e24388816386a6d15a4) Importer(2089858483,b0f066a214c2f5e87bad3c948f4d605d)
Start importing Assets/Erufyta/StarterAssets/Environment/Art/Textures/Grid_01_Emissive.png using Guid(d4d6919451fe3e24388816386a6d15a4) Importer(2089858483,b0f066a214c2f5e87bad3c948f4d605d) (ScriptedImporter) -> (artifact id: 'c853aca243a02f034907bdde8f48acb6') in 0.0516595 seconds
Number of updated asset objects reloaded before import = 0Number of asset objects unloaded after import = 1

========================================================================
Received Import Request.
  Time since last request: 0.000055 seconds.
  path: Assets/Erufyta/StarterAssets/Environment/Prefabs/Stairs_650_400_300_Prefab.prefab
  artifactKey: Guid(50a0925b0c22af146a2d15615f815a1c) Importer(2089858483,b0f066a214c2f5e87bad3c948f4d605d)
Start importing Assets/Erufyta/StarterAssets/Environment/Prefabs/Stairs_650_400_300_Prefab.prefab using Guid(50a0925b0c22af146a2d15615f815a1c) Importer(2089858483,b0f066a214c2f5e87bad3c948f4d605d) (ScriptedImporter) -> (artifact id: '6312f6a8a3c7ce89bbf6480d951fee90') in 0.072455 seconds
Number of updated asset objects reloaded before import = 0Number of asset objects unloaded after import = 10

========================================================================
Received Import Request.
  Time since last request: 0.000091 seconds.
  path: Assets/Erufyta/StarterAssets/FirstPersonController/Scenes/Playground
  artifactKey: Guid(ece444ad7ba310d4c9fa193b1bcfe706) Importer(2089858483,b0f066a214c2f5e87bad3c948f4d605d)
Start importing Assets/Erufyta/StarterAssets/FirstPersonController/Scenes/Playground using Guid(ece444ad7ba310d4c9fa193b1bcfe706) Importer(2089858483,b0f066a214c2f5e87bad3c948f4d605d) (ScriptedImporter) -> (artifact id: 'bc104019782888c3e3a6731630686836') in 0.03431 seconds
Number of updated asset objects reloaded before import = 0Number of asset objects unloaded after import = 1

========================================================================
Received Import Request.
  Time since last request: 0.000046 seconds.
  path: Assets/Erufyta/StarterAssets/license.txt
  artifactKey: Guid(b846ecad8a98bd34dba8a5daf996d86e) Importer(2089858483,b0f066a214c2f5e87bad3c948f4d605d)
Start importing Assets/Erufyta/StarterAssets/license.txt using Guid(b846ecad8a98bd34dba8a5daf996d86e) Importer(2089858483,b0f066a214c2f5e87bad3c948f4d605d) (ScriptedImporter) -> (artifact id: '5b41f43a276dee431c221a56bcbaf373') in 0.2805988 seconds
Number of updated asset objects reloaded before import = 0Number of asset objects unloaded after import = 1

========================================================================
Received Import Request.
  Time since last request: 0.000067 seconds.
  path: Assets/Erufyta/StarterAssets/InputSystem/StarterAssets.inputsettings.asset
  artifactKey: Guid(9e7be553448fa2546aea5752021cbcf7) Importer(2089858483,b0f066a214c2f5e87bad3c948f4d605d)
Start importing Assets/Erufyta/StarterAssets/InputSystem/StarterAssets.inputsettings.asset using Guid(9e7be553448fa2546aea5752021cbcf7) Importer(2089858483,b0f066a214c2f5e87bad3c948f4d605d) (ScriptedImporter) -> (artifact id: '0ca9df759a1ed20cc41d99ea5b0c974d') in 0.5185216 seconds
Number of updated asset objects reloaded before import = 0Number of asset objects unloaded after import = 1

========================================================================
Received Import Request.
  Time since last request: 0.000078 seconds.
  path: Assets/Erufyta/StarterAssets/Mobile
  artifactKey: Guid(1d9a48e14080daf4794b86b4911eef32) Importer(2089858483,b0f066a214c2f5e87bad3c948f4d605d)
Start importing Assets/Erufyta/StarterAssets/Mobile using Guid(1d9a48e14080daf4794b86b4911eef32) Importer(2089858483,b0f066a214c2f5e87bad3c948f4d605d) (ScriptedImporter) -> (artifact id: '8a4ac8222df3310b84a2e994513cbf34') in 0.0585179 seconds
Number of updated asset objects reloaded before import = 0Number of asset objects unloaded after import = 1

========================================================================
Received Import Request.
  Time since last request: 0.000053 seconds.
  path: Assets/Erufyta/StarterAssets/Environment/Art/Materials/GridOrange_01_Mat.mat
  artifactKey: Guid(7ab977a21c92388468ee65ad1c0e5a78) Importer(2089858483,b0f066a214c2f5e87bad3c948f4d605d)
Start importing Assets/Erufyta/StarterAssets/Environment/Art/Materials/GridOrange_01_Mat.mat using Guid(7ab977a21c92388468ee65ad1c0e5a78) Importer(2089858483,b0f066a214c2f5e87bad3c948f4d605d) (ScriptedImporter) -> (artifact id: '249068a7cf53efd10233b21a7f760a44') in 0.1555266 seconds
Number of updated asset objects reloaded before import = 0Number of asset objects unloaded after import = 4

========================================================================
Received Import Request.
  Time since last request: 0.000065 seconds.
  path: Assets/Erufyta/StarterAssets/Environment/Prefabs/Tunnel_Prefab.prefab
  artifactKey: Guid(e5d7b87d422ee0f478ee09eb32e24f4e) Importer(2089858483,b0f066a214c2f5e87bad3c948f4d605d)
Start importing Assets/Erufyta/StarterAssets/Environment/Prefabs/Tunnel_Prefab.prefab using Guid(e5d7b87d422ee0f478ee09eb32e24f4e) Importer(2089858483,b0f066a214c2f5e87bad3c948f4d605d) (ScriptedImporter) -> (artifact id: 'b0ca8d9b60f108cf69669f3db704efdc') in 0.1935143 seconds
Number of updated asset objects reloaded before import = 0Number of asset objects unloaded after import = 11

========================================================================
Received Import Request.
  Time since last request: 0.000066 seconds.
  path: Assets/Erufyta/StarterAssets/Settings/High_PipelineAsset_ForwardRenderer.asset
  artifactKey: Guid(3845c0ed313b24e138f25ec5f2faacf0) Importer(2089858483,b0f066a214c2f5e87bad3c948f4d605d)
Start importing Assets/Erufyta/StarterAssets/Settings/High_PipelineAsset_ForwardRenderer.asset using Guid(3845c0ed313b24e138f25ec5f2faacf0) Importer(2089858483,b0f066a214c2f5e87bad3c948f4d605d) (ScriptedImporter) -> (artifact id: '1e56b4291699abd612fc453b6d493bf6') in 0.370861 seconds
Number of updated asset objects reloaded before import = 0Number of asset objects unloaded after import = 1

========================================================================
Received Import Request.
  Time since last request: 0.000039 seconds.
  path: Assets/Erufyta/StarterAssets/Settings/Ultra_PipelineAsset.asset
  artifactKey: Guid(8b79b977e86dc420c9a4b7b6c05a74a8) Importer(2089858483,b0f066a214c2f5e87bad3c948f4d605d)
Start importing Assets/Erufyta/StarterAssets/Settings/Ultra_PipelineAsset.asset using Guid(8b79b977e86dc420c9a4b7b6c05a74a8) Importer(2089858483,b0f066a214c2f5e87bad3c948f4d605d) (ScriptedImporter) -> (artifact id: 'b126406056da7924faf78c7c423cf06b') in 0.0663978 seconds
Number of updated asset objects reloaded before import = 0Number of asset objects unloaded after import = 2

========================================================================
Received Import Request.
  Time since last request: 0.000262 seconds.
  path: Assets/Erufyta/StarterAssets/Environment/Art/Textures/Grid_01_BaseMap.png
  artifactKey: Guid(d1118dda59970a2449ee890fa247c4c5) Importer(2089858483,b0f066a214c2f5e87bad3c948f4d605d)
Start importing Assets/Erufyta/StarterAssets/Environment/Art/Textures/Grid_01_BaseMap.png using Guid(d1118dda59970a2449ee890fa247c4c5) Importer(2089858483,b0f066a214c2f5e87bad3c948f4d605d) (ScriptedImporter) -> (artifact id: '3ff6f0269554f66133e91730de3e8910') in 0.0625598 seconds
Number of updated asset objects reloaded before import = 0Number of asset objects unloaded after import = 1

========================================================================
Received Import Request.
  Time since last request: 0.000031 seconds.
  path: Assets/Erufyta/StarterAssets/Mobile/UI/UI_Icon_Look.png
  artifactKey: Guid(af0ae2dbf3d1efb4f82af377950704a2) Importer(2089858483,b0f066a214c2f5e87bad3c948f4d605d)
Start importing Assets/Erufyta/StarterAssets/Mobile/UI/UI_Icon_Look.png using Guid(af0ae2dbf3d1efb4f82af377950704a2) Importer(2089858483,b0f066a214c2f5e87bad3c948f4d605d) (ScriptedImporter) -> (artifact id: 'ad25b793f57ac3310551a83e0a30f32c') in 0.0976351 seconds
Number of updated asset objects reloaded before import = 0Number of asset objects unloaded after import = 3

========================================================================
Received Import Request.
  Time since last request: 0.000068 seconds.
  path: Assets/Erufyta/StarterAssets/Mobile/Scripts/VirtualInputs/UIVirtualJoystick.cs
  artifactKey: Guid(f2cb8c4d669392748bb924209de33b85) Importer(2089858483,b0f066a214c2f5e87bad3c948f4d605d)
Start importing Assets/Erufyta/StarterAssets/Mobile/Scripts/VirtualInputs/UIVirtualJoystick.cs using Guid(f2cb8c4d669392748bb924209de33b85) Importer(2089858483,b0f066a214c2f5e87bad3c948f4d605d) (ScriptedImporter) -> (artifact id: 'a7fba8bbda567dd414c66e3d982034b4') in 0.1820474 seconds
Number of updated asset objects reloaded before import = 0Number of asset objects unloaded after import = 0

========================================================================
Received Import Request.
  Time since last request: 0.000119 seconds.
  path: Assets/Erufyta/StarterAssets/Environment/Art/Models/Ground_Mesh.fbx
  artifactKey: Guid(aa38d7b0e367ecc4aac915dcfe957879) Importer(2089858483,b0f066a214c2f5e87bad3c948f4d605d)
Start importing Assets/Erufyta/StarterAssets/Environment/Art/Models/Ground_Mesh.fbx using Guid(aa38d7b0e367ecc4aac915dcfe957879) Importer(2089858483,b0f066a214c2f5e87bad3c948f4d605d) (ScriptedImporter) -> (artifact id: '535a4c2b9317fcc6617229f6a27d6026') in 0.1269873 seconds
Number of updated asset objects reloaded before import = 0Number of asset objects unloaded after import = 8

========================================================================
Received Import Request.
  Time since last request: 0.000084 seconds.
  path: Assets/Erufyta/StarterAssets/Mobile/UI/UI_Icon_Jump.png
  artifactKey: Guid(751aa1b6637101946b2fdbb7aa27d6ad) Importer(2089858483,b0f066a214c2f5e87bad3c948f4d605d)
Start importing Assets/Erufyta/StarterAssets/Mobile/UI/UI_Icon_Jump.png using Guid(751aa1b6637101946b2fdbb7aa27d6ad) Importer(2089858483,b0f066a214c2f5e87bad3c948f4d605d) (ScriptedImporter) -> (artifact id: '213ad928c7a37ed2940dfd4ad02d4a4e') in 0.0769371 seconds
Number of updated asset objects reloaded before import = 0Number of asset objects unloaded after import = 3

========================================================================
Received Import Request.
  Time since last request: 0.000082 seconds.
  path: Assets/Erufyta/StarterAssets/Mobile/Scripts/Utilities/MobileDisableAutoSwitchControls.cs
  artifactKey: Guid(901182334643ba1438a25accc6bd0c79) Importer(2089858483,b0f066a214c2f5e87bad3c948f4d605d)
Start importing Assets/Erufyta/StarterAssets/Mobile/Scripts/Utilities/MobileDisableAutoSwitchControls.cs using Guid(901182334643ba1438a25accc6bd0c79) Importer(2089858483,b0f066a214c2f5e87bad3c948f4d605d) (ScriptedImporter) -> (artifact id: '389e76291d3c301a32cda5b1714da564') in 0.0370816 seconds
Number of updated asset objects reloaded before import = 0Number of asset objects unloaded after import = 0

========================================================================
Received Import Request.
  Time since last request: 0.000072 seconds.
  path: Assets/Erufyta/StarterAssets/Environment/Prefabs
  artifactKey: Guid(93bb3603ed019014a98e7c62df54135e) Importer(2089858483,b0f066a214c2f5e87bad3c948f4d605d)
Start importing Assets/Erufyta/StarterAssets/Environment/Prefabs using Guid(93bb3603ed019014a98e7c62df54135e) Importer(2089858483,b0f066a214c2f5e87bad3c948f4d605d) (ScriptedImporter) -> (artifact id: 'a2c61c47969fdb24c67324136bf21924') in 0.0361163 seconds
Number of updated asset objects reloaded before import = 0Number of asset objects unloaded after import = 1

========================================================================
Received Import Request.
  Time since last request: 0.000063 seconds.
  path: Assets/Erufyta/StarterAssets/Settings/High_PipelineAsset.asset
  artifactKey: Guid(85f61ec9fa7114d5f88c736532abeeef) Importer(2089858483,b0f066a214c2f5e87bad3c948f4d605d)
Start importing Assets/Erufyta/StarterAssets/Settings/High_PipelineAsset.asset using Guid(85f61ec9fa7114d5f88c736532abeeef) Importer(2089858483,b0f066a214c2f5e87bad3c948f4d605d) (ScriptedImporter) -> (artifact id: 'f848f23e6f7a2efab659a22255382d16') in 0.0710198 seconds
Number of updated asset objects reloaded before import = 0Number of asset objects unloaded after import = 2

========================================================================
Received Import Request.
  Time since last request: 0.000065 seconds.
  path: Assets/Erufyta/StarterAssets/Mobile/Scripts/CanvasInputs/UICanvasControllerInput.cs
  artifactKey: Guid(4a300d010f57451488aa99000126fbd5) Importer(2089858483,b0f066a214c2f5e87bad3c948f4d605d)
Start importing Assets/Erufyta/StarterAssets/Mobile/Scripts/CanvasInputs/UICanvasControllerInput.cs using Guid(4a300d010f57451488aa99000126fbd5) Importer(2089858483,b0f066a214c2f5e87bad3c948f4d605d) (ScriptedImporter) -> (artifact id: 'a014d23b42a7ffbf786ac05296132d5d') in 0.0434594 seconds
Number of updated asset objects reloaded before import = 0Number of asset objects unloaded after import = 0

========================================================================
Received Import Request.
  Time since last request: 0.000047 seconds.
  path: Assets/Erufyta/StarterAssets/Environment/Prefabs/Wall_Prefab.prefab
  artifactKey: Guid(9eb847ab97b24024588682c8601254cf) Importer(2089858483,b0f066a214c2f5e87bad3c948f4d605d)
Start importing Assets/Erufyta/StarterAssets/Environment/Prefabs/Wall_Prefab.prefab using Guid(9eb847ab97b24024588682c8601254cf) Importer(2089858483,b0f066a214c2f5e87bad3c948f4d605d) (ScriptedImporter) -> (artifact id: 'f4e2f18c1c9f37bc97375a912594d353') in 0.0862252 seconds
Number of updated asset objects reloaded before import = 0Number of asset objects unloaded after import = 10

========================================================================
Received Import Request.
  Time since last request: 0.000065 seconds.
  path: Assets/Erufyta/StarterAssets/TutorialInfo/Icons/ReadMeImg.PNG
  artifactKey: Guid(44a17a5b205fcd349a24700e6f5615bd) Importer(2089858483,b0f066a214c2f5e87bad3c948f4d605d)
Start importing Assets/Erufyta/StarterAssets/TutorialInfo/Icons/ReadMeImg.PNG using Guid(44a17a5b205fcd349a24700e6f5615bd) Importer(2089858483,b0f066a214c2f5e87bad3c948f4d605d) (ScriptedImporter) -> (artifact id: '6bafaca748013e2e5b68433cd92b6411') in 0.0853266 seconds
Number of updated asset objects reloaded before import = 0Number of asset objects unloaded after import = 1

========================================================================
Received Import Request.
  Time since last request: 0.000048 seconds.
  path: Assets/Erufyta/StarterAssets/Environment/Prefabs/Stairs_200x100x200_Prefab.prefab
  artifactKey: Guid(466621a4836aa504c87c15d88722d465) Importer(2089858483,b0f066a214c2f5e87bad3c948f4d605d)
Start importing Assets/Erufyta/StarterAssets/Environment/Prefabs/Stairs_200x100x200_Prefab.prefab using Guid(466621a4836aa504c87c15d88722d465) Importer(2089858483,b0f066a214c2f5e87bad3c948f4d605d) (ScriptedImporter) -> (artifact id: 'b96ef4939734e958d41cc207594213d2') in 0.1436524 seconds
Number of updated asset objects reloaded before import = 0Number of asset objects unloaded after import = 10

========================================================================
Received Import Request.
  Time since last request: 0.000072 seconds.
  path: Assets/Erufyta/StarterAssets/Mobile/Scripts
  artifactKey: Guid(7b0e507958fc3a940b3afabb02fdb2cc) Importer(2089858483,b0f066a214c2f5e87bad3c948f4d605d)
Start importing Assets/Erufyta/StarterAssets/Mobile/Scripts using Guid(7b0e507958fc3a940b3afabb02fdb2cc) Importer(2089858483,b0f066a214c2f5e87bad3c948f4d605d) (ScriptedImporter) -> (artifact id: 'f4c6356799e82dd297f2ae35286d90e0') in 0.0395342 seconds
Number of updated asset objects reloaded before import = 0Number of asset objects unloaded after import = 1

========================================================================
Received Import Request.
  Time since last request: 0.000058 seconds.
  path: Assets/Erufyta/StarterAssets/Settings/Very Low_PipelineAsset.asset
  artifactKey: Guid(69480fc1192f04488be5781c2ec080a9) Importer(2089858483,b0f066a214c2f5e87bad3c948f4d605d)
Start importing Assets/Erufyta/StarterAssets/Settings/Very Low_PipelineAsset.asset using Guid(69480fc1192f04488be5781c2ec080a9) Importer(2089858483,b0f066a214c2f5e87bad3c948f4d605d) (ScriptedImporter) -> (artifact id: 'ce01ca0d649cb77ba0280756d5ec514e') in 0.0882559 seconds
Number of updated asset objects reloaded before import = 0Number of asset objects unloaded after import = 2

========================================================================
Received Import Request.
  Time since last request: 0.000082 seconds.
  path: Assets/Erufyta/StarterAssets/Environment/Prefabs/Box_100x100x100_Prefab.prefab
  artifactKey: Guid(e5f4daf24146ee040b5a2d7a73b30aa0) Importer(2089858483,b0f066a214c2f5e87bad3c948f4d605d)
Start importing Assets/Erufyta/StarterAssets/Environment/Prefabs/Box_100x100x100_Prefab.prefab using Guid(e5f4daf24146ee040b5a2d7a73b30aa0) Importer(2089858483,b0f066a214c2f5e87bad3c948f4d605d) (ScriptedImporter) -> (artifact id: '3b9af48f9316800c23f44db05ecbc377') in 0.0900211 seconds
Number of updated asset objects reloaded before import = 0Number of asset objects unloaded after import = 8

========================================================================
Received Import Request.
  Time since last request: 0.000078 seconds.
  path: Assets/Erufyta/StarterAssets/Mobile/Prefabs/VirtualInputs/UI_Virtual_Joystick.prefab
  artifactKey: Guid(6eb08bfc0fd869c47b796c42ada099da) Importer(2089858483,b0f066a214c2f5e87bad3c948f4d605d)
Start importing Assets/Erufyta/StarterAssets/Mobile/Prefabs/VirtualInputs/UI_Virtual_Joystick.prefab using Guid(6eb08bfc0fd869c47b796c42ada099da) Importer(2089858483,b0f066a214c2f5e87bad3c948f4d605d) (ScriptedImporter) -> (artifact id: '90c1814869d08226efebf0576ef46dff') in 0.1295264 seconds
Number of updated asset objects reloaded before import = 0Number of asset objects unloaded after import = 18

========================================================================
Received Import Request.
  Time since last request: 0.000063 seconds.
  path: Assets/Erufyta/StarterAssets/Settings/Ultra_PipelineAsset_ForwardRenderer.asset
  artifactKey: Guid(4ee808e09c6774436b0c2a048e53e708) Importer(2089858483,b0f066a214c2f5e87bad3c948f4d605d)
Start importing Assets/Erufyta/StarterAssets/Settings/Ultra_PipelineAsset_ForwardRenderer.asset using Guid(4ee808e09c6774436b0c2a048e53e708) Importer(2089858483,b0f066a214c2f5e87bad3c948f4d605d) (ScriptedImporter) -> (artifact id: 'cedd455a24725da6dd7b7c8ac51796cf') in 0.2075702 seconds
Number of updated asset objects reloaded before import = 0Number of asset objects unloaded after import = 1

========================================================================
Received Import Request.
  Time since last request: 0.000121 seconds.
  path: Assets/Erufyta/StarterAssets/Mobile/Prefabs/VirtualInputs/UI_Virtual_TouchZone.prefab
  artifactKey: Guid(c82978c3789dad44da354dc354c782b2) Importer(2089858483,b0f066a214c2f5e87bad3c948f4d605d)
Start importing Assets/Erufyta/StarterAssets/Mobile/Prefabs/VirtualInputs/UI_Virtual_TouchZone.prefab using Guid(c82978c3789dad44da354dc354c782b2) Importer(2089858483,b0f066a214c2f5e87bad3c948f4d605d) (ScriptedImporter) -> (artifact id: 'ed88d2c06926df4db3a999376a7ca753') in 0.2262832 seconds
Number of updated asset objects reloaded before import = 0Number of asset objects unloaded after import = 17

========================================================================
Received Import Request.
  Time since last request: 0.000057 seconds.
  path: Assets/Erufyta/StarterAssets/Environment/Art/Skybox
  artifactKey: Guid(a5810db7e2f75fd4281a8ace4949bec8) Importer(2089858483,b0f066a214c2f5e87bad3c948f4d605d)
Start importing Assets/Erufyta/StarterAssets/Environment/Art/Skybox using Guid(a5810db7e2f75fd4281a8ace4949bec8) Importer(2089858483,b0f066a214c2f5e87bad3c948f4d605d) (ScriptedImporter) -> (artifact id: '8fc20f96e8e9a2a5bdd76e40a7df17c9') in 0.0668652 seconds
Number of updated asset objects reloaded before import = 0Number of asset objects unloaded after import = 1

========================================================================
Received Import Request.
  Time since last request: 0.000041 seconds.
  path: Assets/Erufyta/StarterAssets/Mobile/Prefabs/VirtualInputs/UI_Virtual_Button.prefab
  artifactKey: Guid(9e55d9b4642484f41be20c69a9b48063) Importer(2089858483,b0f066a214c2f5e87bad3c948f4d605d)
Start importing Assets/Erufyta/StarterAssets/Mobile/Prefabs/VirtualInputs/UI_Virtual_Button.prefab using Guid(9e55d9b4642484f41be20c69a9b48063) Importer(2089858483,b0f066a214c2f5e87bad3c948f4d605d) (ScriptedImporter) -> (artifact id: '50f3d2e8a5c2fc113d4cbd64f3ad25ed') in 0.2425972 seconds
Number of updated asset objects reloaded before import = 0Number of asset objects unloaded after import = 13

========================================================================
Received Import Request.
  Time since last request: 0.000170 seconds.
  path: Assets/Erufyta/StarterAssets/Settings/Very Low_PipelineAsset_ForwardRenderer.asset
  artifactKey: Guid(68e7634ac637d4fa3b93ca66af33aa8a) Importer(2089858483,b0f066a214c2f5e87bad3c948f4d605d)
Start importing Assets/Erufyta/StarterAssets/Settings/Very Low_PipelineAsset_ForwardRenderer.asset using Guid(68e7634ac637d4fa3b93ca66af33aa8a) Importer(2089858483,b0f066a214c2f5e87bad3c948f4d605d) (ScriptedImporter) -> (artifact id: '2e792eaf086c75520b0e0abbfda4dd25') in 0.0694256 seconds
Number of updated asset objects reloaded before import = 0Number of asset objects unloaded after import = 1

========================================================================
Received Prepare
Assembly reference Packages/com.unity.cinemachine/Editor/Samples/ExposeHDRPInternals/HDRP-Editor-ref.asmref has no target assembly definition
Assembly reference Packages/com.unity.cinemachine/Editor/Samples/ExposeHDRPInternals/HDRP-Editor-ref.asmref has no target assembly definition
Begin MonoManager ReloadAssembly
[Licensing::Client] Successfully resolved entitlement details
Symbol file LoadedFromMemory is not a mono symbol file
- Loaded All Assemblies, in 12.348 seconds
Assembly reference Packages/com.unity.cinemachine/Editor/Samples/ExposeHDRPInternals/HDRP-Editor-ref.asmref has no target assembly definition
'Packages/com.unity.cinemachine/Editor/Obsolete/CinemachineVirtualCameraBaseEditor.cs' contains partial class of Unity.Object, exactly 1 of the partial classes needs to be in a file with the same filename. This is to know the one that can be referenced from ie. GameObjects
'Packages/com.unity.cinemachine/Editor/Editors/CinemachineVirtualCameraBaseEditor.cs' contains partial class of Unity.Object, exactly 1 of the partial classes needs to be in a file with the same filename. This is to know the one that can be referenced from ie. GameObjects
Refreshing native plugins compatible for Editor in 4.96 ms, found 3 plugins.
Native extension for WindowsStandalone target not found
Native extension for WebGL target not found
Assembly reference Packages/com.unity.cinemachine/Editor/Samples/ExposeHDRPInternals/HDRP-Editor-ref.asmref has no target assembly definition
[Package Manager] Failed to launch server process. Reason: Unity was launched with the -noUpm command-line argument
[Package Manager] Unable to send message (not connected to server process).
[Package Manager] Cannot connect to Unity Package Manager local server
[Package Manager] Failed to launch server process. Reason: Unity was launched with the -noUpm command-line argument
[Package Manager] Unable to send message (not connected to server process).
[Package Manager] Cannot connect to Unity Package Manager local server
ScheduleIndexationOnStartup MainProcess:False IndexOnStartup:True
Mono: successfully reloaded assembly
- Finished resetting the current domain, in  3.212 seconds
Domain Reload Profiling: 15634ms
	BeginReloadAssembly (1851ms)
		ExecutionOrderSort (0ms)
		DisableScriptedObjects (56ms)
		BackupInstance (0ms)
		ReleaseScriptingObjects (2ms)
		CreateAndSetChildDomain (851ms)
	RebuildCommonClasses (393ms)
	RebuildNativeTypeToScriptingClass (60ms)
	initialDomainReloadingComplete (380ms)
	LoadAllAssembliesAndSetupDomain (9736ms)
		LoadAssemblies (6425ms)
		RebuildTransferFunctionScriptingTraits (0ms)
		AnalyzeDomain (3771ms)
			TypeCache.Refresh (132ms)
				TypeCache.ScanAssembly (15ms)
			BuildScriptInfoCaches (3338ms)
			ResolveRequiredComponents (103ms)
	FinalizeReload (3215ms)
		ReleaseScriptCaches (0ms)
		RebuildScriptCaches (0ms)
		SetupLoadedEditorAssemblies (2500ms)
			LogAssemblyErrors (0ms)
			InitializePlatformSupportModulesInManaged (8ms)
			SetLoadedEditorAssemblies (26ms)
			BeforeProcessingInitializeOnLoad (538ms)
			ProcessInitializeOnLoadAttributes (1685ms)
			ProcessInitializeOnLoadMethodAttributes (213ms)
			AfterProcessingInitializeOnLoad (29ms)
			EditorAssembliesLoaded (1ms)
		ExecutionOrderSort2 (0ms)
		AwakeInstancesAfterBackupRestoration (56ms)
Refreshing native plugins compatible for Editor in 1.83 ms, found 3 plugins.
Preloading 0 native plugins for Editor in 0.00 ms.
Unloading 22 Unused Serialized files (Serialized files now loaded: 0)
Unloading 6798 unused Assets / (5.8 MB). Loaded Objects now: 7669.
Memory consumption went from 178.8 MB to 173.1 MB.
Total: 20.427600 ms (FindLiveObjects: 1.643200 ms CreateObjectMapping: 1.536900 ms MarkObjects: 12.880900 ms  DeleteObjects: 4.363000 ms)

Prepare: number of updated asset objects reloaded= 0
========================================================================
Received Prepare
Assembly reference Packages/com.unity.cinemachine/Editor/Samples/ExposeHDRPInternals/HDRP-Editor-ref.asmref has no target assembly definition
Assembly reference Packages/com.unity.cinemachine/Editor/Samples/ExposeHDRPInternals/HDRP-Editor-ref.asmref has no target assembly definition
Begin MonoManager ReloadAssembly
[Licensing::Client] Successfully resolved entitlement details
Symbol file LoadedFromMemory is not a mono symbol file
- Loaded All Assemblies, in  5.704 seconds
Assembly reference Packages/com.unity.cinemachine/Editor/Samples/ExposeHDRPInternals/HDRP-Editor-ref.asmref has no target assembly definition
'Packages/com.unity.cinemachine/Editor/Obsolete/CinemachineVirtualCameraBaseEditor.cs' contains partial class of Unity.Object, exactly 1 of the partial classes needs to be in a file with the same filename. This is to know the one that can be referenced from ie. GameObjects
'Packages/com.unity.cinemachine/Editor/Editors/CinemachineVirtualCameraBaseEditor.cs' contains partial class of Unity.Object, exactly 1 of the partial classes needs to be in a file with the same filename. This is to know the one that can be referenced from ie. GameObjects
Refreshing native plugins compatible for Editor in 2.17 ms, found 3 plugins.
Native extension for WindowsStandalone target not found
Native extension for WebGL target not found
Assembly reference Packages/com.unity.cinemachine/Editor/Samples/ExposeHDRPInternals/HDRP-Editor-ref.asmref has no target assembly definition
[Package Manager] Failed to launch server process. Reason: Unity was launched with the -noUpm command-line argument
[Package Manager] Unable to send message (not connected to server process).
[Package Manager] Cannot connect to Unity Package Manager local server
[Package Manager] Failed to launch server process. Reason: Unity was launched with the -noUpm command-line argument
[Package Manager] Unable to send message (not connected to server process).
[Package Manager] Cannot connect to Unity Package Manager local server
ScheduleIndexationOnStartup MainProcess:False IndexOnStartup:True
Mono: successfully reloaded assembly
- Finished resetting the current domain, in  2.835 seconds
Domain Reload Profiling: 8559ms
	BeginReloadAssembly (1939ms)
		ExecutionOrderSort (1ms)
		DisableScriptedObjects (176ms)
		BackupInstance (0ms)
		ReleaseScriptingObjects (2ms)
		CreateAndSetChildDomain (881ms)
	RebuildCommonClasses (104ms)
	RebuildNativeTypeToScriptingClass (28ms)
	initialDomainReloadingComplete (97ms)
	LoadAllAssembliesAndSetupDomain (3554ms)
		LoadAssemblies (2519ms)
		RebuildTransferFunctionScriptingTraits (0ms)
		AnalyzeDomain (1319ms)
			TypeCache.Refresh (88ms)
				TypeCache.ScanAssembly (6ms)
			BuildScriptInfoCaches (1143ms)
			ResolveRequiredComponents (52ms)
	FinalizeReload (2836ms)
		ReleaseScriptCaches (0ms)
		RebuildScriptCaches (0ms)
		SetupLoadedEditorAssemblies (2424ms)
			LogAssemblyErrors (0ms)
			InitializePlatformSupportModulesInManaged (5ms)
			SetLoadedEditorAssemblies (11ms)
			BeforeProcessingInitializeOnLoad (453ms)
			ProcessInitializeOnLoadAttributes (1326ms)
			ProcessInitializeOnLoadMethodAttributes (598ms)
			AfterProcessingInitializeOnLoad (31ms)
			EditorAssembliesLoaded (1ms)
		ExecutionOrderSort2 (0ms)
		AwakeInstancesAfterBackupRestoration (59ms)
Refreshing native plugins compatible for Editor in 6.09 ms, found 3 plugins.
Preloading 0 native plugins for Editor in 0.00 ms.
Unloading 22 Unused Serialized files (Serialized files now loaded: 0)
Unloading 6797 unused Assets / (4.5 MB). Loaded Objects now: 7672.
Memory consumption went from 178.9 MB to 174.4 MB.
Total: 55.174700 ms (FindLiveObjects: 5.470200 ms CreateObjectMapping: 6.008600 ms MarkObjects: 33.606300 ms  DeleteObjects: 10.082200 ms)

Prepare: number of updated asset objects reloaded= 14
========================================================================
Received Import Request.
  Time since last request: 1204.256928 seconds.
  path: Assets/Erufyta/Flooded_Grounds/PostProcessing/Editor/Models
  artifactKey: Guid(d5341d31985da604db4b100f174142ad) Importer(2089858483,b0f066a214c2f5e87bad3c948f4d605d)
Start importing Assets/Erufyta/Flooded_Grounds/PostProcessing/Editor/Models using Guid(d5341d31985da604db4b100f174142ad) Importer(2089858483,b0f066a214c2f5e87bad3c948f4d605d) (ScriptedImporter) -> (artifact id: '5d79af43e7d6ecff3fcea0d58870657d') in 0.2137599 seconds
Number of updated asset objects reloaded before import = 0Number of asset objects unloaded after import = 1

========================================================================
Received Import Request.
  Time since last request: 0.000054 seconds.
  path: Assets/Erufyta/Flooded_Grounds/Prefabs/Nature/Trees/TreeCreator_Tall_A_Textures
  artifactKey: Guid(bbbb8adc99e6e88458671be01bd71db1) Importer(2089858483,b0f066a214c2f5e87bad3c948f4d605d)
Start importing Assets/Erufyta/Flooded_Grounds/Prefabs/Nature/Trees/TreeCreator_Tall_A_Textures using Guid(bbbb8adc99e6e88458671be01bd71db1) Importer(2089858483,b0f066a214c2f5e87bad3c948f4d605d) (ScriptedImporter) -> (artifact id: 'bdbcac0853cedef0ede5fd257042c7f1') in 0.0311068 seconds
Number of updated asset objects reloaded before import = 0Number of asset objects unloaded after import = 1

========================================================================
Received Import Request.
  Time since last request: 0.000225 seconds.
  path: Assets/Erufyta/Flooded_Grounds/PostProcessing/Utilities/CustomMotionTexture/Materials
  artifactKey: Guid(c4b2008f2662a41e587c4351609053c4) Importer(2089858483,b0f066a214c2f5e87bad3c948f4d605d)
Start importing Assets/Erufyta/Flooded_Grounds/PostProcessing/Utilities/CustomMotionTexture/Materials using Guid(c4b2008f2662a41e587c4351609053c4) Importer(2089858483,b0f066a214c2f5e87bad3c948f4d605d) (ScriptedImporter) -> (artifact id: 'e876f4da3ef3ecf55e3137a8cc7d35b0') in 0.0640025 seconds
Number of updated asset objects reloaded before import = 0Number of asset objects unloaded after import = 1

========================================================================
Received Import Request.
  Time since last request: 0.000055 seconds.
  path: Assets/Erufyta/Flooded_Grounds/Prefabs/Nature/Trees/TreeCreator_Tall_C_Textures
  artifactKey: Guid(b8a45dc1d85432d41a61d56579d2c522) Importer(2089858483,b0f066a214c2f5e87bad3c948f4d605d)
Start importing Assets/Erufyta/Flooded_Grounds/Prefabs/Nature/Trees/TreeCreator_Tall_C_Textures using Guid(b8a45dc1d85432d41a61d56579d2c522) Importer(2089858483,b0f066a214c2f5e87bad3c948f4d605d) (ScriptedImporter) -> (artifact id: '84c8f3924786a92bd3bb32c4fc1faec4') in 0.0564366 seconds
Number of updated asset objects reloaded before import = 0Number of asset objects unloaded after import = 1

========================================================================
Received Import Request.
  Time since last request: 0.000092 seconds.
  path: Assets/Erufyta/Flooded_Grounds/Prefabs/Buildings
  artifactKey: Guid(d650cd9c979be7c438a7813cf204fe45) Importer(2089858483,b0f066a214c2f5e87bad3c948f4d605d)
Start importing Assets/Erufyta/Flooded_Grounds/Prefabs/Buildings using Guid(d650cd9c979be7c438a7813cf204fe45) Importer(2089858483,b0f066a214c2f5e87bad3c948f4d605d) (ScriptedImporter) -> (artifact id: '3e83fccf1e067dc8b5a31e3b41ecd02d') in 0.0505003 seconds
Number of updated asset objects reloaded before import = 0Number of asset objects unloaded after import = 1

========================================================================
Received Import Request.
  Time since last request: 0.000090 seconds.
  path: Assets/Erufyta/Flooded_Grounds/PostProcessing/Resources/Shaders/Fog.shader
  artifactKey: Guid(2a72fc91cbae3cc4686a6143e8517993) Importer(2089858483,b0f066a214c2f5e87bad3c948f4d605d)
Start importing Assets/Erufyta/Flooded_Grounds/PostProcessing/Resources/Shaders/Fog.shader using Guid(2a72fc91cbae3cc4686a6143e8517993) Importer(2089858483,b0f066a214c2f5e87bad3c948f4d605d) (ScriptedImporter) -> (artifact id: 'f9c05dcc912646a0e726654ae7969e5c') in 0.2191922 seconds
Number of updated asset objects reloaded before import = 0Number of asset objects unloaded after import = 1

========================================================================
Received Import Request.
  Time since last request: 0.000056 seconds.
  path: Assets/Erufyta/Flooded_Grounds/PostProcessing/Resources/Shaders/EyeHistogram.compute
  artifactKey: Guid(e213272ad8ff213409a6e13b5c26b4e4) Importer(2089858483,b0f066a214c2f5e87bad3c948f4d605d)
Start importing Assets/Erufyta/Flooded_Grounds/PostProcessing/Resources/Shaders/EyeHistogram.compute using Guid(e213272ad8ff213409a6e13b5c26b4e4) Importer(2089858483,b0f066a214c2f5e87bad3c948f4d605d) (ScriptedImporter) -> (artifact id: '2d92ba3c7ab37501320f90f718441b77') in 0.0402524 seconds
Number of updated asset objects reloaded before import = 0Number of asset objects unloaded after import = 1

========================================================================
Received Import Request.
  Time since last request: 0.000057 seconds.
  path: Assets/Erufyta/Flooded_Grounds/Content/Trees/SrcTextures
  artifactKey: Guid(2eca1abe9e549844ba1434ba7a1ab576) Importer(2089858483,b0f066a214c2f5e87bad3c948f4d605d)
Start importing Assets/Erufyta/Flooded_Grounds/Content/Trees/SrcTextures using Guid(2eca1abe9e549844ba1434ba7a1ab576) Importer(2089858483,b0f066a214c2f5e87bad3c948f4d605d) (ScriptedImporter) -> (artifact id: '8d58ba981abf8ef85853d504a50c8be4') in 0.0500072 seconds
Number of updated asset objects reloaded before import = 0Number of asset objects unloaded after import = 1

========================================================================
Received Import Request.
  Time since last request: 0.000201 seconds.
  path: Assets/Erufyta/Flooded_Grounds/Prefabs/Nature/Trees/TreeCreator_Tall_C_Dead_Textures
  artifactKey: Guid(b89ba6d80db2e2242ae0c2d388a1066b) Importer(2089858483,b0f066a214c2f5e87bad3c948f4d605d)
Start importing Assets/Erufyta/Flooded_Grounds/Prefabs/Nature/Trees/TreeCreator_Tall_C_Dead_Textures using Guid(b89ba6d80db2e2242ae0c2d388a1066b) Importer(2089858483,b0f066a214c2f5e87bad3c948f4d605d) (ScriptedImporter) -> (artifact id: '8acd2edb2e67a1061c2c5ba9c8e4dcc2') in 0.0490804 seconds
Number of updated asset objects reloaded before import = 0Number of asset objects unloaded after import = 1

========================================================================
Received Import Request.
  Time since last request: 0.000051 seconds.
  path: Assets/Erufyta/Flooded_Grounds/PostProcessing/Runtime/Utils/MaterialFactory.cs
  artifactKey: Guid(594fad000c373f746864717c588e1815) Importer(2089858483,b0f066a214c2f5e87bad3c948f4d605d)
Start importing Assets/Erufyta/Flooded_Grounds/PostProcessing/Runtime/Utils/MaterialFactory.cs using Guid(594fad000c373f746864717c588e1815) Importer(2089858483,b0f066a214c2f5e87bad3c948f4d605d) (ScriptedImporter) -> (artifact id: '45b309ad754f5b99f24951ed0dae6300') in 0.1113026 seconds
Number of updated asset objects reloaded before import = 0Number of asset objects unloaded after import = 0

========================================================================
Received Import Request.
  Time since last request: 0.000134 seconds.
  path: Assets/Erufyta/Flooded_Grounds/Prefabs/Buildings/IndBuilding1/IndBuilding1_Ext_A.prefab
  artifactKey: Guid(2625fd40f9742e041adae0733e5b7bda) Importer(2089858483,b0f066a214c2f5e87bad3c948f4d605d)
Start importing Assets/Erufyta/Flooded_Grounds/Prefabs/Buildings/IndBuilding1/IndBuilding1_Ext_A.prefab using Guid(2625fd40f9742e041adae0733e5b7bda) Importer(2089858483,b0f066a214c2f5e87bad3c948f4d605d) (ScriptedImporter) -> (artifact id: '102b10efc942d0e28416bff3a291c33d') in 0.2747221 seconds
Number of updated asset objects reloaded before import = 0Number of asset objects unloaded after import = 7

========================================================================
Received Import Request.
  Time since last request: 0.000041 seconds.
  path: Assets/Erufyta/Flooded_Grounds/PostProcessing/Resources/Shaders/EyeAdaptation.shader
  artifactKey: Guid(81899cddfbc72494497a6db0ae045f2c) Importer(2089858483,b0f066a214c2f5e87bad3c948f4d605d)
Start importing Assets/Erufyta/Flooded_Grounds/PostProcessing/Resources/Shaders/EyeAdaptation.shader using Guid(81899cddfbc72494497a6db0ae045f2c) Importer(2089858483,b0f066a214c2f5e87bad3c948f4d605d) (ScriptedImporter) -> (artifact id: '956257fb071dceac930a20d3876d9f92') in 0.0434725 seconds
Number of updated asset objects reloaded before import = 0Number of asset objects unloaded after import = 1

========================================================================
Received Import Request.
  Time since last request: 0.000083 seconds.
  path: Assets/Erufyta/Flooded_Grounds/Content/Trees/SrcMeshes
  artifactKey: Guid(d90b1c1f809a0e64c90bbc1479fa7c96) Importer(2089858483,b0f066a214c2f5e87bad3c948f4d605d)
Start importing Assets/Erufyta/Flooded_Grounds/Content/Trees/SrcMeshes using Guid(d90b1c1f809a0e64c90bbc1479fa7c96) Importer(2089858483,b0f066a214c2f5e87bad3c948f4d605d) (ScriptedImporter) -> (artifact id: 'f4cea018db3029a4699679926bd138b9') in 0.0411545 seconds
Number of updated asset objects reloaded before import = 0Number of asset objects unloaded after import = 1

========================================================================
Received Import Request.
  Time since last request: 0.000054 seconds.
  path: Assets/Erufyta/Flooded_Grounds/PostProcessing/Textures
  artifactKey: Guid(e15c29a7abfa52743a8cb7714389c3c7) Importer(2089858483,b0f066a214c2f5e87bad3c948f4d605d)
Start importing Assets/Erufyta/Flooded_Grounds/PostProcessing/Textures using Guid(e15c29a7abfa52743a8cb7714389c3c7) Importer(2089858483,b0f066a214c2f5e87bad3c948f4d605d) (ScriptedImporter) -> (artifact id: '1687e3ff5d143e6449d5478f2e21d9f4') in 0.0457088 seconds
Number of updated asset objects reloaded before import = 0Number of asset objects unloaded after import = 1

========================================================================
Received Import Request.
  Time since last request: 0.000062 seconds.
  path: Assets/Erufyta/Flooded_Grounds/PostProcessing/Runtime/Components/DepthOfFieldComponent.cs
  artifactKey: Guid(d862c8701bf34c342b95cf9058d0b70c) Importer(2089858483,b0f066a214c2f5e87bad3c948f4d605d)
Start importing Assets/Erufyta/Flooded_Grounds/PostProcessing/Runtime/Components/DepthOfFieldComponent.cs using Guid(d862c8701bf34c342b95cf9058d0b70c) Importer(2089858483,b0f066a214c2f5e87bad3c948f4d605d) (ScriptedImporter) -> (artifact id: '71f9c3e1f613d14652a4b24f48b4b004') in 0.0500804 seconds
Number of updated asset objects reloaded before import = 0Number of asset objects unloaded after import = 0

========================================================================
Received Import Request.
  Time since last request: 0.000099 seconds.
  path: Assets/Erufyta/Flooded_Grounds/Content/Meshes/mBuildings/mStructures/Struct_WoodBoard_A.fbx
  artifactKey: Guid(f68bb980a76c51c47b409d79a806f367) Importer(2089858483,b0f066a214c2f5e87bad3c948f4d605d)
Start importing Assets/Erufyta/Flooded_Grounds/Content/Meshes/mBuildings/mStructures/Struct_WoodBoard_A.fbx using Guid(f68bb980a76c51c47b409d79a806f367) Importer(2089858483,b0f066a214c2f5e87bad3c948f4d605d) (ScriptedImporter) -> (artifact id: 'afd3eb95c746c8b7694b6f1e80d26bc4') in 0.0970946 seconds
Number of updated asset objects reloaded before import = 0Number of asset objects unloaded after import = 7

========================================================================
Received Prepare
Assembly reference Packages/com.unity.cinemachine/Editor/Samples/ExposeHDRPInternals/HDRP-Editor-ref.asmref has no target assembly definition
Assembly reference Packages/com.unity.cinemachine/Editor/Samples/ExposeHDRPInternals/HDRP-Editor-ref.asmref has no target assembly definition
Begin MonoManager ReloadAssembly
[Licensing::Client] Successfully resolved entitlement details
Symbol file LoadedFromMemory is not a mono symbol file
- Loaded All Assemblies, in  4.075 seconds
Assembly reference Packages/com.unity.cinemachine/Editor/Samples/ExposeHDRPInternals/HDRP-Editor-ref.asmref has no target assembly definition
'Packages/com.unity.cinemachine/Editor/Obsolete/CinemachineVirtualCameraBaseEditor.cs' contains partial class of Unity.Object, exactly 1 of the partial classes needs to be in a file with the same filename. This is to know the one that can be referenced from ie. GameObjects
'Packages/com.unity.cinemachine/Editor/Editors/CinemachineVirtualCameraBaseEditor.cs' contains partial class of Unity.Object, exactly 1 of the partial classes needs to be in a file with the same filename. This is to know the one that can be referenced from ie. GameObjects
Refreshing native plugins compatible for Editor in 3.13 ms, found 3 plugins.
Native extension for WindowsStandalone target not found
Native extension for WebGL target not found
Assembly reference Packages/com.unity.cinemachine/Editor/Samples/ExposeHDRPInternals/HDRP-Editor-ref.asmref has no target assembly definition
[Package Manager] Failed to launch server process. Reason: Unity was launched with the -noUpm command-line argument
[Package Manager] Unable to send message (not connected to server process).
[Package Manager] Cannot connect to Unity Package Manager local server
[Package Manager] Failed to launch server process. Reason: Unity was launched with the -noUpm command-line argument
[Package Manager] Unable to send message (not connected to server process).
[Package Manager] Cannot connect to Unity Package Manager local server
ScheduleIndexationOnStartup MainProcess:False IndexOnStartup:True
Mono: successfully reloaded assembly
- Finished resetting the current domain, in  3.207 seconds
Domain Reload Profiling: 7262ms
	BeginReloadAssembly (697ms)
		ExecutionOrderSort (0ms)
		DisableScriptedObjects (13ms)
		BackupInstance (0ms)
		ReleaseScriptingObjects (1ms)
		CreateAndSetChildDomain (226ms)
	RebuildCommonClasses (96ms)
	RebuildNativeTypeToScriptingClass (44ms)
	initialDomainReloadingComplete (160ms)
	LoadAllAssembliesAndSetupDomain (3058ms)
		LoadAssemblies (2183ms)
		RebuildTransferFunctionScriptingTraits (0ms)
		AnalyzeDomain (1171ms)
			TypeCache.Refresh (55ms)
				TypeCache.ScanAssembly (0ms)
			BuildScriptInfoCaches (1074ms)
			ResolveRequiredComponents (28ms)
	FinalizeReload (3208ms)
		ReleaseScriptCaches (0ms)
		RebuildScriptCaches (0ms)
		SetupLoadedEditorAssemblies (2756ms)
			LogAssemblyErrors (0ms)
			InitializePlatformSupportModulesInManaged (5ms)
			SetLoadedEditorAssemblies (18ms)
			BeforeProcessingInitializeOnLoad (634ms)
			ProcessInitializeOnLoadAttributes (1926ms)
			ProcessInitializeOnLoadMethodAttributes (146ms)
			AfterProcessingInitializeOnLoad (26ms)
			EditorAssembliesLoaded (1ms)
		ExecutionOrderSort2 (0ms)
		AwakeInstancesAfterBackupRestoration (47ms)
Refreshing native plugins compatible for Editor in 45.27 ms, found 3 plugins.
Preloading 0 native plugins for Editor in 0.00 ms.
Unloading 22 Unused Serialized files (Serialized files now loaded: 0)
Unloading 6797 unused Assets / (3.9 MB). Loaded Objects now: 7675.
Memory consumption went from 179.0 MB to 175.1 MB.
Total: 261.940100 ms (FindLiveObjects: 36.050000 ms CreateObjectMapping: 23.691700 ms MarkObjects: 116.233600 ms  DeleteObjects: 85.868600 ms)

Prepare: number of updated asset objects reloaded= 0
========================================================================
Received Import Request.
  Time since last request: 714.003433 seconds.
  path: Assets/Erufyta/Flooded_Grounds/PostProcessing/Utilities
  artifactKey: Guid(478d405e757b044f2bd9c4b777026b7e) Importer(2089858483,b0f066a214c2f5e87bad3c948f4d605d)
Start importing Assets/Erufyta/Flooded_Grounds/PostProcessing/Utilities using Guid(478d405e757b044f2bd9c4b777026b7e) Importer(2089858483,b0f066a214c2f5e87bad3c948f4d605d) (ScriptedImporter) -> (artifact id: '21b01eace46c380629ce6a08dbf7b969') in 1.729023 seconds
Number of updated asset objects reloaded before import = 0Number of asset objects unloaded after import = 1

========================================================================
Received Import Request.
  Time since last request: 0.001757 seconds.
  path: Assets/Erufyta/Flooded_Grounds/PostProcessing/Resources/Shaders/ScreenSpaceReflection.shader
  artifactKey: Guid(607a5643efb168f429e438f7d6ad270a) Importer(2089858483,b0f066a214c2f5e87bad3c948f4d605d)
Start importing Assets/Erufyta/Flooded_Grounds/PostProcessing/Resources/Shaders/ScreenSpaceReflection.shader using Guid(607a5643efb168f429e438f7d6ad270a) Importer(2089858483,b0f066a214c2f5e87bad3c948f4d605d) (ScriptedImporter) -> (artifact id: '2255ff67c9511294928eb322962db2b0') in 0.489 seconds
Number of updated asset objects reloaded before import = 0Number of asset objects unloaded after import = 1

========================================================================
Received Import Request.
  Time since last request: 0.000037 seconds.
  path: Assets/Erufyta/Flooded_Grounds/PostProcessing/Utilities/CustomMotionTexture/Models
  artifactKey: Guid(ef5ce588de3614b39b5ba7b0613cbe43) Importer(2089858483,b0f066a214c2f5e87bad3c948f4d605d)
Start importing Assets/Erufyta/Flooded_Grounds/PostProcessing/Utilities/CustomMotionTexture/Models using Guid(ef5ce588de3614b39b5ba7b0613cbe43) Importer(2089858483,b0f066a214c2f5e87bad3c948f4d605d) (ScriptedImporter) -> (artifact id: '896d225de8eb63bdf0194d167f9dba3c') in 0.0387578 seconds
Number of updated asset objects reloaded before import = 0Number of asset objects unloaded after import = 1

========================================================================
Received Prepare
Assembly reference Packages/com.unity.cinemachine/Editor/Samples/ExposeHDRPInternals/HDRP-Editor-ref.asmref has no target assembly definition
Assembly reference Packages/com.unity.cinemachine/Editor/Samples/ExposeHDRPInternals/HDRP-Editor-ref.asmref has no target assembly definition
Begin MonoManager ReloadAssembly
[Licensing::Client] Successfully resolved entitlement details
Symbol file LoadedFromMemory is not a mono symbol file
- Loaded All Assemblies, in 11.812 seconds
Assembly reference Packages/com.unity.cinemachine/Editor/Samples/ExposeHDRPInternals/HDRP-Editor-ref.asmref has no target assembly definition
'Packages/com.unity.cinemachine/Editor/Obsolete/CinemachineVirtualCameraBaseEditor.cs' contains partial class of Unity.Object, exactly 1 of the partial classes needs to be in a file with the same filename. This is to know the one that can be referenced from ie. GameObjects
'Packages/com.unity.cinemachine/Editor/Editors/CinemachineVirtualCameraBaseEditor.cs' contains partial class of Unity.Object, exactly 1 of the partial classes needs to be in a file with the same filename. This is to know the one that can be referenced from ie. GameObjects
Refreshing native plugins compatible for Editor in 5.44 ms, found 3 plugins.
Native extension for WindowsStandalone target not found
Native extension for WebGL target not found
Assembly reference Packages/com.unity.cinemachine/Editor/Samples/ExposeHDRPInternals/HDRP-Editor-ref.asmref has no target assembly definition
[Package Manager] Failed to launch server process. Reason: Unity was launched with the -noUpm command-line argument
[Package Manager] Unable to send message (not connected to server process).
[Package Manager] Cannot connect to Unity Package Manager local server
[Package Manager] Failed to launch server process. Reason: Unity was launched with the -noUpm command-line argument
[Package Manager] Unable to send message (not connected to server process).
[Package Manager] Cannot connect to Unity Package Manager local server
ScheduleIndexationOnStartup MainProcess:False IndexOnStartup:True
Mono: successfully reloaded assembly
- Finished resetting the current domain, in  5.857 seconds
Domain Reload Profiling: 17713ms
	BeginReloadAssembly (3204ms)
		ExecutionOrderSort (1ms)
		DisableScriptedObjects (53ms)
		BackupInstance (0ms)
		ReleaseScriptingObjects (5ms)
		CreateAndSetChildDomain (1932ms)
	RebuildCommonClasses (197ms)
	RebuildNativeTypeToScriptingClass (44ms)
	initialDomainReloadingComplete (166ms)
	LoadAllAssembliesAndSetupDomain (8242ms)
		LoadAssemblies (6202ms)
		RebuildTransferFunctionScriptingTraits (0ms)
		AnalyzeDomain (2878ms)
			TypeCache.Refresh (96ms)
				TypeCache.ScanAssembly (0ms)
			BuildScriptInfoCaches (2640ms)
			ResolveRequiredComponents (64ms)
	FinalizeReload (5859ms)
		ReleaseScriptCaches (0ms)
		RebuildScriptCaches (0ms)
		SetupLoadedEditorAssemblies (5212ms)
			LogAssemblyErrors (0ms)
			InitializePlatformSupportModulesInManaged (7ms)
			SetLoadedEditorAssemblies (16ms)
			BeforeProcessingInitializeOnLoad (648ms)
			ProcessInitializeOnLoadAttributes (3890ms)
			ProcessInitializeOnLoadMethodAttributes (606ms)
			AfterProcessingInitializeOnLoad (42ms)
			EditorAssembliesLoaded (2ms)
		ExecutionOrderSort2 (1ms)
		AwakeInstancesAfterBackupRestoration (117ms)
Refreshing native plugins compatible for Editor in 34.68 ms, found 3 plugins.
Preloading 0 native plugins for Editor in 0.00 ms.
Unloading 22 Unused Serialized files (Serialized files now loaded: 0)
Unloading 6797 unused Assets / (6.2 MB). Loaded Objects now: 7678.
Memory consumption went from 179.0 MB to 172.8 MB.
Total: 126.586000 ms (FindLiveObjects: 16.970600 ms CreateObjectMapping: 3.358500 ms MarkObjects: 70.101400 ms  DeleteObjects: 35.748200 ms)

Prepare: number of updated asset objects reloaded= 0
========================================================================
Received Import Request.
  Time since last request: 157.786555 seconds.
  path: Assets/Erufyta/Flooded_Grounds/PostProcessing/Resources/Shaders/MotionBlur.shader
  artifactKey: Guid(6ab8493603d8f8e408750b81666a95f1) Importer(2089858483,b0f066a214c2f5e87bad3c948f4d605d)
Start importing Assets/Erufyta/Flooded_Grounds/PostProcessing/Resources/Shaders/MotionBlur.shader using Guid(6ab8493603d8f8e408750b81666a95f1) Importer(2089858483,b0f066a214c2f5e87bad3c948f4d605d) (ScriptedImporter) -> (artifact id: '3a4eecc88875cef14db7e9cc0d013fd4') in 1.6792394 seconds
Number of updated asset objects reloaded before import = 0Number of asset objects unloaded after import = 1

========================================================================
Received Import Request.
  Time since last request: 0.000951 seconds.
  path: Assets/Erufyta/Flooded_Grounds/Prefabs/Buildings/Villa1/Villa1_Door_B.prefab
  artifactKey: Guid(4ba8e211073bd4c4883585b581504113) Importer(2089858483,b0f066a214c2f5e87bad3c948f4d605d)
Start importing Assets/Erufyta/Flooded_Grounds/Prefabs/Buildings/Villa1/Villa1_Door_B.prefab using Guid(4ba8e211073bd4c4883585b581504113) Importer(2089858483,b0f066a214c2f5e87bad3c948f4d605d) (ScriptedImporter) -> (artifact id: '8ea5394e187036898261607f9cb7d0b8') in 1.0597239 seconds
Number of updated asset objects reloaded before import = 0Number of asset objects unloaded after import = 8

========================================================================
Received Import Request.
  Time since last request: 0.000320 seconds.
  path: Assets/Erufyta/Flooded_Grounds/Prefabs
  artifactKey: Guid(4bd36e038f7e7884baea499e908b3aa6) Importer(2089858483,b0f066a214c2f5e87bad3c948f4d605d)
Start importing Assets/Erufyta/Flooded_Grounds/Prefabs using Guid(4bd36e038f7e7884baea499e908b3aa6) Importer(2089858483,b0f066a214c2f5e87bad3c948f4d605d) (ScriptedImporter) -> (artifact id: 'a7b145e0304fc9dd73aba37c5024a945') in 0.0924052 seconds
Number of updated asset objects reloaded before import = 0Number of asset objects unloaded after import = 1

========================================================================
Received Import Request.
  Time since last request: 0.000405 seconds.
  path: Assets/Erufyta/Flooded_Grounds/Prefabs/Buildings/BrickHouse/BrickHouse_Deco_IntColumn_A.prefab
  artifactKey: Guid(91aa488086ba1864bac8975b7b13487b) Importer(2089858483,b0f066a214c2f5e87bad3c948f4d605d)
Start importing Assets/Erufyta/Flooded_Grounds/Prefabs/Buildings/BrickHouse/BrickHouse_Deco_IntColumn_A.prefab using Guid(91aa488086ba1864bac8975b7b13487b) Importer(2089858483,b0f066a214c2f5e87bad3c948f4d605d) (ScriptedImporter) -> (artifact id: 'a401bf03a785ce3632daf7e09ff1067b') in 0.1034453 seconds
Number of updated asset objects reloaded before import = 0Number of asset objects unloaded after import = 8

========================================================================
Received Import Request.
  Time since last request: 0.000105 seconds.
  path: Assets/Erufyta/Flooded_Grounds/Prefabs/Buildings/Villa2
  artifactKey: Guid(be807a4e037b8934fb03c4cb60413688) Importer(2089858483,b0f066a214c2f5e87bad3c948f4d605d)
Start importing Assets/Erufyta/Flooded_Grounds/Prefabs/Buildings/Villa2 using Guid(be807a4e037b8934fb03c4cb60413688) Importer(2089858483,b0f066a214c2f5e87bad3c948f4d605d) (ScriptedImporter) -> (artifact id: '6fdfb9633c41bcf4aa90b59ba4f3cad2') in 0.0363902 seconds
Number of updated asset objects reloaded before import = 0Number of asset objects unloaded after import = 1

========================================================================
Received Import Request.
  Time since last request: 0.000040 seconds.
  path: Assets/Erufyta/Flooded_Grounds/PostProcessing/Resources/Shaders/Uber.shader
  artifactKey: Guid(8ce0a6f4c8cae334d8a5617f302b6769) Importer(2089858483,b0f066a214c2f5e87bad3c948f4d605d)
Start importing Assets/Erufyta/Flooded_Grounds/PostProcessing/Resources/Shaders/Uber.shader using Guid(8ce0a6f4c8cae334d8a5617f302b6769) Importer(2089858483,b0f066a214c2f5e87bad3c948f4d605d) (ScriptedImporter) -> (artifact id: '43702164bc8c1ba5cd8e58aaef479db1') in 0.0292933 seconds
Number of updated asset objects reloaded before import = 0Number of asset objects unloaded after import = 1

========================================================================
Received Import Request.
  Time since last request: 0.000032 seconds.
  path: Assets/Erufyta/Flooded_Grounds/PostProcessing/Utilities/CustomMotionTexture/Textures
  artifactKey: Guid(92c42dce939f844cea2248583e06bd55) Importer(2089858483,b0f066a214c2f5e87bad3c948f4d605d)
Start importing Assets/Erufyta/Flooded_Grounds/PostProcessing/Utilities/CustomMotionTexture/Textures using Guid(92c42dce939f844cea2248583e06bd55) Importer(2089858483,b0f066a214c2f5e87bad3c948f4d605d) (ScriptedImporter) -> (artifact id: '7ed26390b84c9c64ad8b6f00d62e6691') in 0.0257672 seconds
Number of updated asset objects reloaded before import = 0Number of asset objects unloaded after import = 1

========================================================================
Received Import Request.
  Time since last request: 0.000074 seconds.
  path: Assets/Erufyta/Flooded_Grounds/Prefabs/Buildings/IndBuilding1/IndBuilding1_Deco_IntColumn_Top.prefab
  artifactKey: Guid(c77c9941a488b844f81552ee194644cb) Importer(2089858483,b0f066a214c2f5e87bad3c948f4d605d)
Start importing Assets/Erufyta/Flooded_Grounds/Prefabs/Buildings/IndBuilding1/IndBuilding1_Deco_IntColumn_Top.prefab using Guid(c77c9941a488b844f81552ee194644cb) Importer(2089858483,b0f066a214c2f5e87bad3c948f4d605d) (ScriptedImporter) -> (artifact id: '99235bdc7abe529a307f140b775f7595') in 0.0755867 seconds
Number of updated asset objects reloaded before import = 0Number of asset objects unloaded after import = 7

========================================================================
Received Import Request.
  Time since last request: 0.000046 seconds.
  path: Assets/Erufyta/Flooded_Grounds/Prefabs/Buildings/Barns/Barn2_End_A.prefab
  artifactKey: Guid(187cfe41b73208f4ca3c7033eb15603d) Importer(2089858483,b0f066a214c2f5e87bad3c948f4d605d)
Start importing Assets/Erufyta/Flooded_Grounds/Prefabs/Buildings/Barns/Barn2_End_A.prefab using Guid(187cfe41b73208f4ca3c7033eb15603d) Importer(2089858483,b0f066a214c2f5e87bad3c948f4d605d) (ScriptedImporter) -> (artifact id: 'ed793becc1d2bde0be40f3921142e699') in 0.0604373 seconds
Number of updated asset objects reloaded before import = 0Number of asset objects unloaded after import = 7

========================================================================
Received Import Request.
  Time since last request: 0.000023 seconds.
  path: Assets/Erufyta/Flooded_Grounds/Content/Meshes/mProps/lo_Prop_Car1_DM.fbm
  artifactKey: Guid(2d57e1f23875a7e4d904b9d5a7023d8f) Importer(2089858483,b0f066a214c2f5e87bad3c948f4d605d)
Start importing Assets/Erufyta/Flooded_Grounds/Content/Meshes/mProps/lo_Prop_Car1_DM.fbm using Guid(2d57e1f23875a7e4d904b9d5a7023d8f) Importer(2089858483,b0f066a214c2f5e87bad3c948f4d605d) (ScriptedImporter) -> (artifact id: 'c41edc2b887e7169940c2399e62712d5') in 0.0240758 seconds
Number of updated asset objects reloaded before import = 0Number of asset objects unloaded after import = 1

========================================================================
Received Import Request.
  Time since last request: 0.497051 seconds.
  path: Assets/Erufyta/Flooded_Grounds/Content/Meshes/mProps/lo_Prop_ChurchBench_A.fbx
  artifactKey: Guid(1aa9665178251df4bb03fb86ea2eb860) Importer(2089858483,b0f066a214c2f5e87bad3c948f4d605d)
Start importing Assets/Erufyta/Flooded_Grounds/Content/Meshes/mProps/lo_Prop_ChurchBench_A.fbx using Guid(1aa9665178251df4bb03fb86ea2eb860) Importer(2089858483,b0f066a214c2f5e87bad3c948f4d605d) (ScriptedImporter) -> (artifact id: '345a1983c669a3e87b4ddb08a8153788') in 0.3418433 seconds
Number of updated asset objects reloaded before import = 0Number of asset objects unloaded after import = 15

========================================================================
Received Import Request.
  Time since last request: 0.000183 seconds.
  path: Assets/Erufyta/Flooded_Grounds/Prefabs/Buildings/Villa1/Villa1_Top_Cor_A.prefab
  artifactKey: Guid(c07e4a61a403f6c4d9c06befc65876fd) Importer(2089858483,b0f066a214c2f5e87bad3c948f4d605d)
Start importing Assets/Erufyta/Flooded_Grounds/Prefabs/Buildings/Villa1/Villa1_Top_Cor_A.prefab using Guid(c07e4a61a403f6c4d9c06befc65876fd) Importer(2089858483,b0f066a214c2f5e87bad3c948f4d605d) (ScriptedImporter) -> (artifact id: '42c4b69eabf5a2309d0b45468c98f000') in 0.1081736 seconds
Number of updated asset objects reloaded before import = 0Number of asset objects unloaded after import = 7

========================================================================
Received Import Request.
  Time since last request: 0.000121 seconds.
  path: Assets/Erufyta/Flooded_Grounds/Content/Meshes/mBuildings/mStructures/Struct_Fence1_Gate_B.fbx
  artifactKey: Guid(44e1fa61100e81943b5459bacbc07b12) Importer(2089858483,b0f066a214c2f5e87bad3c948f4d605d)
Start importing Assets/Erufyta/Flooded_Grounds/Content/Meshes/mBuildings/mStructures/Struct_Fence1_Gate_B.fbx using Guid(44e1fa61100e81943b5459bacbc07b12) Importer(2089858483,b0f066a214c2f5e87bad3c948f4d605d) (ScriptedImporter) -> (artifact id: '2c397ec1bcf4b426c67b52f9c469cd28') in 0.1617519 seconds
Number of updated asset objects reloaded before import = 0Number of asset objects unloaded after import = 20

========================================================================
Received Import Request.
  Time since last request: 0.000173 seconds.
  path: Assets/Erufyta/Flooded_Grounds/Content/Meshes/mBuildings/mStructures/Pavement2_Mid_A.fbx
  artifactKey: Guid(f175db5183ae8f14cb4cb669a89224ab) Importer(2089858483,b0f066a214c2f5e87bad3c948f4d605d)
Start importing Assets/Erufyta/Flooded_Grounds/Content/Meshes/mBuildings/mStructures/Pavement2_Mid_A.fbx using Guid(f175db5183ae8f14cb4cb669a89224ab) Importer(2089858483,b0f066a214c2f5e87bad3c948f4d605d) (ScriptedImporter) -> (artifact id: '0343cc1f0e76d1d9b70829d67fa22a4f') in 0.1009014 seconds
Number of updated asset objects reloaded before import = 0Number of asset objects unloaded after import = 7

========================================================================
Received Import Request.
  Time since last request: 0.000058 seconds.
  path: Assets/Erufyta/Flooded_Grounds/PostProcessing/Editor/Models/ChromaticAberrationEditor.cs
  artifactKey: Guid(8a713f71a0169794a915a081f6242f60) Importer(2089858483,b0f066a214c2f5e87bad3c948f4d605d)
Start importing Assets/Erufyta/Flooded_Grounds/PostProcessing/Editor/Models/ChromaticAberrationEditor.cs using Guid(8a713f71a0169794a915a081f6242f60) Importer(2089858483,b0f066a214c2f5e87bad3c948f4d605d) (ScriptedImporter) -> (artifact id: '8ca2c5101a86291a7d26560fab22a7a2') in 0.0629893 seconds
Number of updated asset objects reloaded before import = 0Number of asset objects unloaded after import = 0

========================================================================
Received Import Request.
  Time since last request: 0.000306 seconds.
  path: Assets/Erufyta/Flooded_Grounds/Content/Trees/SrcMaterials/Trunk1.mat
  artifactKey: Guid(9826fe7197425e945a006283954b7f91) Importer(2089858483,b0f066a214c2f5e87bad3c948f4d605d)
Start importing Assets/Erufyta/Flooded_Grounds/Content/Trees/SrcMaterials/Trunk1.mat using Guid(9826fe7197425e945a006283954b7f91) Importer(2089858483,b0f066a214c2f5e87bad3c948f4d605d) (ScriptedImporter) -> (artifact id: '859ceae917ba00e954a0c9b895c5c504') in 0.194049 seconds
Number of updated asset objects reloaded before import = 0Number of asset objects unloaded after import = 2

========================================================================
Received Import Request.
  Time since last request: 0.000089 seconds.
  path: Assets/Erufyta/Flooded_Grounds/Resources/WavingGrass.shader
  artifactKey: Guid(db31f891f3edf1e49bcd407afef5c3da) Importer(2089858483,b0f066a214c2f5e87bad3c948f4d605d)
Start importing Assets/Erufyta/Flooded_Grounds/Resources/WavingGrass.shader using Guid(db31f891f3edf1e49bcd407afef5c3da) Importer(2089858483,b0f066a214c2f5e87bad3c948f4d605d) (ScriptedImporter) -> (artifact id: '2787c300593595998163e54997eaadbd') in 0.0802126 seconds
Number of updated asset objects reloaded before import = 0Number of asset objects unloaded after import = 1

========================================================================
Received Import Request.
  Time since last request: 0.000108 seconds.
  path: Assets/Erufyta/Flooded_Grounds/Content/Textures/BLD_WindowGlass1_N.tif
  artifactKey: Guid(eb799aa129deb9c4ca94540c1352657c) Importer(2089858483,b0f066a214c2f5e87bad3c948f4d605d)
Start importing Assets/Erufyta/Flooded_Grounds/Content/Textures/BLD_WindowGlass1_N.tif using Guid(eb799aa129deb9c4ca94540c1352657c) Importer(2089858483,b0f066a214c2f5e87bad3c948f4d605d) (ScriptedImporter) -> (artifact id: 'fccbec62be98b41e708cdc10f16839a0') in 0.2711289 seconds
Number of updated asset objects reloaded before import = 0Number of asset objects unloaded after import = 1

========================================================================
Received Import Request.
  Time since last request: 0.000051 seconds.
  path: Assets/Erufyta/Flooded_Grounds/Prefabs/Buildings/Villa2/Villa2_Top_Cor_A.prefab
  artifactKey: Guid(25575cc1628c55f43a78405469c60df8) Importer(2089858483,b0f066a214c2f5e87bad3c948f4d605d)
Start importing Assets/Erufyta/Flooded_Grounds/Prefabs/Buildings/Villa2/Villa2_Top_Cor_A.prefab using Guid(25575cc1628c55f43a78405469c60df8) Importer(2089858483,b0f066a214c2f5e87bad3c948f4d605d) (ScriptedImporter) -> (artifact id: '31c1b1538a5975b2d5676491e860d866') in 0.0806335 seconds
Number of updated asset objects reloaded before import = 0Number of asset objects unloaded after import = 7

========================================================================
Received Import Request.
  Time since last request: 0.000081 seconds.
  path: Assets/Erufyta/Flooded_Grounds/Prefabs/Buildings/Structures1/Struct_WoodBoard_A.prefab
  artifactKey: Guid(6d668391662efbf43ac29d9224a0b6d9) Importer(2089858483,b0f066a214c2f5e87bad3c948f4d605d)
Start importing Assets/Erufyta/Flooded_Grounds/Prefabs/Buildings/Structures1/Struct_WoodBoard_A.prefab using Guid(6d668391662efbf43ac29d9224a0b6d9) Importer(2089858483,b0f066a214c2f5e87bad3c948f4d605d) (ScriptedImporter) -> (artifact id: 'b1d02a0869907a94f9f078609c4337ba') in 0.0690436 seconds
Number of updated asset objects reloaded before import = 0Number of asset objects unloaded after import = 8

========================================================================
Received Import Request.
  Time since last request: 0.000041 seconds.
  path: Assets/Erufyta/Flooded_Grounds/Prefabs/Buildings/Barns/Barn1_Mid_A.prefab
  artifactKey: Guid(cd244ec18c5216249a6ae8df087ef34d) Importer(2089858483,b0f066a214c2f5e87bad3c948f4d605d)
Start importing Assets/Erufyta/Flooded_Grounds/Prefabs/Buildings/Barns/Barn1_Mid_A.prefab using Guid(cd244ec18c5216249a6ae8df087ef34d) Importer(2089858483,b0f066a214c2f5e87bad3c948f4d605d) (ScriptedImporter) -> (artifact id: 'd878986bd4ae54ea496ea3b413b211dc') in 0.0831776 seconds
Number of updated asset objects reloaded before import = 0Number of asset objects unloaded after import = 7

========================================================================
Received Import Request.
  Time since last request: 0.000040 seconds.
  path: Assets/Erufyta/Flooded_Grounds/Content/Meshes/mBuildings/mStructures/Struct_Fence1_Mid_C.fbx
  artifactKey: Guid(503d5fd1db92cbd479503c51c0f49761) Importer(2089858483,b0f066a214c2f5e87bad3c948f4d605d)
Start importing Assets/Erufyta/Flooded_Grounds/Content/Meshes/mBuildings/mStructures/Struct_Fence1_Mid_C.fbx using Guid(503d5fd1db92cbd479503c51c0f49761) Importer(2089858483,b0f066a214c2f5e87bad3c948f4d605d) (ScriptedImporter) -> (artifact id: '15025e5f50e33427d8644e5aa6628803') in 0.0914453 seconds
Number of updated asset objects reloaded before import = 0Number of asset objects unloaded after import = 20

========================================================================
Received Import Request.
  Time since last request: 0.000159 seconds.
  path: Assets/Erufyta/Flooded_Grounds/Prefabs/Buildings/Villa1/Villa1_Deco_Beam_A.prefab
  artifactKey: Guid(909999d1c675e9141bd20febde2629f0) Importer(2089858483,b0f066a214c2f5e87bad3c948f4d605d)
Start importing Assets/Erufyta/Flooded_Grounds/Prefabs/Buildings/Villa1/Villa1_Deco_Beam_A.prefab using Guid(909999d1c675e9141bd20febde2629f0) Importer(2089858483,b0f066a214c2f5e87bad3c948f4d605d) (ScriptedImporter) -> (artifact id: '4d816b62d8b5c6629ff3c61890097966') in 0.1164908 seconds
Number of updated asset objects reloaded before import = 0Number of asset objects unloaded after import = 7

========================================================================
Received Import Request.
  Time since last request: 0.000053 seconds.
  path: Assets/Erufyta/Flooded_Grounds/Prefabs/Buildings/Villa2/Villa2_Deco_Column_Mid_B.prefab
  artifactKey: Guid(cd395b40de0957d4d9c85b8e623a07d1) Importer(2089858483,b0f066a214c2f5e87bad3c948f4d605d)
Start importing Assets/Erufyta/Flooded_Grounds/Prefabs/Buildings/Villa2/Villa2_Deco_Column_Mid_B.prefab using Guid(cd395b40de0957d4d9c85b8e623a07d1) Importer(2089858483,b0f066a214c2f5e87bad3c948f4d605d) (ScriptedImporter) -> (artifact id: 'bf60ca1a755fd425855931315652f88b') in 0.1032417 seconds
Number of updated asset objects reloaded before import = 0Number of asset objects unloaded after import = 7

========================================================================
Received Import Request.
  Time since last request: 0.000046 seconds.
  path: Assets/Erufyta/Flooded_Grounds/Prefabs/Buildings/Structures1/Struct_Fence1_Gate_B.prefab
  artifactKey: Guid(4b8bfd825ef8db444b6bb8add0914c2c) Importer(2089858483,b0f066a214c2f5e87bad3c948f4d605d)
Start importing Assets/Erufyta/Flooded_Grounds/Prefabs/Buildings/Structures1/Struct_Fence1_Gate_B.prefab using Guid(4b8bfd825ef8db444b6bb8add0914c2c) Importer(2089858483,b0f066a214c2f5e87bad3c948f4d605d) (ScriptedImporter) -> (artifact id: '72acbe9c90dc546dece357b023a0ce46') in 0.0964984 seconds
Number of updated asset objects reloaded before import = 0Number of asset objects unloaded after import = 23

========================================================================
Received Import Request.
  Time since last request: 0.000063 seconds.
  path: Assets/Erufyta/Flooded_Grounds/Prefabs/Nature/Trees/TreeCreator_Small_A_Textures/diffuse.png
  artifactKey: Guid(c987d1c2e16f99941b95186a978b55be) Importer(2089858483,b0f066a214c2f5e87bad3c948f4d605d)
Start importing Assets/Erufyta/Flooded_Grounds/Prefabs/Nature/Trees/TreeCreator_Small_A_Textures/diffuse.png using Guid(c987d1c2e16f99941b95186a978b55be) Importer(2089858483,b0f066a214c2f5e87bad3c948f4d605d) (ScriptedImporter) -> (artifact id: '2921041b179aecc74f45f649104d1507') in 0.1139765 seconds
Number of updated asset objects reloaded before import = 0Number of asset objects unloaded after import = 1

========================================================================
Received Import Request.
  Time since last request: 0.000165 seconds.
  path: Assets/Erufyta/Flooded_Grounds/PostProcessing/Runtime/Models/ScreenSpaceReflectionModel.cs
  artifactKey: Guid(e841012229e57cd408a146561435e90d) Importer(2089858483,b0f066a214c2f5e87bad3c948f4d605d)
Start importing Assets/Erufyta/Flooded_Grounds/PostProcessing/Runtime/Models/ScreenSpaceReflectionModel.cs using Guid(e841012229e57cd408a146561435e90d) Importer(2089858483,b0f066a214c2f5e87bad3c948f4d605d) (ScriptedImporter) -> (artifact id: '93fff0c4fa8068b6d6501d29eca1b50c') in 0.0543849 seconds
Number of updated asset objects reloaded before import = 0Number of asset objects unloaded after import = 0

========================================================================
Received Import Request.
  Time since last request: 0.000043 seconds.
  path: Assets/Erufyta/Flooded_Grounds/Prefabs/Buildings/Structures1/Struct_Roundabout_A.prefab
  artifactKey: Guid(573d86f217605f74fb5d661020262d92) Importer(2089858483,b0f066a214c2f5e87bad3c948f4d605d)
Start importing Assets/Erufyta/Flooded_Grounds/Prefabs/Buildings/Structures1/Struct_Roundabout_A.prefab using Guid(573d86f217605f74fb5d661020262d92) Importer(2089858483,b0f066a214c2f5e87bad3c948f4d605d) (ScriptedImporter) -> (artifact id: '32833adb67701a137adb70e206bdf80a') in 0.1206389 seconds
Number of updated asset objects reloaded before import = 0Number of asset objects unloaded after import = 9

========================================================================
Received Import Request.
  Time since last request: 0.000080 seconds.
  path: Assets/Erufyta/Flooded_Grounds/Prefabs/Buildings/Structures1/Pavement2_Mid_A.prefab
  artifactKey: Guid(688b081210a779845bda66a0015f75ab) Importer(2089858483,b0f066a214c2f5e87bad3c948f4d605d)
Start importing Assets/Erufyta/Flooded_Grounds/Prefabs/Buildings/Structures1/Pavement2_Mid_A.prefab using Guid(688b081210a779845bda66a0015f75ab) Importer(2089858483,b0f066a214c2f5e87bad3c948f4d605d) (ScriptedImporter) -> (artifact id: 'e4314da3f573a43e154cda2ef0b22706') in 0.1525954 seconds
Number of updated asset objects reloaded before import = 0Number of asset objects unloaded after import = 8

========================================================================
Received Import Request.
  Time since last request: 0.000047 seconds.
  path: Assets/Erufyta/Flooded_Grounds/PostProcessing/Resources/Bluenoise64/LDR_LLL1_19.png
  artifactKey: Guid(729a3ae164bcb3b4380459386adcf331) Importer(2089858483,b0f066a214c2f5e87bad3c948f4d605d)
Start importing Assets/Erufyta/Flooded_Grounds/PostProcessing/Resources/Bluenoise64/LDR_LLL1_19.png using Guid(729a3ae164bcb3b4380459386adcf331) Importer(2089858483,b0f066a214c2f5e87bad3c948f4d605d) (ScriptedImporter) -> (artifact id: 'f2c08565b876417d55bd69dd58a54acd') in 0.2227323 seconds
Number of updated asset objects reloaded before import = 0Number of asset objects unloaded after import = 1

========================================================================
Received Import Request.
  Time since last request: 0.000105 seconds.
  path: Assets/Erufyta/Flooded_Grounds/Content/Trees/SrcTextures/FOL_BushBranch1_D.tif
  artifactKey: Guid(91c87f223cdd2384582ee577eb01c946) Importer(2089858483,b0f066a214c2f5e87bad3c948f4d605d)
Start importing Assets/Erufyta/Flooded_Grounds/Content/Trees/SrcTextures/FOL_BushBranch1_D.tif using Guid(91c87f223cdd2384582ee577eb01c946) Importer(2089858483,b0f066a214c2f5e87bad3c948f4d605d) (ScriptedImporter) -> (artifact id: 'f7845e215bf0cf18b9f5862826f88f9d') in 0.1659632 seconds
Number of updated asset objects reloaded before import = 0Number of asset objects unloaded after import = 1

========================================================================
Received Import Request.
  Time since last request: 0.000049 seconds.
  path: Assets/Erufyta/Flooded_Grounds/Prefabs/Buildings/IndBuilding1/IndBuilding1_Base_Mid_A.prefab
  artifactKey: Guid(5f8119929abe75e4e8f9da64a6263f12) Importer(2089858483,b0f066a214c2f5e87bad3c948f4d605d)
Start importing Assets/Erufyta/Flooded_Grounds/Prefabs/Buildings/IndBuilding1/IndBuilding1_Base_Mid_A.prefab using Guid(5f8119929abe75e4e8f9da64a6263f12) Importer(2089858483,b0f066a214c2f5e87bad3c948f4d605d) (ScriptedImporter) -> (artifact id: '678f40cd19820915ddfa28744b860bdc') in 0.150722 seconds
Number of updated asset objects reloaded before import = 0Number of asset objects unloaded after import = 7

========================================================================
Received Import Request.
  Time since last request: 0.000055 seconds.
  path: Assets/Erufyta/Flooded_Grounds/Prefabs/Buildings/Villa2/Villa2_Deco_Column_Top_A.prefab
  artifactKey: Guid(59cd9f0362fbbe9429b68578566a5baa) Importer(2089858483,b0f066a214c2f5e87bad3c948f4d605d)
Start importing Assets/Erufyta/Flooded_Grounds/Prefabs/Buildings/Villa2/Villa2_Deco_Column_Top_A.prefab using Guid(59cd9f0362fbbe9429b68578566a5baa) Importer(2089858483,b0f066a214c2f5e87bad3c948f4d605d) (ScriptedImporter) -> (artifact id: 'c9447a580ed090f5137a7208f5ff4202') in 0.0876308 seconds
Number of updated asset objects reloaded before import = 0Number of asset objects unloaded after import = 7

========================================================================
Received Import Request.
  Time since last request: 0.000059 seconds.
  path: Assets/Erufyta/Flooded_Grounds/Prefabs/Buildings/Villa2/Villa2_Base_Cor_A.prefab
  artifactKey: Guid(d1077a23caa4367478d7279d5a274545) Importer(2089858483,b0f066a214c2f5e87bad3c948f4d605d)
Start importing Assets/Erufyta/Flooded_Grounds/Prefabs/Buildings/Villa2/Villa2_Base_Cor_A.prefab using Guid(d1077a23caa4367478d7279d5a274545) Importer(2089858483,b0f066a214c2f5e87bad3c948f4d605d) (ScriptedImporter) -> (artifact id: '13c79955d7b41125f6343122e1d810d5') in 0.0907539 seconds
Number of updated asset objects reloaded before import = 0Number of asset objects unloaded after import = 7

========================================================================
Received Import Request.
  Time since last request: 0.000152 seconds.
  path: Assets/Erufyta/Flooded_Grounds/Content/Textures/BLD_Church1_MS.tif
  artifactKey: Guid(c3a0fe73b1e00a747b8c28bcf0af0e55) Importer(2089858483,b0f066a214c2f5e87bad3c948f4d605d)
Start importing Assets/Erufyta/Flooded_Grounds/Content/Textures/BLD_Church1_MS.tif using Guid(c3a0fe73b1e00a747b8c28bcf0af0e55) Importer(2089858483,b0f066a214c2f5e87bad3c948f4d605d) (ScriptedImporter) -> (artifact id: 'ff92723cedd5f9ec8efc25b1b73a683f') in 0.1013558 seconds
Number of updated asset objects reloaded before import = 0Number of asset objects unloaded after import = 1

========================================================================
Received Import Request.
  Time since last request: 0.000039 seconds.
  path: Assets/Erufyta/Flooded_Grounds/Prefabs/Buildings/Structures1/Struct_FlowerBox_B.prefab
  artifactKey: Guid(c8bc0302c0ec56c4c9b94683f171d4be) Importer(2089858483,b0f066a214c2f5e87bad3c948f4d605d)
Start importing Assets/Erufyta/Flooded_Grounds/Prefabs/Buildings/Structures1/Struct_FlowerBox_B.prefab using Guid(c8bc0302c0ec56c4c9b94683f171d4be) Importer(2089858483,b0f066a214c2f5e87bad3c948f4d605d) (ScriptedImporter) -> (artifact id: '595204f675ccfdf3df4946ecaa6ad1aa') in 0.1073798 seconds
Number of updated asset objects reloaded before import = 0Number of asset objects unloaded after import = 10

========================================================================
Received Import Request.
  Time since last request: 0.000077 seconds.
  path: Assets/Erufyta/Flooded_Grounds/PostProcessing/Editor/PropertyDrawers/TrackballGroupDrawer.cs
  artifactKey: Guid(a668d493c5ed56d448b53c19b2c3dfd2) Importer(2089858483,b0f066a214c2f5e87bad3c948f4d605d)
Start importing Assets/Erufyta/Flooded_Grounds/PostProcessing/Editor/PropertyDrawers/TrackballGroupDrawer.cs using Guid(a668d493c5ed56d448b53c19b2c3dfd2) Importer(2089858483,b0f066a214c2f5e87bad3c948f4d605d) (ScriptedImporter) -> (artifact id: '20704f609d9bdbdd88ba1c2a987dc691') in 0.0637972 seconds
Number of updated asset objects reloaded before import = 0Number of asset objects unloaded after import = 0

========================================================================
Received Import Request.
  Time since last request: 0.000059 seconds.
  path: Assets/Erufyta/Flooded_Grounds/Prefabs/Nature/Rocks/CobbleRock_C.prefab
  artifactKey: Guid(675dd002390c04947b66a330d6ce7727) Importer(2089858483,b0f066a214c2f5e87bad3c948f4d605d)
Start importing Assets/Erufyta/Flooded_Grounds/Prefabs/Nature/Rocks/CobbleRock_C.prefab using Guid(675dd002390c04947b66a330d6ce7727) Importer(2089858483,b0f066a214c2f5e87bad3c948f4d605d) (ScriptedImporter) -> (artifact id: 'b471c6ccc9a3ecbd38a0b14952dccd9c') in 0.1281679 seconds
Number of updated asset objects reloaded before import = 0Number of asset objects unloaded after import = 20

========================================================================
Received Import Request.
  Time since last request: 0.000059 seconds.
  path: Assets/Erufyta/Flooded_Grounds/Prefabs/Buildings/Structures1/Struct_Pole_B.prefab
  artifactKey: Guid(b202f9933e5d7394689b70295c34e096) Importer(2089858483,b0f066a214c2f5e87bad3c948f4d605d)
Start importing Assets/Erufyta/Flooded_Grounds/Prefabs/Buildings/Structures1/Struct_Pole_B.prefab using Guid(b202f9933e5d7394689b70295c34e096) Importer(2089858483,b0f066a214c2f5e87bad3c948f4d605d) (ScriptedImporter) -> (artifact id: '4a9d91cd40293fc7043685352cc28852') in 0.1072282 seconds
Number of updated asset objects reloaded before import = 0Number of asset objects unloaded after import = 17

========================================================================
Received Import Request.
  Time since last request: 0.000086 seconds.
  path: Assets/Erufyta/Flooded_Grounds/PostProcessing/Runtime/Components/DitheringComponent.cs
  artifactKey: Guid(35ceb4b3cfab56d43a3f0efeb9d68c43) Importer(2089858483,b0f066a214c2f5e87bad3c948f4d605d)
Start importing Assets/Erufyta/Flooded_Grounds/PostProcessing/Runtime/Components/DitheringComponent.cs using Guid(35ceb4b3cfab56d43a3f0efeb9d68c43) Importer(2089858483,b0f066a214c2f5e87bad3c948f4d605d) (ScriptedImporter) -> (artifact id: 'a4f17e1923154a9a500bc643a8caa73c') in 0.040816 seconds
Number of updated asset objects reloaded before import = 0Number of asset objects unloaded after import = 0

========================================================================
Received Import Request.
  Time since last request: 0.000039 seconds.
  path: Assets/Erufyta/Flooded_Grounds/PostProcessing/Resources/Shaders/ACES.cginc
  artifactKey: Guid(b8d56fc3449f426408c23c723b58d7b5) Importer(2089858483,b0f066a214c2f5e87bad3c948f4d605d)
Start importing Assets/Erufyta/Flooded_Grounds/PostProcessing/Resources/Shaders/ACES.cginc using Guid(b8d56fc3449f426408c23c723b58d7b5) Importer(2089858483,b0f066a214c2f5e87bad3c948f4d605d) (ScriptedImporter) -> (artifact id: '12920b062e0234ff85cebef92e44512e') in 0.0538636 seconds
Number of updated asset objects reloaded before import = 0Number of asset objects unloaded after import = 1

========================================================================
Received Import Request.
  Time since last request: 0.000028 seconds.
  path: Assets/Erufyta/Flooded_Grounds/PostProcessing/Runtime/PostProcessingModel.cs
  artifactKey: Guid(28413153a26e53342baf1a7b2c3711c3) Importer(2089858483,b0f066a214c2f5e87bad3c948f4d605d)
Start importing Assets/Erufyta/Flooded_Grounds/PostProcessing/Runtime/PostProcessingModel.cs using Guid(28413153a26e53342baf1a7b2c3711c3) Importer(2089858483,b0f066a214c2f5e87bad3c948f4d605d) (ScriptedImporter) -> (artifact id: '68e8514b46984458741cc686016422d1') in 0.0278917 seconds
Number of updated asset objects reloaded before import = 0Number of asset objects unloaded after import = 0

========================================================================
Received Import Request.
  Time since last request: 0.000066 seconds.
  path: Assets/Erufyta/Flooded_Grounds/Prefabs/Nature/Grass/Grass_Tall_A.prefab
  artifactKey: Guid(303e052397d101d4593b4a0653331030) Importer(2089858483,b0f066a214c2f5e87bad3c948f4d605d)
Start importing Assets/Erufyta/Flooded_Grounds/Prefabs/Nature/Grass/Grass_Tall_A.prefab using Guid(303e052397d101d4593b4a0653331030) Importer(2089858483,b0f066a214c2f5e87bad3c948f4d605d) (ScriptedImporter) -> (artifact id: 'c37c3f9d331bf3d7ca34ce3a4784fd4b') in 0.3333594 seconds
Number of updated asset objects reloaded before import = 0Number of asset objects unloaded after import = 8

========================================================================
Received Import Request.
  Time since last request: 0.000050 seconds.
  path: Assets/Erufyta/Flooded_Grounds/PostProcessing/Runtime/Components/ChromaticAberrationComponent.cs
  artifactKey: Guid(b9c65642df654a84d84ded1b07448a4c) Importer(2089858483,b0f066a214c2f5e87bad3c948f4d605d)
Start importing Assets/Erufyta/Flooded_Grounds/PostProcessing/Runtime/Components/ChromaticAberrationComponent.cs using Guid(b9c65642df654a84d84ded1b07448a4c) Importer(2089858483,b0f066a214c2f5e87bad3c948f4d605d) (ScriptedImporter) -> (artifact id: '3ccb38f148f63fcbd50795fbf0606706') in 0.031023 seconds
Number of updated asset objects reloaded before import = 0Number of asset objects unloaded after import = 0

========================================================================
Received Import Request.
  Time since last request: 0.000113 seconds.
  path: Assets/Erufyta/Flooded_Grounds/Prefabs/Buildings/Structures1/Struct_Fence1_Column_A.prefab
  artifactKey: Guid(74e94f0416ca474418749ee6c97439b2) Importer(2089858483,b0f066a214c2f5e87bad3c948f4d605d)
Start importing Assets/Erufyta/Flooded_Grounds/Prefabs/Buildings/Structures1/Struct_Fence1_Column_A.prefab using Guid(74e94f0416ca474418749ee6c97439b2) Importer(2089858483,b0f066a214c2f5e87bad3c948f4d605d) (ScriptedImporter) -> (artifact id: 'a9bf0dcb5ae6c5334aeca4902ae1dfe3') in 0.0700936 seconds
Number of updated asset objects reloaded before import = 0Number of asset objects unloaded after import = 8

========================================================================
Received Import Request.
  Time since last request: 0.000175 seconds.
  path: Assets/Erufyta/Flooded_Grounds/Content/Meshes/mBuildings/mStructures/Struct_FlowerBox_A.fbx
  artifactKey: Guid(0bcaa992920b03e46be6f4bb603d9f03) Importer(2089858483,b0f066a214c2f5e87bad3c948f4d605d)
Start importing Assets/Erufyta/Flooded_Grounds/Content/Meshes/mBuildings/mStructures/Struct_FlowerBox_A.fbx using Guid(0bcaa992920b03e46be6f4bb603d9f03) Importer(2089858483,b0f066a214c2f5e87bad3c948f4d605d) (ScriptedImporter) -> (artifact id: 'd8bcfd125788c1488a9d9f9f2c39ecc0') in 0.0793356 seconds
Number of updated asset objects reloaded before import = 0Number of asset objects unloaded after import = 7

========================================================================
Received Import Request.
  Time since last request: 0.000067 seconds.
  path: Assets/Erufyta/Flooded_Grounds/Prefabs/Buildings/Villa1/Villa1_Deco_Column_Mid_A.prefab
  artifactKey: Guid(5296e314f038d5946b1e87c49325871e) Importer(2089858483,b0f066a214c2f5e87bad3c948f4d605d)
Start importing Assets/Erufyta/Flooded_Grounds/Prefabs/Buildings/Villa1/Villa1_Deco_Column_Mid_A.prefab using Guid(5296e314f038d5946b1e87c49325871e) Importer(2089858483,b0f066a214c2f5e87bad3c948f4d605d) (ScriptedImporter) -> (artifact id: 'a03895bb5510907eef1623f070a92868') in 0.0633543 seconds
Number of updated asset objects reloaded before import = 0Number of asset objects unloaded after import = 7

========================================================================
Received Import Request.
  Time since last request: 0.000048 seconds.
  path: Assets/Erufyta/Flooded_Grounds/Prefabs/Buildings/Cabins/Cabin2_Deco_WindowGlass_A.prefab
  artifactKey: Guid(773c221436526d44f8af6a31cd3c49ad) Importer(2089858483,b0f066a214c2f5e87bad3c948f4d605d)
Start importing Assets/Erufyta/Flooded_Grounds/Prefabs/Buildings/Cabins/Cabin2_Deco_WindowGlass_A.prefab using Guid(773c221436526d44f8af6a31cd3c49ad) Importer(2089858483,b0f066a214c2f5e87bad3c948f4d605d) (ScriptedImporter) -> (artifact id: '69eda19e34edd27d71f45ab05b8c9c55') in 0.0898976 seconds
Number of updated asset objects reloaded before import = 0Number of asset objects unloaded after import = 6

========================================================================
Received Import Request.
  Time since last request: 0.000076 seconds.
  path: Assets/Erufyta/Flooded_Grounds/Content/Trees/SrcTextures/FOL_Branch1_AS.tif
  artifactKey: Guid(ae2da5245646c01458580bd652e815de) Importer(2089858483,b0f066a214c2f5e87bad3c948f4d605d)
Start importing Assets/Erufyta/Flooded_Grounds/Content/Trees/SrcTextures/FOL_Branch1_AS.tif using Guid(ae2da5245646c01458580bd652e815de) Importer(2089858483,b0f066a214c2f5e87bad3c948f4d605d) (ScriptedImporter) -> (artifact id: 'fc5b073a50922986b64fca9c6c876f9a') in 0.0941705 seconds
Number of updated asset objects reloaded before import = 0Number of asset objects unloaded after import = 1

========================================================================
Received Import Request.
  Time since last request: 0.000093 seconds.
  path: Assets/Erufyta/Flooded_Grounds/Prefabs/Nature/Trees/TreeCreator_Crinkly_B_Textures/shadow.png
  artifactKey: Guid(b5296293e000f8448aba6559ed160bf0) Importer(2089858483,b0f066a214c2f5e87bad3c948f4d605d)
Start importing Assets/Erufyta/Flooded_Grounds/Prefabs/Nature/Trees/TreeCreator_Crinkly_B_Textures/shadow.png using Guid(b5296293e000f8448aba6559ed160bf0) Importer(2089858483,b0f066a214c2f5e87bad3c948f4d605d) (ScriptedImporter) -> (artifact id: '3a5f9d7eccea41c959d43df489b145bf') in 0.0504422 seconds
Number of updated asset objects reloaded before import = 0Number of asset objects unloaded after import = 1

========================================================================
Received Import Request.
  Time since last request: 0.000111 seconds.
  path: Assets/Erufyta/Flooded_Grounds/Prefabs/Buildings/IndBuilding1/IndBuilding1_Wall_Cor_A.prefab
  artifactKey: Guid(27c15c3480e146944b29c1661765cc65) Importer(2089858483,b0f066a214c2f5e87bad3c948f4d605d)
Start importing Assets/Erufyta/Flooded_Grounds/Prefabs/Buildings/IndBuilding1/IndBuilding1_Wall_Cor_A.prefab using Guid(27c15c3480e146944b29c1661765cc65) Importer(2089858483,b0f066a214c2f5e87bad3c948f4d605d) (ScriptedImporter) -> (artifact id: '0d7b342971a23338fbd05992573be450') in 0.0861946 seconds
Number of updated asset objects reloaded before import = 0Number of asset objects unloaded after import = 7

========================================================================
Received Import Request.
  Time since last request: 0.000073 seconds.
  path: Assets/Erufyta/Flooded_Grounds/Prefabs/Buildings/Structures1/Struct_Fence1_Gate_A.prefab
  artifactKey: Guid(5ef9b8247006c384f8209c0e0018d51e) Importer(2089858483,b0f066a214c2f5e87bad3c948f4d605d)
Start importing Assets/Erufyta/Flooded_Grounds/Prefabs/Buildings/Structures1/Struct_Fence1_Gate_A.prefab using Guid(5ef9b8247006c384f8209c0e0018d51e) Importer(2089858483,b0f066a214c2f5e87bad3c948f4d605d) (ScriptedImporter) -> (artifact id: '48b7338916e8c8d983e7b660b2e3be9f') in 0.1072904 seconds
Number of updated asset objects reloaded before import = 0Number of asset objects unloaded after import = 23

========================================================================
Received Import Request.
  Time since last request: 0.000073 seconds.
  path: Assets/Erufyta/Flooded_Grounds/PostProcessing/Resources/Bluenoise64/LDR_LLL1_6.png
  artifactKey: Guid(79b86f3419b87f3429164a956da8cfab) Importer(2089858483,b0f066a214c2f5e87bad3c948f4d605d)
Start importing Assets/Erufyta/Flooded_Grounds/PostProcessing/Resources/Bluenoise64/LDR_LLL1_6.png using Guid(79b86f3419b87f3429164a956da8cfab) Importer(2089858483,b0f066a214c2f5e87bad3c948f4d605d) (ScriptedImporter) -> (artifact id: 'abd622e84bcf0e97b6ff6e1d4c6c6b20') in 0.0850248 seconds
Number of updated asset objects reloaded before import = 0Number of asset objects unloaded after import = 1

========================================================================
Received Import Request.
  Time since last request: 0.000047 seconds.
  path: Assets/Erufyta/Flooded_Grounds/Prefabs/Buildings/IndBuilding1/IndBuilding1_Deco_Handrail_Cor_A.prefab
  artifactKey: Guid(d37b5c027abc7384c904ecf9baf35076) Importer(2089858483,b0f066a214c2f5e87bad3c948f4d605d)
Start importing Assets/Erufyta/Flooded_Grounds/Prefabs/Buildings/IndBuilding1/IndBuilding1_Deco_Handrail_Cor_A.prefab using Guid(d37b5c027abc7384c904ecf9baf35076) Importer(2089858483,b0f066a214c2f5e87bad3c948f4d605d) (ScriptedImporter) -> (artifact id: '6d52bd2ea105cd556420e14a9cf7a5a6') in 0.0854609 seconds
Number of updated asset objects reloaded before import = 0Number of asset objects unloaded after import = 7

========================================================================
Received Import Request.
  Time since last request: 0.000088 seconds.
  path: Assets/Erufyta/Flooded_Grounds/Content/Materials/BGR_Sky1.mat
  artifactKey: Guid(1612dc54605b67947bed7b6e6b4f48c4) Importer(2089858483,b0f066a214c2f5e87bad3c948f4d605d)
Start importing Assets/Erufyta/Flooded_Grounds/Content/Materials/BGR_Sky1.mat using Guid(1612dc54605b67947bed7b6e6b4f48c4) Importer(2089858483,b0f066a214c2f5e87bad3c948f4d605d) (ScriptedImporter) -> (artifact id: '6ebe65f4bb7204e82d5a70389c0a8f10') in 0.0961172 seconds
Number of updated asset objects reloaded before import = 0Number of asset objects unloaded after import = 2

========================================================================
Received Import Request.
  Time since last request: 0.000028 seconds.
  path: Assets/Erufyta/Flooded_Grounds/PostProcessing/Editor Resources/UI/CurveBackground.shader
  artifactKey: Guid(b1b2bfb2897659e45983f0c3e7dda2c8) Importer(2089858483,b0f066a214c2f5e87bad3c948f4d605d)
Start importing Assets/Erufyta/Flooded_Grounds/PostProcessing/Editor Resources/UI/CurveBackground.shader using Guid(b1b2bfb2897659e45983f0c3e7dda2c8) Importer(2089858483,b0f066a214c2f5e87bad3c948f4d605d) (ScriptedImporter) -> (artifact id: '2191c17ebe24bf97028ec97dbce5c9c7') in 0.0660572 seconds
Number of updated asset objects reloaded before import = 0Number of asset objects unloaded after import = 1

========================================================================
Received Import Request.
  Time since last request: 0.000049 seconds.
  path: Assets/Erufyta/Flooded_Grounds/Content/Shaders/FG_PBR_TopBlend.shader
  artifactKey: Guid(1a302063efeed7d49a2f2100a375a14f) Importer(2089858483,b0f066a214c2f5e87bad3c948f4d605d)
Start importing Assets/Erufyta/Flooded_Grounds/Content/Shaders/FG_PBR_TopBlend.shader using Guid(1a302063efeed7d49a2f2100a375a14f) Importer(2089858483,b0f066a214c2f5e87bad3c948f4d605d) (ScriptedImporter) -> (artifact id: 'bc55175c71bced2b9583efbc90cb60f5') in 0.1526463 seconds
Number of updated asset objects reloaded before import = 0Number of asset objects unloaded after import = 1

========================================================================
Received Import Request.
  Time since last request: 0.000033 seconds.
  path: Assets/Erufyta/Flooded_Grounds/Prefabs/Buildings/BrickHouse/BrickHouse_IntStairs_A.prefab
  artifactKey: Guid(f20c46319d796fd49812eef9f80d87a6) Importer(2089858483,b0f066a214c2f5e87bad3c948f4d605d)
Start importing Assets/Erufyta/Flooded_Grounds/Prefabs/Buildings/BrickHouse/BrickHouse_IntStairs_A.prefab using Guid(f20c46319d796fd49812eef9f80d87a6) Importer(2089858483,b0f066a214c2f5e87bad3c948f4d605d) (ScriptedImporter) -> (artifact id: '05eb5ce90874974e69485ec2a623a5cb') in 0.1058778 seconds
Number of updated asset objects reloaded before import = 0Number of asset objects unloaded after import = 8

========================================================================
Received Import Request.
  Time since last request: 0.000054 seconds.
  path: Assets/Erufyta/Flooded_Grounds/Prefabs/Buildings/Cabins/Cabin2_Mid2.prefab
  artifactKey: Guid(1df136745ae1d834d9df67fa39473042) Importer(2089858483,b0f066a214c2f5e87bad3c948f4d605d)
Start importing Assets/Erufyta/Flooded_Grounds/Prefabs/Buildings/Cabins/Cabin2_Mid2.prefab using Guid(1df136745ae1d834d9df67fa39473042) Importer(2089858483,b0f066a214c2f5e87bad3c948f4d605d) (ScriptedImporter) -> (artifact id: '8b92e465369ecbe2d53dd83fd5fc6e04') in 0.1063519 seconds
Number of updated asset objects reloaded before import = 0Number of asset objects unloaded after import = 7

========================================================================
Received Import Request.
  Time since last request: 0.000054 seconds.
  path: Assets/Erufyta/Flooded_Grounds/Prefabs/Buildings/Villa1/Villa1_Wall_Cor_A.prefab
  artifactKey: Guid(f75c1a412cade5e44931c36aad22a16c) Importer(2089858483,b0f066a214c2f5e87bad3c948f4d605d)
Start importing Assets/Erufyta/Flooded_Grounds/Prefabs/Buildings/Villa1/Villa1_Wall_Cor_A.prefab using Guid(f75c1a412cade5e44931c36aad22a16c) Importer(2089858483,b0f066a214c2f5e87bad3c948f4d605d) (ScriptedImporter) -> (artifact id: '44abed6c68df84ebace0e4d4250ba484') in 0.0906845 seconds
Number of updated asset objects reloaded before import = 0Number of asset objects unloaded after import = 7

========================================================================
Received Import Request.
  Time since last request: 0.000067 seconds.
  path: Assets/Erufyta/Flooded_Grounds/PostProcessing/Editor/Models/DepthOfFieldModelEditor.cs
  artifactKey: Guid(dc2f388440e9f8b4f8fc7bb43c01cc7d) Importer(2089858483,b0f066a214c2f5e87bad3c948f4d605d)
Start importing Assets/Erufyta/Flooded_Grounds/PostProcessing/Editor/Models/DepthOfFieldModelEditor.cs using Guid(dc2f388440e9f8b4f8fc7bb43c01cc7d) Importer(2089858483,b0f066a214c2f5e87bad3c948f4d605d) (ScriptedImporter) -> (artifact id: 'c10701e13d7910f00a0691f2e9229b5e') in 0.0799106 seconds
Number of updated asset objects reloaded before import = 0Number of asset objects unloaded after import = 0

========================================================================
Received Import Request.
  Time since last request: 0.000035 seconds.
  path: Assets/Erufyta/Flooded_Grounds/Content/Meshes/mNature/mGrass/Grass_Med_B.fbx
  artifactKey: Guid(f23a21e2be3dd86449dff81261bf83a5) Importer(2089858483,b0f066a214c2f5e87bad3c948f4d605d)
Start importing Assets/Erufyta/Flooded_Grounds/Content/Meshes/mNature/mGrass/Grass_Med_B.fbx using Guid(f23a21e2be3dd86449dff81261bf83a5) Importer(2089858483,b0f066a214c2f5e87bad3c948f4d605d) (ScriptedImporter) -> (artifact id: '586061cc32ceb41743f383309d5923df') in 0.0584749 seconds
Number of updated asset objects reloaded before import = 0Number of asset objects unloaded after import = 7

========================================================================
Received Import Request.
  Time since last request: 0.000142 seconds.
  path: Assets/Erufyta/Flooded_Grounds/Content/Trees/SrcPrefabs/Branch3.prefab
  artifactKey: Guid(1b8285b421bb99c43bc3f0772cafb3a3) Importer(2089858483,b0f066a214c2f5e87bad3c948f4d605d)
Start importing Assets/Erufyta/Flooded_Grounds/Content/Trees/SrcPrefabs/Branch3.prefab using Guid(1b8285b421bb99c43bc3f0772cafb3a3) Importer(2089858483,b0f066a214c2f5e87bad3c948f4d605d) (ScriptedImporter) -> (artifact id: '7de25a5f398c262506b1dd2215d24fb7') in 0.1131705 seconds
Number of updated asset objects reloaded before import = 0Number of asset objects unloaded after import = 8

========================================================================
Received Import Request.
  Time since last request: 0.000063 seconds.
  path: Assets/Erufyta/Flooded_Grounds/Prefabs/Helpers/HumanScale.prefab
  artifactKey: Guid(8c67a9f3ccb17194ebf03e2327df0c98) Importer(2089858483,b0f066a214c2f5e87bad3c948f4d605d)
Start importing Assets/Erufyta/Flooded_Grounds/Prefabs/Helpers/HumanScale.prefab using Guid(8c67a9f3ccb17194ebf03e2327df0c98) Importer(2089858483,b0f066a214c2f5e87bad3c948f4d605d) (ScriptedImporter) -> (artifact id: '0ea1e8cb7ad55497af67cd4ded9b29cf') in 0.1041092 seconds
Number of updated asset objects reloaded before import = 0Number of asset objects unloaded after import = 6

========================================================================
Received Import Request.
  Time since last request: 0.000051 seconds.
  path: Assets/Erufyta/Flooded_Grounds/Prefabs/Buildings/Villa1/Villa1_Base_Stairs_A.prefab
  artifactKey: Guid(35a756c42404b894ea8cc2e61487fabb) Importer(2089858483,b0f066a214c2f5e87bad3c948f4d605d)
Start importing Assets/Erufyta/Flooded_Grounds/Prefabs/Buildings/Villa1/Villa1_Base_Stairs_A.prefab using Guid(35a756c42404b894ea8cc2e61487fabb) Importer(2089858483,b0f066a214c2f5e87bad3c948f4d605d) (ScriptedImporter) -> (artifact id: '0858b3dc57b4a9085749f3933cebf733') in 0.1167886 seconds
Number of updated asset objects reloaded before import = 0Number of asset objects unloaded after import = 7

========================================================================
Received Import Request.
  Time since last request: 0.000053 seconds.
  path: Assets/Erufyta/Flooded_Grounds/Prefabs/Buildings/Structures1/Struct_Kiosk_A.prefab
  artifactKey: Guid(a483cf8080b9f084a9f64535f5b7c6ab) Importer(2089858483,b0f066a214c2f5e87bad3c948f4d605d)
Start importing Assets/Erufyta/Flooded_Grounds/Prefabs/Buildings/Structures1/Struct_Kiosk_A.prefab using Guid(a483cf8080b9f084a9f64535f5b7c6ab) Importer(2089858483,b0f066a214c2f5e87bad3c948f4d605d) (ScriptedImporter) -> (artifact id: 'e6c923e6d95183ae19274473a9b71f7e') in 0.0707128 seconds
Number of updated asset objects reloaded before import = 0Number of asset objects unloaded after import = 23

========================================================================
Received Import Request.
  Time since last request: 0.000130 seconds.
  path: Assets/Erufyta/Flooded_Grounds/PostProcessing/Resources/Bluenoise64/LDR_LLL1_36.png
  artifactKey: Guid(351e95d0e20a54849bd4ce5f9b498934) Importer(2089858483,b0f066a214c2f5e87bad3c948f4d605d)
Start importing Assets/Erufyta/Flooded_Grounds/PostProcessing/Resources/Bluenoise64/LDR_LLL1_36.png using Guid(351e95d0e20a54849bd4ce5f9b498934) Importer(2089858483,b0f066a214c2f5e87bad3c948f4d605d) (ScriptedImporter) -> (artifact id: '64f597de95728e54d94e779ef2a533d6') in 0.0724912 seconds
Number of updated asset objects reloaded before import = 0Number of asset objects unloaded after import = 1

========================================================================
Received Import Request.
  Time since last request: 0.000096 seconds.
  path: Assets/Erufyta/Flooded_Grounds/PostProcessing/Resources/Bluenoise64/LDR_LLL1_10.png
  artifactKey: Guid(afe1e502240079342a0a980484b6da8b) Importer(2089858483,b0f066a214c2f5e87bad3c948f4d605d)
Start importing Assets/Erufyta/Flooded_Grounds/PostProcessing/Resources/Bluenoise64/LDR_LLL1_10.png using Guid(afe1e502240079342a0a980484b6da8b) Importer(2089858483,b0f066a214c2f5e87bad3c948f4d605d) (ScriptedImporter) -> (artifact id: '08f12d249fc2335ccb68b913748bca15') in 0.0716788 seconds
Number of updated asset objects reloaded before import = 0Number of asset objects unloaded after import = 1

========================================================================
Received Import Request.
  Time since last request: 0.000137 seconds.
  path: Assets/Erufyta/Flooded_Grounds/Content/Trees/SrcTextures/FOL_BushBranch1_N.tif
  artifactKey: Guid(c13265f490312a44088f65f4c1644d2e) Importer(2089858483,b0f066a214c2f5e87bad3c948f4d605d)
Start importing Assets/Erufyta/Flooded_Grounds/Content/Trees/SrcTextures/FOL_BushBranch1_N.tif using Guid(c13265f490312a44088f65f4c1644d2e) Importer(2089858483,b0f066a214c2f5e87bad3c948f4d605d) (ScriptedImporter) -> (artifact id: '2771c00ccc72350e3627b304f55c9e1a') in 0.18625 seconds
Number of updated asset objects reloaded before import = 0Number of asset objects unloaded after import = 1

========================================================================
Received Import Request.
  Time since last request: 0.000056 seconds.
  path: Assets/Erufyta/Flooded_Grounds/Prefabs/Nature/Rocks/CobbleRock_E.prefab
  artifactKey: Guid(71a5880545553674a9f302b0d6db4fec) Importer(2089858483,b0f066a214c2f5e87bad3c948f4d605d)
Start importing Assets/Erufyta/Flooded_Grounds/Prefabs/Nature/Rocks/CobbleRock_E.prefab using Guid(71a5880545553674a9f302b0d6db4fec) Importer(2089858483,b0f066a214c2f5e87bad3c948f4d605d) (ScriptedImporter) -> (artifact id: '062a837b16830739f4a873d408bc6e5e') in 0.1018592 seconds
Number of updated asset objects reloaded before import = 0Number of asset objects unloaded after import = 20

========================================================================
Received Import Request.
  Time since last request: 0.000119 seconds.
  path: Assets/Erufyta/Flooded_Grounds/PostProcessing/Resources/Shaders/AmbientOcclusion.shader
  artifactKey: Guid(e881ae5627d1cc84395303acfbca6fb2) Importer(2089858483,b0f066a214c2f5e87bad3c948f4d605d)
Start importing Assets/Erufyta/Flooded_Grounds/PostProcessing/Resources/Shaders/AmbientOcclusion.shader using Guid(e881ae5627d1cc84395303acfbca6fb2) Importer(2089858483,b0f066a214c2f5e87bad3c948f4d605d) (ScriptedImporter) -> (artifact id: 'b79730277ca93f8425918683b9ba8a81') in 0.0791402 seconds
Number of updated asset objects reloaded before import = 0Number of asset objects unloaded after import = 1

========================================================================
Received Import Request.
  Time since last request: 0.000036 seconds.
  path: Assets/Erufyta/Flooded_Grounds/Prefabs/Buildings/BrickHouse/BrickHouse_Door_A.prefab
  artifactKey: Guid(7c026980fc17fa642b7a22557ebb0007) Importer(2089858483,b0f066a214c2f5e87bad3c948f4d605d)
Start importing Assets/Erufyta/Flooded_Grounds/Prefabs/Buildings/BrickHouse/BrickHouse_Door_A.prefab using Guid(7c026980fc17fa642b7a22557ebb0007) Importer(2089858483,b0f066a214c2f5e87bad3c948f4d605d) (ScriptedImporter) -> (artifact id: '69757835ab062a6fc5d4846115ed8031') in 0.1311058 seconds
Number of updated asset objects reloaded before import = 0Number of asset objects unloaded after import = 8

========================================================================
Received Import Request.
  Time since last request: 0.000076 seconds.
  path: Assets/Erufyta/Flooded_Grounds/Content/Textures/GR_Dirt1_AS.tif
  artifactKey: Guid(02673374cc571ec438a822816aabffff) Importer(2089858483,b0f066a214c2f5e87bad3c948f4d605d)
Start importing Assets/Erufyta/Flooded_Grounds/Content/Textures/GR_Dirt1_AS.tif using Guid(02673374cc571ec438a822816aabffff) Importer(2089858483,b0f066a214c2f5e87bad3c948f4d605d) (ScriptedImporter) -> (artifact id: '0853d2e706acf5d31e5e6cd83edd79ba') in 0.1103712 seconds
Number of updated asset objects reloaded before import = 0Number of asset objects unloaded after import = 1

========================================================================
Received Import Request.
  Time since last request: 0.000035 seconds.
  path: Assets/Erufyta/Flooded_Grounds/PostProcessing/Utilities/CustomMotionTexture/Materials/UVChecker.mat
  artifactKey: Guid(944463113244f4bf8b05c1757cd838a4) Importer(2089858483,b0f066a214c2f5e87bad3c948f4d605d)
Start importing Assets/Erufyta/Flooded_Grounds/PostProcessing/Utilities/CustomMotionTexture/Materials/UVChecker.mat using Guid(944463113244f4bf8b05c1757cd838a4) Importer(2089858483,b0f066a214c2f5e87bad3c948f4d605d) (ScriptedImporter) -> (artifact id: '295389c705d7749c52fa421c23b2e27c') in 0.283051 seconds
Number of updated asset objects reloaded before import = 0Number of asset objects unloaded after import = 2

========================================================================
Received Import Request.
  Time since last request: 0.000052 seconds.
  path: Assets/Erufyta/Flooded_Grounds/Prefabs/Buildings/Structures1/Struct_FloodWall_B.prefab
  artifactKey: Guid(d42b314579688ac45a9ba43cf3b4e760) Importer(2089858483,b0f066a214c2f5e87bad3c948f4d605d)
Start importing Assets/Erufyta/Flooded_Grounds/Prefabs/Buildings/Structures1/Struct_FloodWall_B.prefab using Guid(d42b314579688ac45a9ba43cf3b4e760) Importer(2089858483,b0f066a214c2f5e87bad3c948f4d605d) (ScriptedImporter) -> (artifact id: 'c2701712769503e29980cbe852f01b85') in 0.0699593 seconds
Number of updated asset objects reloaded before import = 0Number of asset objects unloaded after import = 23

========================================================================
Received Import Request.
  Time since last request: 0.000059 seconds.
  path: Assets/Erufyta/Flooded_Grounds/Content/Meshes/mNature/mRocks/lo_CobbleRock_C.fbx
  artifactKey: Guid(3b3f39c428322b54ebfaf574cfc6ab1a) Importer(2089858483,b0f066a214c2f5e87bad3c948f4d605d)
Start importing Assets/Erufyta/Flooded_Grounds/Content/Meshes/mNature/mRocks/lo_CobbleRock_C.fbx using Guid(3b3f39c428322b54ebfaf574cfc6ab1a) Importer(2089858483,b0f066a214c2f5e87bad3c948f4d605d) (ScriptedImporter) -> (artifact id: '16e2b00b9fe798d7e08b1a2e46f018d5') in 0.0598927 seconds
Number of updated asset objects reloaded before import = 0Number of asset objects unloaded after import = 20

========================================================================
Received Import Request.
  Time since last request: 0.000067 seconds.
  path: Assets/Erufyta/Flooded_Grounds/Prefabs/Buildings/Structures1/Struct_Docking_A_DM.prefab
  artifactKey: Guid(13b1d2550a4cb4b429bb4d9463a0e915) Importer(2089858483,b0f066a214c2f5e87bad3c948f4d605d)
Start importing Assets/Erufyta/Flooded_Grounds/Prefabs/Buildings/Structures1/Struct_Docking_A_DM.prefab using Guid(13b1d2550a4cb4b429bb4d9463a0e915) Importer(2089858483,b0f066a214c2f5e87bad3c948f4d605d) (ScriptedImporter) -> (artifact id: 'd0e79166da71363fc8ac2379f0652782') in 0.0854903 seconds
Number of updated asset objects reloaded before import = 0Number of asset objects unloaded after import = 23

========================================================================
Received Import Request.
  Time since last request: 0.000247 seconds.
  path: Assets/Erufyta/Flooded_Grounds/Prefabs/Buildings/Structures1/Struct_Pavilion_A.prefab
  artifactKey: Guid(802fd2656e039404983843d958c03dce) Importer(2089858483,b0f066a214c2f5e87bad3c948f4d605d)
Start importing Assets/Erufyta/Flooded_Grounds/Prefabs/Buildings/Structures1/Struct_Pavilion_A.prefab using Guid(802fd2656e039404983843d958c03dce) Importer(2089858483,b0f066a214c2f5e87bad3c948f4d605d) (ScriptedImporter) -> (artifact id: '939ba82cfc4a708beb7e302fbb837b42') in 0.0970398 seconds
Number of updated asset objects reloaded before import = 0Number of asset objects unloaded after import = 23

========================================================================
Received Import Request.
  Time since last request: 0.000056 seconds.
  path: Assets/Erufyta/Flooded_Grounds/Content/Textures/NAT_Hedge1_A.tif
  artifactKey: Guid(4afee4e1180c3b94cae45ca1e64d7c24) Importer(2089858483,b0f066a214c2f5e87bad3c948f4d605d)
Start importing Assets/Erufyta/Flooded_Grounds/Content/Textures/NAT_Hedge1_A.tif using Guid(4afee4e1180c3b94cae45ca1e64d7c24) Importer(2089858483,b0f066a214c2f5e87bad3c948f4d605d) (ScriptedImporter) -> (artifact id: '86e4e28d352f8a2d8c473ba18a9f84d9') in 0.0758467 seconds
Number of updated asset objects reloaded before import = 0Number of asset objects unloaded after import = 1

========================================================================
Received Import Request.
  Time since last request: 0.000093 seconds.
  path: Assets/Erufyta/Flooded_Grounds/Prefabs/Nature/Trees/TreeCreator_Tall_A_Textures/translucency_gloss.png
  artifactKey: Guid(ea81b1759b31c274a8716fd1f039f04d) Importer(2089858483,b0f066a214c2f5e87bad3c948f4d605d)
Start importing Assets/Erufyta/Flooded_Grounds/Prefabs/Nature/Trees/TreeCreator_Tall_A_Textures/translucency_gloss.png using Guid(ea81b1759b31c274a8716fd1f039f04d) Importer(2089858483,b0f066a214c2f5e87bad3c948f4d605d) (ScriptedImporter) -> (artifact id: 'a2e0dcb34292d0dafc6cb848d9abf7fc') in 0.0975637 seconds
Number of updated asset objects reloaded before import = 0Number of asset objects unloaded after import = 1

========================================================================
Received Import Request.
  Time since last request: 0.000048 seconds.
  path: Assets/Erufyta/Flooded_Grounds/Content/Textures/PROP_SmallProps2_AO.tif
  artifactKey: Guid(331829054f7fecd489e93220a51e9254) Importer(2089858483,b0f066a214c2f5e87bad3c948f4d605d)
Start importing Assets/Erufyta/Flooded_Grounds/Content/Textures/PROP_SmallProps2_AO.tif using Guid(331829054f7fecd489e93220a51e9254) Importer(2089858483,b0f066a214c2f5e87bad3c948f4d605d) (ScriptedImporter) -> (artifact id: 'e657baf9bf7814f7ed5dfa8b192735d3') in 0.0823989 seconds
Number of updated asset objects reloaded before import = 0Number of asset objects unloaded after import = 1

========================================================================
Received Import Request.
  Time since last request: 0.000089 seconds.
  path: Assets/Erufyta/Flooded_Grounds/Content/Materials/PROP_SmallProps1.mat
  artifactKey: Guid(fa3b418599852594c8d15fb4d9ce097e) Importer(2089858483,b0f066a214c2f5e87bad3c948f4d605d)
Start importing Assets/Erufyta/Flooded_Grounds/Content/Materials/PROP_SmallProps1.mat using Guid(fa3b418599852594c8d15fb4d9ce097e) Importer(2089858483,b0f066a214c2f5e87bad3c948f4d605d) (ScriptedImporter) -> (artifact id: '8144688c45fddf60afb16ed855f289b6') in 0.3986753 seconds
Number of updated asset objects reloaded before import = 0Number of asset objects unloaded after import = 6

========================================================================
Received Import Request.
  Time since last request: 0.000109 seconds.
  path: Assets/Erufyta/Flooded_Grounds/PostProcessing/Editor/Monitors/ParadeMonitor.cs
  artifactKey: Guid(b1f878f3742072e40a280683573bd0ee) Importer(2089858483,b0f066a214c2f5e87bad3c948f4d605d)
Start importing Assets/Erufyta/Flooded_Grounds/PostProcessing/Editor/Monitors/ParadeMonitor.cs using Guid(b1f878f3742072e40a280683573bd0ee) Importer(2089858483,b0f066a214c2f5e87bad3c948f4d605d) (ScriptedImporter) -> (artifact id: '2536f27afa9993a1c52d4e19a9f99cd8') in 0.0575071 seconds
Number of updated asset objects reloaded before import = 0Number of asset objects unloaded after import = 0

========================================================================
Received Import Request.
  Time since last request: 0.000036 seconds.
  path: Assets/Erufyta/Flooded_Grounds/Content/Meshes/mBuildings/mStructures/Pavement1_Cor_A.fbx
  artifactKey: Guid(2020aea23032fa3468a01f4033e661c3) Importer(2089858483,b0f066a214c2f5e87bad3c948f4d605d)
Start importing Assets/Erufyta/Flooded_Grounds/Content/Meshes/mBuildings/mStructures/Pavement1_Cor_A.fbx using Guid(2020aea23032fa3468a01f4033e661c3) Importer(2089858483,b0f066a214c2f5e87bad3c948f4d605d) (ScriptedImporter) -> (artifact id: '6b76e46373625d04ac062ab09d780a90') in 0.1169808 seconds
Number of updated asset objects reloaded before import = 0Number of asset objects unloaded after import = 7

========================================================================
Received Import Request.
  Time since last request: 0.000069 seconds.
  path: Assets/Erufyta/Flooded_Grounds/PostProcessing/Resources/Bluenoise64/LDR_LLL1_53.png
  artifactKey: Guid(c94b57b5a32a22d43ade66e09f6a4bd2) Importer(2089858483,b0f066a214c2f5e87bad3c948f4d605d)
Start importing Assets/Erufyta/Flooded_Grounds/PostProcessing/Resources/Bluenoise64/LDR_LLL1_53.png using Guid(c94b57b5a32a22d43ade66e09f6a4bd2) Importer(2089858483,b0f066a214c2f5e87bad3c948f4d605d) (ScriptedImporter) -> (artifact id: 'aaf117980fe8adb019e465e2f3ca7545') in 0.1055299 seconds
Number of updated asset objects reloaded before import = 0Number of asset objects unloaded after import = 1

========================================================================
Received Import Request.
  Time since last request: 0.000064 seconds.
  path: Assets/Erufyta/Flooded_Grounds/Prefabs/Nature/Rocks/CobbleRock_D.prefab
  artifactKey: Guid(601b7f10102e66b41b534b7b077bd9a0) Importer(2089858483,b0f066a214c2f5e87bad3c948f4d605d)
Start importing Assets/Erufyta/Flooded_Grounds/Prefabs/Nature/Rocks/CobbleRock_D.prefab using Guid(601b7f10102e66b41b534b7b077bd9a0) Importer(2089858483,b0f066a214c2f5e87bad3c948f4d605d) (ScriptedImporter) -> (artifact id: '8a62acfab2ac510edc1e0c214145a970') in 0.0949327 seconds
Number of updated asset objects reloaded before import = 0Number of asset objects unloaded after import = 20

========================================================================
Received Import Request.
  Time since last request: 0.000039 seconds.
  path: Assets/Erufyta/Flooded_Grounds/Content/Meshes/mNature/mGrass/Grass_Med_A.fbx
  artifactKey: Guid(b9c33fe4c3da29b4793c68df4a835a79) Importer(2089858483,b0f066a214c2f5e87bad3c948f4d605d)
Start importing Assets/Erufyta/Flooded_Grounds/Content/Meshes/mNature/mGrass/Grass_Med_A.fbx using Guid(b9c33fe4c3da29b4793c68df4a835a79) Importer(2089858483,b0f066a214c2f5e87bad3c948f4d605d) (ScriptedImporter) -> (artifact id: '6237687beeeca770022a772c281ead34') in 0.0932625 seconds
Number of updated asset objects reloaded before import = 0Number of asset objects unloaded after import = 7

========================================================================
Received Import Request.
  Time since last request: 0.000055 seconds.
  path: Assets/Erufyta/Flooded_Grounds/PostProcessing/Runtime/Models/DitheringModel.cs
  artifactKey: Guid(41209882cdbcf31429d2a457a2164801) Importer(2089858483,b0f066a214c2f5e87bad3c948f4d605d)
Start importing Assets/Erufyta/Flooded_Grounds/PostProcessing/Runtime/Models/DitheringModel.cs using Guid(41209882cdbcf31429d2a457a2164801) Importer(2089858483,b0f066a214c2f5e87bad3c948f4d605d) (ScriptedImporter) -> (artifact id: '7db6ac1d8e8630e3b7501a72ec5aded7') in 0.0724275 seconds
Number of updated asset objects reloaded before import = 0Number of asset objects unloaded after import = 0

========================================================================
Received Import Request.
  Time since last request: 0.000077 seconds.
  path: Assets/Erufyta/Flooded_Grounds/Prefabs/Buildings/Villa2/Villa2_Deco_Beam_A.prefab
  artifactKey: Guid(64c457e5b1dd24947babae9551b67286) Importer(2089858483,b0f066a214c2f5e87bad3c948f4d605d)
Start importing Assets/Erufyta/Flooded_Grounds/Prefabs/Buildings/Villa2/Villa2_Deco_Beam_A.prefab using Guid(64c457e5b1dd24947babae9551b67286) Importer(2089858483,b0f066a214c2f5e87bad3c948f4d605d) (ScriptedImporter) -> (artifact id: '03ecf0711c0aeca0b832409dcc672021') in 0.0681562 seconds
Number of updated asset objects reloaded before import = 0Number of asset objects unloaded after import = 7

========================================================================
Received Import Request.
  Time since last request: 0.000036 seconds.
  path: Assets/Erufyta/Flooded_Grounds/Content/Meshes/mNature/mRocks/lo_CobbleRock_A.fbx
  artifactKey: Guid(ee28604125df26b42b4f32ff15664954) Importer(2089858483,b0f066a214c2f5e87bad3c948f4d605d)
Start importing Assets/Erufyta/Flooded_Grounds/Content/Meshes/mNature/mRocks/lo_CobbleRock_A.fbx using Guid(ee28604125df26b42b4f32ff15664954) Importer(2089858483,b0f066a214c2f5e87bad3c948f4d605d) (ScriptedImporter) -> (artifact id: 'c608e339eabf32ff8f8f2daf4927c10f') in 0.0601412 seconds
Number of updated asset objects reloaded before import = 0Number of asset objects unloaded after import = 20

========================================================================
Received Import Request.
  Time since last request: 0.000080 seconds.
  path: Assets/Erufyta/Flooded_Grounds/Prefabs/Buildings/Villa1/Villa1_IntStairs_B.prefab
  artifactKey: Guid(f1f3a6b5d79f5d74c9c6fa29dc791dbb) Importer(2089858483,b0f066a214c2f5e87bad3c948f4d605d)
Start importing Assets/Erufyta/Flooded_Grounds/Prefabs/Buildings/Villa1/Villa1_IntStairs_B.prefab using Guid(f1f3a6b5d79f5d74c9c6fa29dc791dbb) Importer(2089858483,b0f066a214c2f5e87bad3c948f4d605d) (ScriptedImporter) -> (artifact id: '5387d27047d1b8edcb0b104f95cc9e78') in 0.0677502 seconds
Number of updated asset objects reloaded before import = 0Number of asset objects unloaded after import = 7

========================================================================
Received Import Request.
  Time since last request: 0.000119 seconds.
  path: Assets/Erufyta/Flooded_Grounds/Prefabs/Buildings/Villa2/Villa2_Deco_RoofPiece_D.prefab
  artifactKey: Guid(a2ddd74284add0244a0b9c1abf9d5b65) Importer(2089858483,b0f066a214c2f5e87bad3c948f4d605d)
Start importing Assets/Erufyta/Flooded_Grounds/Prefabs/Buildings/Villa2/Villa2_Deco_RoofPiece_D.prefab using Guid(a2ddd74284add0244a0b9c1abf9d5b65) Importer(2089858483,b0f066a214c2f5e87bad3c948f4d605d) (ScriptedImporter) -> (artifact id: 'b083be81dcd4ecb4fdafdc3888673f11') in 0.0663177 seconds
Number of updated asset objects reloaded before import = 0Number of asset objects unloaded after import = 7

========================================================================
Received Import Request.
  Time since last request: 0.000091 seconds.
  path: Assets/Erufyta/Flooded_Grounds/Content/Trees/SrcTextures/FOL_Branch2_AS.tif
  artifactKey: Guid(1d659e72b3ec86e45956b9badeba6831) Importer(2089858483,b0f066a214c2f5e87bad3c948f4d605d)
Start importing Assets/Erufyta/Flooded_Grounds/Content/Trees/SrcTextures/FOL_Branch2_AS.tif using Guid(1d659e72b3ec86e45956b9badeba6831) Importer(2089858483,b0f066a214c2f5e87bad3c948f4d605d) (ScriptedImporter) -> (artifact id: 'f42356b3d06e6682554f28dca982116b') in 0.0739499 seconds
Number of updated asset objects reloaded before import = 0Number of asset objects unloaded after import = 1

========================================================================
Received Import Request.
  Time since last request: 0.000052 seconds.
  path: Assets/Erufyta/Flooded_Grounds/PostProcessing/Resources/Bluenoise64/LDR_LLL1_8.png
  artifactKey: Guid(c55042318a938344ab23cd7f09dd0076) Importer(2089858483,b0f066a214c2f5e87bad3c948f4d605d)
Start importing Assets/Erufyta/Flooded_Grounds/PostProcessing/Resources/Bluenoise64/LDR_LLL1_8.png using Guid(c55042318a938344ab23cd7f09dd0076) Importer(2089858483,b0f066a214c2f5e87bad3c948f4d605d) (ScriptedImporter) -> (artifact id: '76067cbfc03cc3c774974037d8250a9d') in 0.0749761 seconds
Number of updated asset objects reloaded before import = 0Number of asset objects unloaded after import = 1

========================================================================
Received Import Request.
  Time since last request: 0.000146 seconds.
  path: Assets/Erufyta/Flooded_Grounds/Prefabs/Buildings/Churches/Church1_Door_B.prefab
  artifactKey: Guid(3ed882138e89c274888d1f686dc75f29) Importer(2089858483,b0f066a214c2f5e87bad3c948f4d605d)
Start importing Assets/Erufyta/Flooded_Grounds/Prefabs/Buildings/Churches/Church1_Door_B.prefab using Guid(3ed882138e89c274888d1f686dc75f29) Importer(2089858483,b0f066a214c2f5e87bad3c948f4d605d) (ScriptedImporter) -> (artifact id: '3fe2d7c33eb23cd40856564a80cdb46a') in 0.094892 seconds
Number of updated asset objects reloaded before import = 0Number of asset objects unloaded after import = 9

========================================================================
Received Import Request.
  Time since last request: 0.000103 seconds.
  path: Assets/Erufyta/Flooded_Grounds/PostProcessing/Editor/Models/VignetteModelEditor.cs
  artifactKey: Guid(745ad42620dabf04b94761acc86189ba) Importer(2089858483,b0f066a214c2f5e87bad3c948f4d605d)
Start importing Assets/Erufyta/Flooded_Grounds/PostProcessing/Editor/Models/VignetteModelEditor.cs using Guid(745ad42620dabf04b94761acc86189ba) Importer(2089858483,b0f066a214c2f5e87bad3c948f4d605d) (ScriptedImporter) -> (artifact id: '27feb0bc985c534eaf5062bd0812f1cc') in 0.0460674 seconds
Number of updated asset objects reloaded before import = 0Number of asset objects unloaded after import = 0

========================================================================
Received Import Request.
  Time since last request: 0.000194 seconds.
  path: Assets/Erufyta/Flooded_Grounds/PostProcessing/Runtime/Attributes/TrackballAttribute.cs
  artifactKey: Guid(65e30143f4e114f45b84a1d9cba8f469) Importer(2089858483,b0f066a214c2f5e87bad3c948f4d605d)
Start importing Assets/Erufyta/Flooded_Grounds/PostProcessing/Runtime/Attributes/TrackballAttribute.cs using Guid(65e30143f4e114f45b84a1d9cba8f469) Importer(2089858483,b0f066a214c2f5e87bad3c948f4d605d) (ScriptedImporter) -> (artifact id: '26050373c9fbb4b56f2239909f38c166') in 0.0360917 seconds
Number of updated asset objects reloaded before import = 0Number of asset objects unloaded after import = 0

========================================================================
Received Import Request.
  Time since last request: 0.000068 seconds.
  path: Assets/Erufyta/Flooded_Grounds/Prefabs/Buildings/Villa1/Villa1_Top_Mid_A.prefab
  artifactKey: Guid(419a8536db6f54646b66c61dcdf5a2d6) Importer(2089858483,b0f066a214c2f5e87bad3c948f4d605d)
Start importing Assets/Erufyta/Flooded_Grounds/Prefabs/Buildings/Villa1/Villa1_Top_Mid_A.prefab using Guid(419a8536db6f54646b66c61dcdf5a2d6) Importer(2089858483,b0f066a214c2f5e87bad3c948f4d605d) (ScriptedImporter) -> (artifact id: '966bedeb5e24343710791f9a7c8711e1') in 0.096239 seconds
Number of updated asset objects reloaded before import = 0Number of asset objects unloaded after import = 7

========================================================================
Received Import Request.
  Time since last request: 0.000122 seconds.
  path: Assets/Erufyta/Flooded_Grounds/Prefabs/Nature/Trees/TreeCreator_Tall_C_Textures/shadow.png
  artifactKey: Guid(3c7ea7f1ff0653244b1b615e5903328b) Importer(2089858483,b0f066a214c2f5e87bad3c948f4d605d)
Start importing Assets/Erufyta/Flooded_Grounds/Prefabs/Nature/Trees/TreeCreator_Tall_C_Textures/shadow.png using Guid(3c7ea7f1ff0653244b1b615e5903328b) Importer(2089858483,b0f066a214c2f5e87bad3c948f4d605d) (ScriptedImporter) -> (artifact id: '2f928ac4ead8a270a707e78cd60e8cc5') in 0.0857042 seconds
Number of updated asset objects reloaded before import = 0Number of asset objects unloaded after import = 1

========================================================================
Received Import Request.
  Time since last request: 0.000047 seconds.
  path: Assets/Erufyta/Flooded_Grounds/Prefabs/Buildings/IndBuilding2/IndBuilding2_Mid_A.prefab
  artifactKey: Guid(cee6ec354385167478bb8354736f38f5) Importer(2089858483,b0f066a214c2f5e87bad3c948f4d605d)
Start importing Assets/Erufyta/Flooded_Grounds/Prefabs/Buildings/IndBuilding2/IndBuilding2_Mid_A.prefab using Guid(cee6ec354385167478bb8354736f38f5) Importer(2089858483,b0f066a214c2f5e87bad3c948f4d605d) (ScriptedImporter) -> (artifact id: '7303bbda755a24c4d4ae7a2eb4c4ed12') in 0.0785775 seconds
Number of updated asset objects reloaded before import = 0Number of asset objects unloaded after import = 8

========================================================================
Received Import Request.
  Time since last request: 0.000072 seconds.
  path: Assets/Erufyta/Flooded_Grounds/PostProcessing/Resources/Bluenoise64/LDR_LLL1_0.png
  artifactKey: Guid(50b54341495978843a6f85583ed4417d) Importer(2089858483,b0f066a214c2f5e87bad3c948f4d605d)
Start importing Assets/Erufyta/Flooded_Grounds/PostProcessing/Resources/Bluenoise64/LDR_LLL1_0.png using Guid(50b54341495978843a6f85583ed4417d) Importer(2089858483,b0f066a214c2f5e87bad3c948f4d605d) (ScriptedImporter) -> (artifact id: '269a19dcabf290022f1f3febfd8ef0ee') in 0.1132594 seconds
Number of updated asset objects reloaded before import = 0Number of asset objects unloaded after import = 1

========================================================================
Received Import Request.
  Time since last request: 0.000047 seconds.
  path: Assets/Erufyta/Flooded_Grounds/Prefabs/Nature/Trees/TreeCreator_Tall_C_Dead.prefab
  artifactKey: Guid(1175c4563a5b466479faa3985e452631) Importer(2089858483,b0f066a214c2f5e87bad3c948f4d605d)
Start importing Assets/Erufyta/Flooded_Grounds/Prefabs/Nature/Trees/TreeCreator_Tall_C_Dead.prefab using Guid(1175c4563a5b466479faa3985e452631) Importer(2089858483,b0f066a214c2f5e87bad3c948f4d605d) (ScriptedImporter) -> (artifact id: 'c2077f5513eebd47a5ad1bb4b79f7f25') in 1.0873873 seconds
Number of updated asset objects reloaded before import = 0Number of asset objects unloaded after import = 16

========================================================================
Received Import Request.
  Time since last request: 0.000142 seconds.
  path: Assets/Erufyta/Flooded_Grounds/PostProcessing/Resources/Bluenoise64/LDR_LLL1_37.png
  artifactKey: Guid(1d6958e30e40a254dbe5a54c573eeb3c) Importer(2089858483,b0f066a214c2f5e87bad3c948f4d605d)
Start importing Assets/Erufyta/Flooded_Grounds/PostProcessing/Resources/Bluenoise64/LDR_LLL1_37.png using Guid(1d6958e30e40a254dbe5a54c573eeb3c) Importer(2089858483,b0f066a214c2f5e87bad3c948f4d605d) (ScriptedImporter) -> (artifact id: '28798d042d5f07059bb8b8a11a40dcd6') in 0.1213799 seconds
Number of updated asset objects reloaded before import = 0Number of asset objects unloaded after import = 1

========================================================================
Received Import Request.
  Time since last request: 0.000038 seconds.
  path: Assets/Erufyta/Flooded_Grounds/Content/Meshes/mNature/mGrass/Grass_Tall_A.fbx
  artifactKey: Guid(915f7876f4eb358428d2380c41211be1) Importer(2089858483,b0f066a214c2f5e87bad3c948f4d605d)
Start importing Assets/Erufyta/Flooded_Grounds/Content/Meshes/mNature/mGrass/Grass_Tall_A.fbx using Guid(915f7876f4eb358428d2380c41211be1) Importer(2089858483,b0f066a214c2f5e87bad3c948f4d605d) (ScriptedImporter) -> (artifact id: 'a5f795a937a723f0187292a07f71e555') in 0.0693755 seconds
Number of updated asset objects reloaded before import = 0Number of asset objects unloaded after import = 7

========================================================================
Received Import Request.
  Time since last request: 0.000142 seconds.
  path: Assets/Erufyta/Flooded_Grounds/Prefabs/Buildings/Churches/Church1_End_B.prefab
  artifactKey: Guid(19d091357490f6840bc24462233284ae) Importer(2089858483,b0f066a214c2f5e87bad3c948f4d605d)
Start importing Assets/Erufyta/Flooded_Grounds/Prefabs/Buildings/Churches/Church1_End_B.prefab using Guid(19d091357490f6840bc24462233284ae) Importer(2089858483,b0f066a214c2f5e87bad3c948f4d605d) (ScriptedImporter) -> (artifact id: 'e1759aa020c115323a1b778036daf3db') in 0.1065515 seconds
Number of updated asset objects reloaded before import = 0Number of asset objects unloaded after import = 9

========================================================================
Received Import Request.
  Time since last request: 0.000072 seconds.
  path: Assets/Erufyta/Flooded_Grounds/Content/Textures/DET_Concrete1_N.tif
  artifactKey: Guid(276e4162aef7f994fafc01a3e444900c) Importer(2089858483,b0f066a214c2f5e87bad3c948f4d605d)
Start importing Assets/Erufyta/Flooded_Grounds/Content/Textures/DET_Concrete1_N.tif using Guid(276e4162aef7f994fafc01a3e444900c) Importer(2089858483,b0f066a214c2f5e87bad3c948f4d605d) (ScriptedImporter) -> (artifact id: 'c63affb1299569fae7923dd060c0dfb7') in 0.0845934 seconds
Number of updated asset objects reloaded before import = 0Number of asset objects unloaded after import = 1

========================================================================
Received Import Request.
  Time since last request: 0.000094 seconds.
  path: Assets/Erufyta/Flooded_Grounds/Content/Textures/BGR_RefCube1.tif
  artifactKey: Guid(3b5eaa969aa89fb45b025e2ff7d7695a) Importer(2089858483,b0f066a214c2f5e87bad3c948f4d605d)
Start importing Assets/Erufyta/Flooded_Grounds/Content/Textures/BGR_RefCube1.tif using Guid(3b5eaa969aa89fb45b025e2ff7d7695a) Importer(2089858483,b0f066a214c2f5e87bad3c948f4d605d) (ScriptedImporter) -> (artifact id: '4c5c5706fdc95e42301e10bddcff31a3') in 0.1114601 seconds
Number of updated asset objects reloaded before import = 0Number of asset objects unloaded after import = 1

========================================================================
Received Import Request.
  Time since last request: 0.000067 seconds.
  path: Assets/Erufyta/Flooded_Grounds/Prefabs/Buildings/IndBuilding1/IndBuilding1_Wall_Mid_A.prefab
  artifactKey: Guid(16c6f5a63ed8092489595b871a61c620) Importer(2089858483,b0f066a214c2f5e87bad3c948f4d605d)
Start importing Assets/Erufyta/Flooded_Grounds/Prefabs/Buildings/IndBuilding1/IndBuilding1_Wall_Mid_A.prefab using Guid(16c6f5a63ed8092489595b871a61c620) Importer(2089858483,b0f066a214c2f5e87bad3c948f4d605d) (ScriptedImporter) -> (artifact id: '8c3fb47f0c8df7a5a79c4d89d0e13d30') in 0.0786543 seconds
Number of updated asset objects reloaded before import = 0Number of asset objects unloaded after import = 7

========================================================================
Received Import Request.
  Time since last request: 0.000076 seconds.
  path: Assets/Erufyta/Flooded_Grounds/Prefabs/Buildings/Barns/Barn1_Door_A.prefab
  artifactKey: Guid(e13d1dd634af0b14eb644117aa5bfdf8) Importer(2089858483,b0f066a214c2f5e87bad3c948f4d605d)
Start importing Assets/Erufyta/Flooded_Grounds/Prefabs/Buildings/Barns/Barn1_Door_A.prefab using Guid(e13d1dd634af0b14eb644117aa5bfdf8) Importer(2089858483,b0f066a214c2f5e87bad3c948f4d605d) (ScriptedImporter) -> (artifact id: '2d61904e61aaddd34cc0cce2af17f113') in 0.068749 seconds
Number of updated asset objects reloaded before import = 0Number of asset objects unloaded after import = 7

========================================================================
Received Import Request.
  Time since last request: 0.000041 seconds.
  path: Assets/Erufyta/Flooded_Grounds/Content/Meshes/mBuildings/mStructures/Struct_Pole_A.fbx
  artifactKey: Guid(f5592db6982749f4e8ed03db7ebc685a) Importer(2089858483,b0f066a214c2f5e87bad3c948f4d605d)
Start importing Assets/Erufyta/Flooded_Grounds/Content/Meshes/mBuildings/mStructures/Struct_Pole_A.fbx using Guid(f5592db6982749f4e8ed03db7ebc685a) Importer(2089858483,b0f066a214c2f5e87bad3c948f4d605d) (ScriptedImporter) -> (artifact id: '7b23813ff40c4e386c5d13080f8dd203') in 0.0906515 seconds
Number of updated asset objects reloaded before import = 0Number of asset objects unloaded after import = 15

========================================================================
Received Import Request.
  Time since last request: 0.000069 seconds.
  path: Assets/Erufyta/Flooded_Grounds/Prefabs/Nature/Trees/TreeCreator_Bush_A_Textures/shadow.png
  artifactKey: Guid(ce08a8e647694cc48a7dd995dd54d241) Importer(2089858483,b0f066a214c2f5e87bad3c948f4d605d)
Start importing Assets/Erufyta/Flooded_Grounds/Prefabs/Nature/Trees/TreeCreator_Bush_A_Textures/shadow.png using Guid(ce08a8e647694cc48a7dd995dd54d241) Importer(2089858483,b0f066a214c2f5e87bad3c948f4d605d) (ScriptedImporter) -> (artifact id: '8b055d1a05a101596db3f23df523dd67') in 0.0628143 seconds
Number of updated asset objects reloaded before import = 0Number of asset objects unloaded after import = 1

========================================================================
Received Import Request.
  Time since last request: 0.000053 seconds.
  path: Assets/Erufyta/Flooded_Grounds/Content/Materials/NAT_GroundMoss.mat
  artifactKey: Guid(07fadee667c4d2b4d95d85c8eddf79a9) Importer(2089858483,b0f066a214c2f5e87bad3c948f4d605d)
Start importing Assets/Erufyta/Flooded_Grounds/Content/Materials/NAT_GroundMoss.mat using Guid(07fadee667c4d2b4d95d85c8eddf79a9) Importer(2089858483,b0f066a214c2f5e87bad3c948f4d605d) (ScriptedImporter) -> (artifact id: 'b44aafd91ac7986733303c0b5e07870a') in 0.1130353 seconds
Number of updated asset objects reloaded before import = 0Number of asset objects unloaded after import = 3

========================================================================
Received Import Request.
  Time since last request: 0.000078 seconds.
  path: Assets/Erufyta/Flooded_Grounds/Prefabs/Buildings/Structures1/Struct_Docking_A.prefab
  artifactKey: Guid(d252560780ba70742afb43ce80fdc2c4) Importer(2089858483,b0f066a214c2f5e87bad3c948f4d605d)
Start importing Assets/Erufyta/Flooded_Grounds/Prefabs/Buildings/Structures1/Struct_Docking_A.prefab using Guid(d252560780ba70742afb43ce80fdc2c4) Importer(2089858483,b0f066a214c2f5e87bad3c948f4d605d) (ScriptedImporter) -> (artifact id: 'c507acecb78f48ca8bbb21b2494a399c') in 0.1435214 seconds
Number of updated asset objects reloaded before import = 0Number of asset objects unloaded after import = 23

========================================================================
Received Import Request.
  Time since last request: 0.000051 seconds.
  path: Assets/Erufyta/Flooded_Grounds/PostProcessing/Runtime/PostProcessingContext.cs
  artifactKey: Guid(63da4b6536f11834fa026e327087bd7b) Importer(2089858483,b0f066a214c2f5e87bad3c948f4d605d)
Start importing Assets/Erufyta/Flooded_Grounds/PostProcessing/Runtime/PostProcessingContext.cs using Guid(63da4b6536f11834fa026e327087bd7b) Importer(2089858483,b0f066a214c2f5e87bad3c948f4d605d) (ScriptedImporter) -> (artifact id: '83a182c3c01fd2eadb116b95ba547e9d') in 0.0532859 seconds
Number of updated asset objects reloaded before import = 0Number of asset objects unloaded after import = 0

========================================================================
Received Import Request.
  Time since last request: 0.000056 seconds.
  path: Assets/Erufyta/Flooded_Grounds/Content/Textures/NAT_CobbleRocks1_MS.tif
  artifactKey: Guid(312f2f1204d2edc45bd30d34947f04f4) Importer(2089858483,b0f066a214c2f5e87bad3c948f4d605d)
Start importing Assets/Erufyta/Flooded_Grounds/Content/Textures/NAT_CobbleRocks1_MS.tif using Guid(312f2f1204d2edc45bd30d34947f04f4) Importer(2089858483,b0f066a214c2f5e87bad3c948f4d605d) (ScriptedImporter) -> (artifact id: 'a9fa0d02d15b7083f0ffd51907b93784') in 0.0769439 seconds
Number of updated asset objects reloaded before import = 0Number of asset objects unloaded after import = 1

========================================================================
Received Import Request.
  Time since last request: 0.000041 seconds.
  path: Assets/Erufyta/Flooded_Grounds/Content/Textures/PROP_Gravestones1_MS.tif
  artifactKey: Guid(a1f36fe6a2375334983d62a76bf346ff) Importer(2089858483,b0f066a214c2f5e87bad3c948f4d605d)
Start importing Assets/Erufyta/Flooded_Grounds/Content/Textures/PROP_Gravestones1_MS.tif using Guid(a1f36fe6a2375334983d62a76bf346ff) Importer(2089858483,b0f066a214c2f5e87bad3c948f4d605d) (ScriptedImporter) -> (artifact id: '797962ae006678885a61394ce05c5829') in 0.0849918 seconds
Number of updated asset objects reloaded before import = 0Number of asset objects unloaded after import = 1

========================================================================
Received Import Request.
  Time since last request: 0.000106 seconds.
  path: Assets/Erufyta/Flooded_Grounds/Content/Trees/SrcMaterials/BushFlower.mat
  artifactKey: Guid(0342f626db4640949b5957c4231e5a2d) Importer(2089858483,b0f066a214c2f5e87bad3c948f4d605d)
Start importing Assets/Erufyta/Flooded_Grounds/Content/Trees/SrcMaterials/BushFlower.mat using Guid(0342f626db4640949b5957c4231e5a2d) Importer(2089858483,b0f066a214c2f5e87bad3c948f4d605d) (ScriptedImporter) -> (artifact id: '2e87d6128e73bca78273efc250b9327f') in 0.1326623 seconds
Number of updated asset objects reloaded before import = 0Number of asset objects unloaded after import = 3

========================================================================
Received Import Request.
  Time since last request: 0.000056 seconds.
  path: Assets/Erufyta/Flooded_Grounds/Content/Textures/PROP_ParkBench1_MS.tif
  artifactKey: Guid(4ca534e0d49fae24eb5b0c6d90cb970a) Importer(2089858483,b0f066a214c2f5e87bad3c948f4d605d)
Start importing Assets/Erufyta/Flooded_Grounds/Content/Textures/PROP_ParkBench1_MS.tif using Guid(4ca534e0d49fae24eb5b0c6d90cb970a) Importer(2089858483,b0f066a214c2f5e87bad3c948f4d605d) (ScriptedImporter) -> (artifact id: 'e8176a0ccbf6eb6b7eeed08c9e76299c') in 0.1896171 seconds
Number of updated asset objects reloaded before import = 0Number of asset objects unloaded after import = 1

========================================================================
Received Import Request.
  Time since last request: 0.000046 seconds.
  path: Assets/Erufyta/Flooded_Grounds/Resources/TreeCreator/TreeCreatorLeavesOptimized.shader
  artifactKey: Guid(56e01684409c0f740b8acfe62e330a33) Importer(2089858483,b0f066a214c2f5e87bad3c948f4d605d)
Start importing Assets/Erufyta/Flooded_Grounds/Resources/TreeCreator/TreeCreatorLeavesOptimized.shader using Guid(56e01684409c0f740b8acfe62e330a33) Importer(2089858483,b0f066a214c2f5e87bad3c948f4d605d) (ScriptedImporter) -> (artifact id: '07c72ab3ad236b94f4678bcfe11a2fae') in 0.0714325 seconds
Number of updated asset objects reloaded before import = 0Number of asset objects unloaded after import = 1

========================================================================
Received Import Request.
  Time since last request: 0.000038 seconds.
  path: Assets/Erufyta/Flooded_Grounds/PostProcessing/Resources/Shaders/FXAA3.cginc
  artifactKey: Guid(613b4036a9f55c34fb054bde02455e46) Importer(2089858483,b0f066a214c2f5e87bad3c948f4d605d)
Start importing Assets/Erufyta/Flooded_Grounds/PostProcessing/Resources/Shaders/FXAA3.cginc using Guid(613b4036a9f55c34fb054bde02455e46) Importer(2089858483,b0f066a214c2f5e87bad3c948f4d605d) (ScriptedImporter) -> (artifact id: '8d09d30159921d11d32a6e00c3c2b896') in 0.042034 seconds
Number of updated asset objects reloaded before import = 0Number of asset objects unloaded after import = 1

========================================================================
Received Import Request.
  Time since last request: 0.000169 seconds.
  path: Assets/Erufyta/Flooded_Grounds/Prefabs/Buildings/Villa2/Villa2_Wall_Mid_B.prefab
  artifactKey: Guid(2f706c57176f4c74b9f762c862b60847) Importer(2089858483,b0f066a214c2f5e87bad3c948f4d605d)
Start importing Assets/Erufyta/Flooded_Grounds/Prefabs/Buildings/Villa2/Villa2_Wall_Mid_B.prefab using Guid(2f706c57176f4c74b9f762c862b60847) Importer(2089858483,b0f066a214c2f5e87bad3c948f4d605d) (ScriptedImporter) -> (artifact id: '4d1649fcdfbff7b2e8cad87ae1abc28d') in 0.0591383 seconds
Number of updated asset objects reloaded before import = 0Number of asset objects unloaded after import = 7

========================================================================
Received Import Request.
  Time since last request: 0.000045 seconds.
  path: Assets/Erufyta/Flooded_Grounds/Content/Meshes/mBuildings/mStructures/Struct_Billboard_A_DM.fbx
  artifactKey: Guid(5cbd44f6c3428b54995ae85ed4d72b25) Importer(2089858483,b0f066a214c2f5e87bad3c948f4d605d)
Start importing Assets/Erufyta/Flooded_Grounds/Content/Meshes/mBuildings/mStructures/Struct_Billboard_A_DM.fbx using Guid(5cbd44f6c3428b54995ae85ed4d72b25) Importer(2089858483,b0f066a214c2f5e87bad3c948f4d605d) (ScriptedImporter) -> (artifact id: 'c9c0905ae3bfaf7bcb1d8e5dbe05a629') in 0.0733651 seconds
Number of updated asset objects reloaded before import = 0Number of asset objects unloaded after import = 7

========================================================================
Received Import Request.
  Time since last request: 0.000070 seconds.
  path: Assets/Erufyta/Flooded_Grounds/PostProcessing/Runtime/Models/EyeAdaptationModel.cs
  artifactKey: Guid(edf6d216ca4b60942a0c533c14f26d53) Importer(2089858483,b0f066a214c2f5e87bad3c948f4d605d)
Start importing Assets/Erufyta/Flooded_Grounds/PostProcessing/Runtime/Models/EyeAdaptationModel.cs using Guid(edf6d216ca4b60942a0c533c14f26d53) Importer(2089858483,b0f066a214c2f5e87bad3c948f4d605d) (ScriptedImporter) -> (artifact id: '2e71dba2ed1971f7fd1c50ef617c804c') in 0.0436272 seconds
Number of updated asset objects reloaded before import = 0Number of asset objects unloaded after import = 0

========================================================================
Received Import Request.
  Time since last request: 0.000056 seconds.
  path: Assets/Erufyta/Flooded_Grounds/Prefabs/Buildings/Villa1/Villa1_Wall_Mid_C.prefab
  artifactKey: Guid(1eb7717755343d844afec811c03c3ba2) Importer(2089858483,b0f066a214c2f5e87bad3c948f4d605d)
Start importing Assets/Erufyta/Flooded_Grounds/Prefabs/Buildings/Villa1/Villa1_Wall_Mid_C.prefab using Guid(1eb7717755343d844afec811c03c3ba2) Importer(2089858483,b0f066a214c2f5e87bad3c948f4d605d) (ScriptedImporter) -> (artifact id: '6c212fef5db50fbc336ffcb33a45a8ff') in 0.0690003 seconds
Number of updated asset objects reloaded before import = 0Number of asset objects unloaded after import = 7

========================================================================
Received Import Request.
  Time since last request: 0.000145 seconds.
  path: Assets/Erufyta/Flooded_Grounds/PostProcessing/Editor Resources/Monitors/WaveformRender.shader
  artifactKey: Guid(8b3e43c50424ab2428a9c172843bc66d) Importer(2089858483,b0f066a214c2f5e87bad3c948f4d605d)
Start importing Assets/Erufyta/Flooded_Grounds/PostProcessing/Editor Resources/Monitors/WaveformRender.shader using Guid(8b3e43c50424ab2428a9c172843bc66d) Importer(2089858483,b0f066a214c2f5e87bad3c948f4d605d) (ScriptedImporter) -> (artifact id: 'fc7e624fd32b789c31c8583426bd9894') in 0.0330583 seconds
Number of updated asset objects reloaded before import = 0Number of asset objects unloaded after import = 1

========================================================================
Received Import Request.
  Time since last request: 0.000122 seconds.
  path: Assets/Erufyta/Flooded_Grounds/Prefabs/Buildings/Villa2/Villa2_Deco_RoofPiece_C.prefab
  artifactKey: Guid(3d04a236527d27045b4b6ce3b2a7b0aa) Importer(2089858483,b0f066a214c2f5e87bad3c948f4d605d)
Start importing Assets/Erufyta/Flooded_Grounds/Prefabs/Buildings/Villa2/Villa2_Deco_RoofPiece_C.prefab using Guid(3d04a236527d27045b4b6ce3b2a7b0aa) Importer(2089858483,b0f066a214c2f5e87bad3c948f4d605d) (ScriptedImporter) -> (artifact id: 'abf8df7956f5d1317f92e9439cea849f') in 0.068726 seconds
Number of updated asset objects reloaded before import = 0Number of asset objects unloaded after import = 7

========================================================================
Received Import Request.
  Time since last request: 0.000073 seconds.
  path: Assets/Erufyta/Flooded_Grounds/Content/Meshes/mBuildings/mChurches/Church1_Door_C.fbx
  artifactKey: Guid(03a195876f0eda54098b8eeedf2c5d73) Importer(2089858483,b0f066a214c2f5e87bad3c948f4d605d)
Start importing Assets/Erufyta/Flooded_Grounds/Content/Meshes/mBuildings/mChurches/Church1_Door_C.fbx using Guid(03a195876f0eda54098b8eeedf2c5d73) Importer(2089858483,b0f066a214c2f5e87bad3c948f4d605d) (ScriptedImporter) -> (artifact id: 'bfbab3d729c1a7d393210b68a2610120') in 0.1071842 seconds
Number of updated asset objects reloaded before import = 0Number of asset objects unloaded after import = 7

========================================================================
Received Import Request.
  Time since last request: 0.000048 seconds.
  path: Assets/Erufyta/Flooded_Grounds/Prefabs/Buildings/Villa1/Villa1_Ext_A.prefab
  artifactKey: Guid(287365a760f34774c89f2f14c93e3251) Importer(2089858483,b0f066a214c2f5e87bad3c948f4d605d)
Start importing Assets/Erufyta/Flooded_Grounds/Prefabs/Buildings/Villa1/Villa1_Ext_A.prefab using Guid(287365a760f34774c89f2f14c93e3251) Importer(2089858483,b0f066a214c2f5e87bad3c948f4d605d) (ScriptedImporter) -> (artifact id: 'f59505a1e164ec07341199c599f4939e') in 0.0972548 seconds
Number of updated asset objects reloaded before import = 0Number of asset objects unloaded after import = 7

========================================================================
Received Import Request.
  Time since last request: 0.000077 seconds.
  path: Assets/Erufyta/Flooded_Grounds/Prefabs/Buildings/BrickHouse/BrickHouse_Floor_Mid_A_DM_B.prefab
  artifactKey: Guid(172519860681a8b4cba807037132dde8) Importer(2089858483,b0f066a214c2f5e87bad3c948f4d605d)
Start importing Assets/Erufyta/Flooded_Grounds/Prefabs/Buildings/BrickHouse/BrickHouse_Floor_Mid_A_DM_B.prefab using Guid(172519860681a8b4cba807037132dde8) Importer(2089858483,b0f066a214c2f5e87bad3c948f4d605d) (ScriptedImporter) -> (artifact id: 'a5ead1c1efcf1097aaed4e8cac3f5e15') in 0.1826129 seconds
Number of updated asset objects reloaded before import = 0Number of asset objects unloaded after import = 8

========================================================================
Received Import Request.
  Time since last request: 0.000051 seconds.
  path: Assets/Erufyta/Flooded_Grounds/Prefabs/Buildings/Villa1/Villa1_Wall_Cor_B.prefab
  artifactKey: Guid(1cb997d50bcf8e540b2ac46cc6196a86) Importer(2089858483,b0f066a214c2f5e87bad3c948f4d605d)
Start importing Assets/Erufyta/Flooded_Grounds/Prefabs/Buildings/Villa1/Villa1_Wall_Cor_B.prefab using Guid(1cb997d50bcf8e540b2ac46cc6196a86) Importer(2089858483,b0f066a214c2f5e87bad3c948f4d605d) (ScriptedImporter) -> (artifact id: 'c3dcf07c80c898dd834e182fa1776efa') in 0.1331595 seconds
Number of updated asset objects reloaded before import = 0Number of asset objects unloaded after import = 7

========================================================================
Received Import Request.
  Time since last request: 0.000059 seconds.
  path: Assets/Erufyta/Flooded_Grounds/Prefabs/Buildings/Villa2/Villa2_Deco_Beam_A_2x.prefab
  artifactKey: Guid(f0f79e951a6fd2547a1b21301ded163e) Importer(2089858483,b0f066a214c2f5e87bad3c948f4d605d)
Start importing Assets/Erufyta/Flooded_Grounds/Prefabs/Buildings/Villa2/Villa2_Deco_Beam_A_2x.prefab using Guid(f0f79e951a6fd2547a1b21301ded163e) Importer(2089858483,b0f066a214c2f5e87bad3c948f4d605d) (ScriptedImporter) -> (artifact id: 'f8da93e4dc5f7379202006202843e0b5') in 0.1107102 seconds
Number of updated asset objects reloaded before import = 0Number of asset objects unloaded after import = 7

========================================================================
Received Import Request.
  Time since last request: 0.000036 seconds.
  path: Assets/Erufyta/Flooded_Grounds/Scripts/FPSController/CharController_Motor.cs
  artifactKey: Guid(1ec920c63e1d8ad4198465d60ada67b5) Importer(2089858483,b0f066a214c2f5e87bad3c948f4d605d)
Start importing Assets/Erufyta/Flooded_Grounds/Scripts/FPSController/CharController_Motor.cs using Guid(1ec920c63e1d8ad4198465d60ada67b5) Importer(2089858483,b0f066a214c2f5e87bad3c948f4d605d) (ScriptedImporter) -> (artifact id: 'bb441e3812a5b14575bd11d38704be38') in 0.0439411 seconds
Number of updated asset objects reloaded before import = 0Number of asset objects unloaded after import = 0

========================================================================
Received Import Request.
  Time since last request: 0.000069 seconds.
  path: Assets/Erufyta/Flooded_Grounds/Prefabs/Buildings/Villa2/Villa2_IntStairs_A.prefab
  artifactKey: Guid(e21009e7dc5e8544c82d5fe2b089da33) Importer(2089858483,b0f066a214c2f5e87bad3c948f4d605d)
Start importing Assets/Erufyta/Flooded_Grounds/Prefabs/Buildings/Villa2/Villa2_IntStairs_A.prefab using Guid(e21009e7dc5e8544c82d5fe2b089da33) Importer(2089858483,b0f066a214c2f5e87bad3c948f4d605d) (ScriptedImporter) -> (artifact id: 'e999f1a816b1c47c0e2ad6cbad95f9b1') in 0.0919056 seconds
Number of updated asset objects reloaded before import = 0Number of asset objects unloaded after import = 7

========================================================================
Received Import Request.
  Time since last request: 0.000096 seconds.
  path: Assets/Erufyta/Flooded_Grounds/PostProcessing/Utilities/CustomMotionTexture/ExampleWheelController.cs
  artifactKey: Guid(840c928746809454cb5b9309b640dbd7) Importer(2089858483,b0f066a214c2f5e87bad3c948f4d605d)
Start importing Assets/Erufyta/Flooded_Grounds/PostProcessing/Utilities/CustomMotionTexture/ExampleWheelController.cs using Guid(840c928746809454cb5b9309b640dbd7) Importer(2089858483,b0f066a214c2f5e87bad3c948f4d605d) (ScriptedImporter) -> (artifact id: 'dbb73f7ef7c9bcaf265cb7462a60b269') in 0.043767 seconds
Number of updated asset objects reloaded before import = 0Number of asset objects unloaded after import = 0

========================================================================
Received Import Request.
  Time since last request: 0.000074 seconds.
  path: Assets/Erufyta/Flooded_Grounds/Content/Materials/BLD_Church1.mat
  artifactKey: Guid(67839f18cb008324fad823e901f01b33) Importer(2089858483,b0f066a214c2f5e87bad3c948f4d605d)
Start importing Assets/Erufyta/Flooded_Grounds/Content/Materials/BLD_Church1.mat using Guid(67839f18cb008324fad823e901f01b33) Importer(2089858483,b0f066a214c2f5e87bad3c948f4d605d) (ScriptedImporter) -> (artifact id: '4783f97598632040b9d28d28d45e836d') in 0.3300278 seconds
Number of updated asset objects reloaded before import = 0Number of asset objects unloaded after import = 7

========================================================================
Received Import Request.
  Time since last request: 0.000059 seconds.
  path: Assets/Erufyta/Flooded_Grounds/Prefabs/Nature/Trees/TreeCreator_Small_B_Textures/diffuse.png
  artifactKey: Guid(ec221d1885c1d554dbc49b8434a733d0) Importer(2089858483,b0f066a214c2f5e87bad3c948f4d605d)
Start importing Assets/Erufyta/Flooded_Grounds/Prefabs/Nature/Trees/TreeCreator_Small_B_Textures/diffuse.png using Guid(ec221d1885c1d554dbc49b8434a733d0) Importer(2089858483,b0f066a214c2f5e87bad3c948f4d605d) (ScriptedImporter) -> (artifact id: '1875cc22797aff6dc4f19bab65a5ffcd') in 0.0728796 seconds
Number of updated asset objects reloaded before import = 0Number of asset objects unloaded after import = 1

========================================================================
Received Import Request.
  Time since last request: 0.000111 seconds.
  path: Assets/Erufyta/Flooded_Grounds/Prefabs/Nature/Trees/TreeCreator_Crinkly_B_Textures/diffuse.png
  artifactKey: Guid(f7ca2177aed2c414b97900eb667a6f0d) Importer(2089858483,b0f066a214c2f5e87bad3c948f4d605d)
Start importing Assets/Erufyta/Flooded_Grounds/Prefabs/Nature/Trees/TreeCreator_Crinkly_B_Textures/diffuse.png using Guid(f7ca2177aed2c414b97900eb667a6f0d) Importer(2089858483,b0f066a214c2f5e87bad3c948f4d605d) (ScriptedImporter) -> (artifact id: 'bc6d23b1c67476e6e4c40b81827bd2d1') in 0.0687213 seconds
Number of updated asset objects reloaded before import = 0Number of asset objects unloaded after import = 1

========================================================================
Received Import Request.
  Time since last request: 0.000069 seconds.
  path: Assets/Erufyta/Flooded_Grounds/PostProcessing/Runtime/Models/ChromaticAberrationModel.cs
  artifactKey: Guid(8da01668697617e43879715e835a2367) Importer(2089858483,b0f066a214c2f5e87bad3c948f4d605d)
Start importing Assets/Erufyta/Flooded_Grounds/PostProcessing/Runtime/Models/ChromaticAberrationModel.cs using Guid(8da01668697617e43879715e835a2367) Importer(2089858483,b0f066a214c2f5e87bad3c948f4d605d) (ScriptedImporter) -> (artifact id: '384e44262ac08d7e11e593273f72149b') in 0.0520934 seconds
Number of updated asset objects reloaded before import = 0Number of asset objects unloaded after import = 0

========================================================================
Received Import Request.
  Time since last request: 0.000092 seconds.
  path: Assets/Erufyta/Flooded_Grounds/Prefabs/Buildings/Villa2/Villa2_Floor_Mid_B.prefab
  artifactKey: Guid(ee1b5b58c90552741b2e3276d8b5db74) Importer(2089858483,b0f066a214c2f5e87bad3c948f4d605d)
Start importing Assets/Erufyta/Flooded_Grounds/Prefabs/Buildings/Villa2/Villa2_Floor_Mid_B.prefab using Guid(ee1b5b58c90552741b2e3276d8b5db74) Importer(2089858483,b0f066a214c2f5e87bad3c948f4d605d) (ScriptedImporter) -> (artifact id: '99a0e18866cda187272a3cfd005c7586') in 0.0748287 seconds
Number of updated asset objects reloaded before import = 0Number of asset objects unloaded after import = 7

========================================================================
Received Import Request.
  Time since last request: 0.000168 seconds.
  path: Assets/Erufyta/Flooded_Grounds/Content/Textures/BLD_WindowGlass1_A.tif
  artifactKey: Guid(ec04c678fb72c1b4fb5f0cc7ae4cc117) Importer(2089858483,b0f066a214c2f5e87bad3c948f4d605d)
Start importing Assets/Erufyta/Flooded_Grounds/Content/Textures/BLD_WindowGlass1_A.tif using Guid(ec04c678fb72c1b4fb5f0cc7ae4cc117) Importer(2089858483,b0f066a214c2f5e87bad3c948f4d605d) (ScriptedImporter) -> (artifact id: 'b5143685586de178b29939aebf7ce969') in 0.0946465 seconds
Number of updated asset objects reloaded before import = 0Number of asset objects unloaded after import = 1

========================================================================
Received Import Request.
  Time since last request: 0.000068 seconds.
  path: Assets/Erufyta/Flooded_Grounds/PostProcessing/Editor/Models/EyeAdaptationModelEditor.cs
  artifactKey: Guid(489b5c785ba0f614d90c322fa0827216) Importer(2089858483,b0f066a214c2f5e87bad3c948f4d605d)
Start importing Assets/Erufyta/Flooded_Grounds/PostProcessing/Editor/Models/EyeAdaptationModelEditor.cs using Guid(489b5c785ba0f614d90c322fa0827216) Importer(2089858483,b0f066a214c2f5e87bad3c948f4d605d) (ScriptedImporter) -> (artifact id: '0d2698e02467a2b7d7aba51b231474cd') in 0.0388634 seconds
Number of updated asset objects reloaded before import = 0Number of asset objects unloaded after import = 0

========================================================================
Received Import Request.
  Time since last request: 0.000042 seconds.
  path: Assets/Erufyta/Flooded_Grounds/PostProcessing/Resources/Bluenoise64/LDR_LLL1_25.png
  artifactKey: Guid(f4b8ab78b57749d4e96d36f6d8a395d0) Importer(2089858483,b0f066a214c2f5e87bad3c948f4d605d)
Start importing Assets/Erufyta/Flooded_Grounds/PostProcessing/Resources/Bluenoise64/LDR_LLL1_25.png using Guid(f4b8ab78b57749d4e96d36f6d8a395d0) Importer(2089858483,b0f066a214c2f5e87bad3c948f4d605d) (ScriptedImporter) -> (artifact id: 'db7833963e548031fe86565f64e7fff4') in 0.1165954 seconds
Number of updated asset objects reloaded before import = 0Number of asset objects unloaded after import = 1

========================================================================
Received Import Request.
  Time since last request: 0.000079 seconds.
  path: Assets/Erufyta/Flooded_Grounds/PostProcessing/Editor/PostProcessingInspector.cs
  artifactKey: Guid(27fa95984763d9d47bbad59e7fdb66fe) Importer(2089858483,b0f066a214c2f5e87bad3c948f4d605d)
Start importing Assets/Erufyta/Flooded_Grounds/PostProcessing/Editor/PostProcessingInspector.cs using Guid(27fa95984763d9d47bbad59e7fdb66fe) Importer(2089858483,b0f066a214c2f5e87bad3c948f4d605d) (ScriptedImporter) -> (artifact id: 'e51cabe8eb7fc974986ec16f441d09ed') in 0.0510148 seconds
Number of updated asset objects reloaded before import = 0Number of asset objects unloaded after import = 0

========================================================================
Received Import Request.
  Time since last request: 0.000047 seconds.
  path: Assets/Erufyta/Flooded_Grounds/Content/Textures/PROP_Car1_N.tif
  artifactKey: Guid(6fa141c84c783e443b399bacfc4bee1c) Importer(2089858483,b0f066a214c2f5e87bad3c948f4d605d)
Start importing Assets/Erufyta/Flooded_Grounds/Content/Textures/PROP_Car1_N.tif using Guid(6fa141c84c783e443b399bacfc4bee1c) Importer(2089858483,b0f066a214c2f5e87bad3c948f4d605d) (ScriptedImporter) -> (artifact id: 'b8b5514dcf61f6b7b4e4a012c208db4b') in 0.2076551 seconds
Number of updated asset objects reloaded before import = 0Number of asset objects unloaded after import = 1

========================================================================
Received Import Request.
  Time since last request: 0.000142 seconds.
  path: Assets/Erufyta/Flooded_Grounds/Prefabs/Buildings/Structures1/Pavement2_End_A.prefab
  artifactKey: Guid(6e3189c8f251ccb4abb64f3d59c2256a) Importer(2089858483,b0f066a214c2f5e87bad3c948f4d605d)
Start importing Assets/Erufyta/Flooded_Grounds/Prefabs/Buildings/Structures1/Pavement2_End_A.prefab using Guid(6e3189c8f251ccb4abb64f3d59c2256a) Importer(2089858483,b0f066a214c2f5e87bad3c948f4d605d) (ScriptedImporter) -> (artifact id: '1c25643b941b1ee9b646b5e4d61a43bd') in 0.0763288 seconds
Number of updated asset objects reloaded before import = 0Number of asset objects unloaded after import = 8

========================================================================
Received Import Request.
  Time since last request: 0.000059 seconds.
  path: Assets/Erufyta/Flooded_Grounds/Prefabs/Nature/Grass/Grass_Small_D.prefab
  artifactKey: Guid(883e84064e0818d46b851b53952056f7) Importer(2089858483,b0f066a214c2f5e87bad3c948f4d605d)
Start importing Assets/Erufyta/Flooded_Grounds/Prefabs/Nature/Grass/Grass_Small_D.prefab using Guid(883e84064e0818d46b851b53952056f7) Importer(2089858483,b0f066a214c2f5e87bad3c948f4d605d) (ScriptedImporter) -> (artifact id: 'f77a46bb64a8377919f54c2dfb316547') in 0.0779082 seconds
Number of updated asset objects reloaded before import = 0Number of asset objects unloaded after import = 8

========================================================================
Received Import Request.
  Time since last request: 0.000243 seconds.
  path: Assets/Erufyta/Flooded_Grounds/Prefabs/Buildings/Villa2/Villa2_Top_Cor_B.prefab
  artifactKey: Guid(bd79f7f83a9f64c41abd4b5203ff3971) Importer(2089858483,b0f066a214c2f5e87bad3c948f4d605d)
Start importing Assets/Erufyta/Flooded_Grounds/Prefabs/Buildings/Villa2/Villa2_Top_Cor_B.prefab using Guid(bd79f7f83a9f64c41abd4b5203ff3971) Importer(2089858483,b0f066a214c2f5e87bad3c948f4d605d) (ScriptedImporter) -> (artifact id: 'd831cd50758249f5bc96ace12442feea') in 0.0784355 seconds
Number of updated asset objects reloaded before import = 0Number of asset objects unloaded after import = 7

========================================================================
Received Import Request.
  Time since last request: 0.000049 seconds.
  path: Assets/Erufyta/Flooded_Grounds/Prefabs/Buildings/Barns/Barn1_End_A.prefab
  artifactKey: Guid(34479af8d2d94b4409152dbf18a964ea) Importer(2089858483,b0f066a214c2f5e87bad3c948f4d605d)
Start importing Assets/Erufyta/Flooded_Grounds/Prefabs/Buildings/Barns/Barn1_End_A.prefab using Guid(34479af8d2d94b4409152dbf18a964ea) Importer(2089858483,b0f066a214c2f5e87bad3c948f4d605d) (ScriptedImporter) -> (artifact id: 'd173f6cc2512c00e52305feb577142ba') in 0.0938839 seconds
Number of updated asset objects reloaded before import = 0Number of asset objects unloaded after import = 7

========================================================================
Received Import Request.
  Time since last request: 0.000070 seconds.
  path: Assets/Erufyta/Flooded_Grounds/PostProcessing/Editor Resources/UI/MotionBlendingIcon.png
  artifactKey: Guid(c0fa58091049bd24394fa15b0b6d4c5a) Importer(2089858483,b0f066a214c2f5e87bad3c948f4d605d)
Start importing Assets/Erufyta/Flooded_Grounds/PostProcessing/Editor Resources/UI/MotionBlendingIcon.png using Guid(c0fa58091049bd24394fa15b0b6d4c5a) Importer(2089858483,b0f066a214c2f5e87bad3c948f4d605d) (ScriptedImporter) -> (artifact id: 'eeb4c334d71877cd1fe9b0c5d85f01ea') in 0.1002992 seconds
Number of updated asset objects reloaded before import = 0Number of asset objects unloaded after import = 1

========================================================================
Received Import Request.
  Time since last request: 0.000053 seconds.
  path: Assets/Erufyta/Flooded_Grounds/PostProcessing/Utilities/CustomMotionTexture/Textures/WheelMotionVectors.png
  artifactKey: Guid(d1cc06458fe724df8837423c0a2f8f93) Importer(2089858483,b0f066a214c2f5e87bad3c948f4d605d)
Start importing Assets/Erufyta/Flooded_Grounds/PostProcessing/Utilities/CustomMotionTexture/Textures/WheelMotionVectors.png using Guid(d1cc06458fe724df8837423c0a2f8f93) Importer(2089858483,b0f066a214c2f5e87bad3c948f4d605d) (ScriptedImporter) -> (artifact id: 'b2c97a3d50c95e7836df03545831a4a2') in 0.0802699 seconds
Number of updated asset objects reloaded before import = 0Number of asset objects unloaded after import = 1

========================================================================
Received Import Request.
  Time since last request: 0.000074 seconds.
  path: Assets/Erufyta/Flooded_Grounds/Content/Meshes/mBuildings/mStructures/Struct_RadioTower_A.fbx
  artifactKey: Guid(7c68ec09c2cee934cb9abb016bf4bb2e) Importer(2089858483,b0f066a214c2f5e87bad3c948f4d605d)
Start importing Assets/Erufyta/Flooded_Grounds/Content/Meshes/mBuildings/mStructures/Struct_RadioTower_A.fbx using Guid(7c68ec09c2cee934cb9abb016bf4bb2e) Importer(2089858483,b0f066a214c2f5e87bad3c948f4d605d) (ScriptedImporter) -> (artifact id: '986bce8b0377bad57a1ed4f383325c22') in 0.1401009 seconds
Number of updated asset objects reloaded before import = 0Number of asset objects unloaded after import = 20

========================================================================
Received Import Request.
  Time since last request: 0.000038 seconds.
  path: Assets/Erufyta/Flooded_Grounds/Prefabs/Sounds/3D_WindHowl.prefab
  artifactKey: Guid(81d633455a8cc814e89ff68eb1deb8e7) Importer(2089858483,b0f066a214c2f5e87bad3c948f4d605d)
Start importing Assets/Erufyta/Flooded_Grounds/Prefabs/Sounds/3D_WindHowl.prefab using Guid(81d633455a8cc814e89ff68eb1deb8e7) Importer(2089858483,b0f066a214c2f5e87bad3c948f4d605d) (ScriptedImporter) -> (artifact id: '23f238c699fd92a223be0346b88a9c87') in 0.1809449 seconds
Number of updated asset objects reloaded before import = 0Number of asset objects unloaded after import = 6

========================================================================
Received Import Request.
  Time since last request: 0.000086 seconds.
  path: Assets/Erufyta/Flooded_Grounds/Content/Textures/BLD_Doors1_A.tif
  artifactKey: Guid(966cf6398289d054592e01c08d5880f7) Importer(2089858483,b0f066a214c2f5e87bad3c948f4d605d)
Start importing Assets/Erufyta/Flooded_Grounds/Content/Textures/BLD_Doors1_A.tif using Guid(966cf6398289d054592e01c08d5880f7) Importer(2089858483,b0f066a214c2f5e87bad3c948f4d605d) (ScriptedImporter) -> (artifact id: '170af41abcc3fd6ada61fdcc189f2cb8') in 0.1043777 seconds
Number of updated asset objects reloaded before import = 0Number of asset objects unloaded after import = 1

========================================================================
Received Import Request.
  Time since last request: 0.000066 seconds.
  path: Assets/Erufyta/Flooded_Grounds/Content/Textures/GR_Moss1_N.tif
  artifactKey: Guid(3cc5713907ad64743bff036ba79ef950) Importer(2089858483,b0f066a214c2f5e87bad3c948f4d605d)
Start importing Assets/Erufyta/Flooded_Grounds/Content/Textures/GR_Moss1_N.tif using Guid(3cc5713907ad64743bff036ba79ef950) Importer(2089858483,b0f066a214c2f5e87bad3c948f4d605d) (ScriptedImporter) -> (artifact id: 'e6428b6dc492fb392fcf574127b5b4c0') in 0.0693563 seconds
Number of updated asset objects reloaded before import = 0Number of asset objects unloaded after import = 1

========================================================================
Received Import Request.
  Time since last request: 0.000094 seconds.
  path: Assets/Erufyta/Flooded_Grounds/Content/Textures/PROP_Car1_AO.tif
  artifactKey: Guid(c5621d59e16f0ce47bcd84076fa3a382) Importer(2089858483,b0f066a214c2f5e87bad3c948f4d605d)
Start importing Assets/Erufyta/Flooded_Grounds/Content/Textures/PROP_Car1_AO.tif using Guid(c5621d59e16f0ce47bcd84076fa3a382) Importer(2089858483,b0f066a214c2f5e87bad3c948f4d605d) (ScriptedImporter) -> (artifact id: '947c28233c91a2bb6e923668dd124c3f') in 0.0873001 seconds
Number of updated asset objects reloaded before import = 0Number of asset objects unloaded after import = 1

========================================================================
Received Import Request.
  Time since last request: 0.000100 seconds.
  path: Assets/Erufyta/Flooded_Grounds/Content/Textures/PROP_ParkBench1_N.tif
  artifactKey: Guid(034c3269537e8b046976a4bdc3912df1) Importer(2089858483,b0f066a214c2f5e87bad3c948f4d605d)
Start importing Assets/Erufyta/Flooded_Grounds/Content/Textures/PROP_ParkBench1_N.tif using Guid(034c3269537e8b046976a4bdc3912df1) Importer(2089858483,b0f066a214c2f5e87bad3c948f4d605d) (ScriptedImporter) -> (artifact id: '576273631d7323fa5a29b41d9f10c440') in 0.0826775 seconds
Number of updated asset objects reloaded before import = 0Number of asset objects unloaded after import = 1

========================================================================
Received Import Request.
  Time since last request: 0.000171 seconds.
  path: Assets/Erufyta/Flooded_Grounds/PostProcessing/Resources/Bluenoise64/LDR_LLL1_59.png
  artifactKey: Guid(d96974690c77f50489eb60ec84bd8dac) Importer(2089858483,b0f066a214c2f5e87bad3c948f4d605d)
Start importing Assets/Erufyta/Flooded_Grounds/PostProcessing/Resources/Bluenoise64/LDR_LLL1_59.png using Guid(d96974690c77f50489eb60ec84bd8dac) Importer(2089858483,b0f066a214c2f5e87bad3c948f4d605d) (ScriptedImporter) -> (artifact id: 'dca6491059f8194a19dd8bf347389dd9') in 0.0828047 seconds
Number of updated asset objects reloaded before import = 0Number of asset objects unloaded after import = 1

========================================================================
Received Import Request.
  Time since last request: 0.000048 seconds.
  path: Assets/Erufyta/Flooded_Grounds/Prefabs/Buildings/Villa2/Villa2_Wall_Cor_A.prefab
  artifactKey: Guid(3d6af86994b168f459350d61d340227e) Importer(2089858483,b0f066a214c2f5e87bad3c948f4d605d)
Start importing Assets/Erufyta/Flooded_Grounds/Prefabs/Buildings/Villa2/Villa2_Wall_Cor_A.prefab using Guid(3d6af86994b168f459350d61d340227e) Importer(2089858483,b0f066a214c2f5e87bad3c948f4d605d) (ScriptedImporter) -> (artifact id: '58e2fcc11cc8e5a658b8be68d47bf2a7') in 0.1152853 seconds
Number of updated asset objects reloaded before import = 0Number of asset objects unloaded after import = 7

========================================================================
Received Import Request.
  Time since last request: 0.000039 seconds.
  path: Assets/Erufyta/Flooded_Grounds/Content/Textures/PROP_Gravestones1_A.tif
  artifactKey: Guid(36c1af4765cc5e94da5e1bc2fb6a7077) Importer(2089858483,b0f066a214c2f5e87bad3c948f4d605d)
Start importing Assets/Erufyta/Flooded_Grounds/Content/Textures/PROP_Gravestones1_A.tif using Guid(36c1af4765cc5e94da5e1bc2fb6a7077) Importer(2089858483,b0f066a214c2f5e87bad3c948f4d605d) (ScriptedImporter) -> (artifact id: 'cb397728ee43ec5bc1c19bd6e75ff868') in 0.1261624 seconds
Number of updated asset objects reloaded before import = 0Number of asset objects unloaded after import = 1

========================================================================
Received Import Request.
  Time since last request: 0.000076 seconds.
  path: Assets/Erufyta/Flooded_Grounds/Content/Meshes/mBuildings/mStructures/Struct_Pavilion_B_COL.fbx
  artifactKey: Guid(63132d99821cb9a44a82fbae427832c9) Importer(2089858483,b0f066a214c2f5e87bad3c948f4d605d)
Start importing Assets/Erufyta/Flooded_Grounds/Content/Meshes/mBuildings/mStructures/Struct_Pavilion_B_COL.fbx using Guid(63132d99821cb9a44a82fbae427832c9) Importer(2089858483,b0f066a214c2f5e87bad3c948f4d605d) (ScriptedImporter) -> (artifact id: '0d0854b5806736ec70cf365bb8355b3b') in 0.0746408 seconds
Number of updated asset objects reloaded before import = 0Number of asset objects unloaded after import = 7

========================================================================
Received Import Request.
  Time since last request: 0.000103 seconds.
  path: Assets/Erufyta/Flooded_Grounds/Prefabs/Buildings/Villa1/Villa1_Deco_Handrail1_Mid_A.prefab
  artifactKey: Guid(3f034e995143d7c48aceeca0168460c0) Importer(2089858483,b0f066a214c2f5e87bad3c948f4d605d)
Start importing Assets/Erufyta/Flooded_Grounds/Prefabs/Buildings/Villa1/Villa1_Deco_Handrail1_Mid_A.prefab using Guid(3f034e995143d7c48aceeca0168460c0) Importer(2089858483,b0f066a214c2f5e87bad3c948f4d605d) (ScriptedImporter) -> (artifact id: 'f1457d35606ed730de20cbb69ff1b96b') in 0.1254139 seconds
Number of updated asset objects reloaded before import = 0Number of asset objects unloaded after import = 7

========================================================================
Received Import Request.
  Time since last request: 0.000039 seconds.
  path: Assets/Erufyta/Flooded_Grounds/Prefabs/Props/Prop_ChurchBench_A.prefab
  artifactKey: Guid(51e1ec27a31e16a4ba99622c680fd8ec) Importer(2089858483,b0f066a214c2f5e87bad3c948f4d605d)
Start importing Assets/Erufyta/Flooded_Grounds/Prefabs/Props/Prop_ChurchBench_A.prefab using Guid(51e1ec27a31e16a4ba99622c680fd8ec) Importer(2089858483,b0f066a214c2f5e87bad3c948f4d605d) (ScriptedImporter) -> (artifact id: '8913a897b512bc785b7490c7c1e40928') in 0.0566829 seconds
Number of updated asset objects reloaded before import = 0Number of asset objects unloaded after import = 17

========================================================================
Received Import Request.
  Time since last request: 0.000153 seconds.
  path: Assets/Erufyta/Flooded_Grounds/Prefabs/Buildings/Structures1/Struct_ExtStairs_B.prefab
  artifactKey: Guid(4a1c69b90f1bb304a928f19ce913cecc) Importer(2089858483,b0f066a214c2f5e87bad3c948f4d605d)
Start importing Assets/Erufyta/Flooded_Grounds/Prefabs/Buildings/Structures1/Struct_ExtStairs_B.prefab using Guid(4a1c69b90f1bb304a928f19ce913cecc) Importer(2089858483,b0f066a214c2f5e87bad3c948f4d605d) (ScriptedImporter) -> (artifact id: 'ad7fef0a71ae1d0d061288919aad0147') in 0.0835379 seconds
Number of updated asset objects reloaded before import = 0Number of asset objects unloaded after import = 23

========================================================================
Received Import Request.
  Time since last request: 0.000103 seconds.
  path: Assets/Erufyta/Flooded_Grounds/PostProcessing/Textures/LUTs/NeutralLUT_32.png
  artifactKey: Guid(4f98e9c96c8a48541b5eb704e92d99b8) Importer(2089858483,b0f066a214c2f5e87bad3c948f4d605d)
Start importing Assets/Erufyta/Flooded_Grounds/PostProcessing/Textures/LUTs/NeutralLUT_32.png using Guid(4f98e9c96c8a48541b5eb704e92d99b8) Importer(2089858483,b0f066a214c2f5e87bad3c948f4d605d) (ScriptedImporter) -> (artifact id: '7fc1690684402050a0553f25b2956057') in 0.1771965 seconds
Number of updated asset objects reloaded before import = 0Number of asset objects unloaded after import = 1

========================================================================
Received Import Request.
  Time since last request: 0.000066 seconds.
  path: Assets/Erufyta/Flooded_Grounds/PostProcessing/Editor Resources/UI/Trackball.shader
  artifactKey: Guid(4bf49309c7ab9eb42a86774d2c09b4fa) Importer(2089858483,b0f066a214c2f5e87bad3c948f4d605d)
Start importing Assets/Erufyta/Flooded_Grounds/PostProcessing/Editor Resources/UI/Trackball.shader using Guid(4bf49309c7ab9eb42a86774d2c09b4fa) Importer(2089858483,b0f066a214c2f5e87bad3c948f4d605d) (ScriptedImporter) -> (artifact id: '4f2ee4267c7b9c1e29612ec518e079b1') in 0.0423741 seconds
Number of updated asset objects reloaded before import = 0Number of asset objects unloaded after import = 1

========================================================================
Received Import Request.
  Time since last request: 0.000083 seconds.
  path: Assets/Erufyta/Flooded_Grounds/PostProcessing/Textures/Spectral LUTs/SpectralLut_RedBlue.tga
  artifactKey: Guid(ff5f3317371838d4fa16ac6c2acf2040) Importer(2089858483,b0f066a214c2f5e87bad3c948f4d605d)
Start importing Assets/Erufyta/Flooded_Grounds/PostProcessing/Textures/Spectral LUTs/SpectralLut_RedBlue.tga using Guid(ff5f3317371838d4fa16ac6c2acf2040) Importer(2089858483,b0f066a214c2f5e87bad3c948f4d605d) (ScriptedImporter) -> (artifact id: 'b5c459bbbcc98d6de48efd3961c6327f') in 0.1674974 seconds
Number of updated asset objects reloaded before import = 0Number of asset objects unloaded after import = 1

========================================================================
Received Import Request.
  Time since last request: 0.000087 seconds.
  path: Assets/Erufyta/Flooded_Grounds/Prefabs/Buildings/Villa2/Villa2_Deco_Handrail1_Cap_A.prefab
  artifactKey: Guid(0b08d4e9832f0c04198e757fa9771186) Importer(2089858483,b0f066a214c2f5e87bad3c948f4d605d)
Start importing Assets/Erufyta/Flooded_Grounds/Prefabs/Buildings/Villa2/Villa2_Deco_Handrail1_Cap_A.prefab using Guid(0b08d4e9832f0c04198e757fa9771186) Importer(2089858483,b0f066a214c2f5e87bad3c948f4d605d) (ScriptedImporter) -> (artifact id: '3ea5080f2dbab3ba9f08cb1985b4f8f2') in 0.3535514 seconds
Number of updated asset objects reloaded before import = 0Number of asset objects unloaded after import = 7

========================================================================
Received Import Request.
  Time since last request: 0.000056 seconds.
  path: Assets/Erufyta/Flooded_Grounds/PostProcessing/Runtime/PostProcessingComponent.cs
  artifactKey: Guid(ef3277e9c14f78546a1ecaab0d293b77) Importer(2089858483,b0f066a214c2f5e87bad3c948f4d605d)
Start importing Assets/Erufyta/Flooded_Grounds/PostProcessing/Runtime/PostProcessingComponent.cs using Guid(ef3277e9c14f78546a1ecaab0d293b77) Importer(2089858483,b0f066a214c2f5e87bad3c948f4d605d) (ScriptedImporter) -> (artifact id: '69de2ec42d35c5963582f8f91c0243bf') in 0.0929091 seconds
Number of updated asset objects reloaded before import = 0Number of asset objects unloaded after import = 0

========================================================================
Received Import Request.
  Time since last request: 0.000087 seconds.
  path: Assets/Erufyta/Flooded_Grounds/Prefabs/Buildings/Villa1/Villa1_Deco_Column_Top_A.prefab
  artifactKey: Guid(201c750a85d617249b8405c7d042da15) Importer(2089858483,b0f066a214c2f5e87bad3c948f4d605d)
Start importing Assets/Erufyta/Flooded_Grounds/Prefabs/Buildings/Villa1/Villa1_Deco_Column_Top_A.prefab using Guid(201c750a85d617249b8405c7d042da15) Importer(2089858483,b0f066a214c2f5e87bad3c948f4d605d) (ScriptedImporter) -> (artifact id: '275175faf59b950544a7379c9a11e3f0') in 0.059986 seconds
Number of updated asset objects reloaded before import = 0Number of asset objects unloaded after import = 7

========================================================================
Received Import Request.
  Time since last request: 0.000049 seconds.
  path: Assets/Erufyta/Flooded_Grounds/PostProcessing/Runtime/Components/EyeAdaptationComponent.cs
  artifactKey: Guid(c227d71a4040d304c943c26e0914bdeb) Importer(2089858483,b0f066a214c2f5e87bad3c948f4d605d)
Start importing Assets/Erufyta/Flooded_Grounds/PostProcessing/Runtime/Components/EyeAdaptationComponent.cs using Guid(c227d71a4040d304c943c26e0914bdeb) Importer(2089858483,b0f066a214c2f5e87bad3c948f4d605d) (ScriptedImporter) -> (artifact id: '283778968c5e82e41d81946313e35e71') in 0.0478212 seconds
Number of updated asset objects reloaded before import = 0Number of asset objects unloaded after import = 0

========================================================================
Received Import Request.
  Time since last request: 0.000136 seconds.
  path: Assets/Erufyta/Flooded_Grounds/Prefabs/Buildings/Churches/Church1_Deco_WindowGlass_A.prefab
  artifactKey: Guid(fa96530a2d3d74a4796598aa6fdfecb2) Importer(2089858483,b0f066a214c2f5e87bad3c948f4d605d)
Start importing Assets/Erufyta/Flooded_Grounds/Prefabs/Buildings/Churches/Church1_Deco_WindowGlass_A.prefab using Guid(fa96530a2d3d74a4796598aa6fdfecb2) Importer(2089858483,b0f066a214c2f5e87bad3c948f4d605d) (ScriptedImporter) -> (artifact id: '61e776be8f605f8c3a0b9666bb6216fc') in 0.1327705 seconds
Number of updated asset objects reloaded before import = 0Number of asset objects unloaded after import = 7

========================================================================
Received Import Request.
  Time since last request: 0.000081 seconds.
  path: Assets/Erufyta/Flooded_Grounds/Content/Textures/DET_BrushMetal_N.tif
  artifactKey: Guid(388b0d1a3a79bee4e88ecf3e75515867) Importer(2089858483,b0f066a214c2f5e87bad3c948f4d605d)
Start importing Assets/Erufyta/Flooded_Grounds/Content/Textures/DET_BrushMetal_N.tif using Guid(388b0d1a3a79bee4e88ecf3e75515867) Importer(2089858483,b0f066a214c2f5e87bad3c948f4d605d) (ScriptedImporter) -> (artifact id: '86af9c0780f80ca44b6201a01b8a5c34') in 0.0951599 seconds
Number of updated asset objects reloaded before import = 0Number of asset objects unloaded after import = 1

========================================================================
Received Import Request.
  Time since last request: 0.000061 seconds.
  path: Assets/Erufyta/Flooded_Grounds/Prefabs/Buildings/Villa1/Villa1_Deco_IntDivider_A.prefab
  artifactKey: Guid(9141863ac11ac0e4d8288c88f8d38bc0) Importer(2089858483,b0f066a214c2f5e87bad3c948f4d605d)
Start importing Assets/Erufyta/Flooded_Grounds/Prefabs/Buildings/Villa1/Villa1_Deco_IntDivider_A.prefab using Guid(9141863ac11ac0e4d8288c88f8d38bc0) Importer(2089858483,b0f066a214c2f5e87bad3c948f4d605d) (ScriptedImporter) -> (artifact id: 'cb20efa28d5b79c7fd69ebcd3e6ba4a7') in 0.0808721 seconds
Number of updated asset objects reloaded before import = 0Number of asset objects unloaded after import = 8

========================================================================
Received Import Request.
  Time since last request: 0.000042 seconds.
  path: Assets/Erufyta/Flooded_Grounds/PostProcessing/Runtime/Components/BloomComponent.cs
  artifactKey: Guid(acd4204a794b09048b928b1e987500c5) Importer(2089858483,b0f066a214c2f5e87bad3c948f4d605d)
Start importing Assets/Erufyta/Flooded_Grounds/PostProcessing/Runtime/Components/BloomComponent.cs using Guid(acd4204a794b09048b928b1e987500c5) Importer(2089858483,b0f066a214c2f5e87bad3c948f4d605d) (ScriptedImporter) -> (artifact id: '775bccd2222568ac188eccc9395e3492') in 0.041116 seconds
Number of updated asset objects reloaded before import = 0Number of asset objects unloaded after import = 0

========================================================================
Received Import Request.
  Time since last request: 0.000119 seconds.
  path: Assets/Erufyta/Flooded_Grounds/Content/Meshes/mNature/mRocks/lo_CobbleRock_D.fbx
  artifactKey: Guid(8be2de3a24cb4d64ba4fb1bbdd89c6e8) Importer(2089858483,b0f066a214c2f5e87bad3c948f4d605d)
Start importing Assets/Erufyta/Flooded_Grounds/Content/Meshes/mNature/mRocks/lo_CobbleRock_D.fbx using Guid(8be2de3a24cb4d64ba4fb1bbdd89c6e8) Importer(2089858483,b0f066a214c2f5e87bad3c948f4d605d) (ScriptedImporter) -> (artifact id: '703e05a38686435f0e716622a1189d74') in 0.0649682 seconds
Number of updated asset objects reloaded before import = 0Number of asset objects unloaded after import = 20

========================================================================
Received Import Request.
  Time since last request: 0.000054 seconds.
  path: Assets/Erufyta/Flooded_Grounds/Prefabs/Buildings/Villa1/Villa1_Wall_Mid_E.prefab
  artifactKey: Guid(0629b26a98ce01a46b7bf9348c41bb30) Importer(2089858483,b0f066a214c2f5e87bad3c948f4d605d)
Start importing Assets/Erufyta/Flooded_Grounds/Prefabs/Buildings/Villa1/Villa1_Wall_Mid_E.prefab using Guid(0629b26a98ce01a46b7bf9348c41bb30) Importer(2089858483,b0f066a214c2f5e87bad3c948f4d605d) (ScriptedImporter) -> (artifact id: 'ae4776f84b7eeefad5e42f40ec139051') in 0.0843405 seconds
Number of updated asset objects reloaded before import = 0Number of asset objects unloaded after import = 7

========================================================================
Received Import Request.
  Time since last request: 0.000106 seconds.
  path: Assets/Erufyta/Flooded_Grounds/Prefabs/Buildings/Structures1/Struct_Fence1_Gate_A_Door.prefab
  artifactKey: Guid(1a8e8c5796893174693ddb47655a8805) Importer(2089858483,b0f066a214c2f5e87bad3c948f4d605d)
Start importing Assets/Erufyta/Flooded_Grounds/Prefabs/Buildings/Structures1/Struct_Fence1_Gate_A_Door.prefab using Guid(1a8e8c5796893174693ddb47655a8805) Importer(2089858483,b0f066a214c2f5e87bad3c948f4d605d) (ScriptedImporter) -> (artifact id: '1a869a1198e9b2894807155f438b8cae') in 0.1221926 seconds
Number of updated asset objects reloaded before import = 0Number of asset objects unloaded after import = 23

========================================================================
Received Import Request.
  Time since last request: 0.000057 seconds.
  path: Assets/Erufyta/Flooded_Grounds/PostProcessing/Resources/Bluenoise64/LDR_LLL1_13.png
  artifactKey: Guid(68613e6a221be1a4b9f31d7fa1c2d1bf) Importer(2089858483,b0f066a214c2f5e87bad3c948f4d605d)
Start importing Assets/Erufyta/Flooded_Grounds/PostProcessing/Resources/Bluenoise64/LDR_LLL1_13.png using Guid(68613e6a221be1a4b9f31d7fa1c2d1bf) Importer(2089858483,b0f066a214c2f5e87bad3c948f4d605d) (ScriptedImporter) -> (artifact id: '5d8d78b0d4b6c28eb7a4b9357dd20ab2') in 0.1292829 seconds
Number of updated asset objects reloaded before import = 0Number of asset objects unloaded after import = 1

========================================================================
Received Import Request.
  Time since last request: 0.000067 seconds.
  path: Assets/Erufyta/Flooded_Grounds/Prefabs/Nature/Trees/TreeCreator_Small_A.prefab
  artifactKey: Guid(df52958adb4ad56498c57fde8525380d) Importer(2089858483,b0f066a214c2f5e87bad3c948f4d605d)
Start importing Assets/Erufyta/Flooded_Grounds/Prefabs/Nature/Trees/TreeCreator_Small_A.prefab using Guid(df52958adb4ad56498c57fde8525380d) Importer(2089858483,b0f066a214c2f5e87bad3c948f4d605d) (ScriptedImporter) -> (artifact id: '86d3ebe443e54060b69d5cc9f7abc05b') in 0.2981425 seconds
Number of updated asset objects reloaded before import = 0Number of asset objects unloaded after import = 28

========================================================================
Received Import Request.
  Time since last request: 0.000061 seconds.
  path: Assets/Erufyta/Flooded_Grounds/Content/Trees/SrcTextures/FOL_Trunk3_D.tif
  artifactKey: Guid(9108529ab04c6ee4483b5c220f726246) Importer(2089858483,b0f066a214c2f5e87bad3c948f4d605d)
Start importing Assets/Erufyta/Flooded_Grounds/Content/Trees/SrcTextures/FOL_Trunk3_D.tif using Guid(9108529ab04c6ee4483b5c220f726246) Importer(2089858483,b0f066a214c2f5e87bad3c948f4d605d) (ScriptedImporter) -> (artifact id: 'e4de175453fee515cfef23b3cba89fac') in 0.0628625 seconds
Number of updated asset objects reloaded before import = 0Number of asset objects unloaded after import = 1

========================================================================
Received Import Request.
  Time since last request: 0.000182 seconds.
  path: Assets/Erufyta/Flooded_Grounds/Content/Trees/SrcMaterials/Branch2.mat
  artifactKey: Guid(ec838c9a6cdda7c439048c5b259d7707) Importer(2089858483,b0f066a214c2f5e87bad3c948f4d605d)
Start importing Assets/Erufyta/Flooded_Grounds/Content/Trees/SrcMaterials/Branch2.mat using Guid(ec838c9a6cdda7c439048c5b259d7707) Importer(2089858483,b0f066a214c2f5e87bad3c948f4d605d) (ScriptedImporter) -> (artifact id: '605182a81774458e0eb81905a235268b') in 0.0961304 seconds
Number of updated asset objects reloaded before import = 0Number of asset objects unloaded after import = 3

========================================================================
Received Import Request.
  Time since last request: 0.000053 seconds.
  path: Assets/Erufyta/Flooded_Grounds/PostProcessing/Editor/Attributes/PostProcessingModelEditorAttribute.cs
  artifactKey: Guid(c21938aa988055347a2271f03a3e731e) Importer(2089858483,b0f066a214c2f5e87bad3c948f4d605d)
Start importing Assets/Erufyta/Flooded_Grounds/PostProcessing/Editor/Attributes/PostProcessingModelEditorAttribute.cs using Guid(c21938aa988055347a2271f03a3e731e) Importer(2089858483,b0f066a214c2f5e87bad3c948f4d605d) (ScriptedImporter) -> (artifact id: 'd121652aa51dafbaf891041d7cae9641') in 0.0812522 seconds
Number of updated asset objects reloaded before import = 0Number of asset objects unloaded after import = 0

========================================================================
Received Import Request.
  Time since last request: 0.000050 seconds.
  path: Assets/Erufyta/Flooded_Grounds/PostProcessing/Resources/Bluenoise64/LDR_LLL1_61.png
  artifactKey: Guid(119591e0bb084e848835d237546b3882) Importer(2089858483,b0f066a214c2f5e87bad3c948f4d605d)
Start importing Assets/Erufyta/Flooded_Grounds/PostProcessing/Resources/Bluenoise64/LDR_LLL1_61.png using Guid(119591e0bb084e848835d237546b3882) Importer(2089858483,b0f066a214c2f5e87bad3c948f4d605d) (ScriptedImporter) -> (artifact id: 'cee8aa600980e3ede0f4a6af28ae214c') in 0.0447719 seconds
Number of updated asset objects reloaded before import = 0Number of asset objects unloaded after import = 1

========================================================================
Received Import Request.
  Time since last request: 0.000058 seconds.
  path: Assets/Erufyta/Flooded_Grounds/Prefabs/Buildings/Villa1/Villa1_Floor_Mid_B.prefab
  artifactKey: Guid(6a62bff5fa244c447b5f2c5eea538a98) Importer(2089858483,b0f066a214c2f5e87bad3c948f4d605d)
Start importing Assets/Erufyta/Flooded_Grounds/Prefabs/Buildings/Villa1/Villa1_Floor_Mid_B.prefab using Guid(6a62bff5fa244c447b5f2c5eea538a98) Importer(2089858483,b0f066a214c2f5e87bad3c948f4d605d) (ScriptedImporter) -> (artifact id: '765e0af17816723caa0ea4b07f521afe') in 0.1036707 seconds
Number of updated asset objects reloaded before import = 0Number of asset objects unloaded after import = 7

========================================================================
Received Import Request.
  Time since last request: 0.003026 seconds.
  path: Assets/Erufyta/Flooded_Grounds/Prefabs/Nature/Grass/Grass_Med_B.prefab
  artifactKey: Guid(b01dcbaa1e9203542b7c5f29656d346e) Importer(2089858483,b0f066a214c2f5e87bad3c948f4d605d)
Start importing Assets/Erufyta/Flooded_Grounds/Prefabs/Nature/Grass/Grass_Med_B.prefab using Guid(b01dcbaa1e9203542b7c5f29656d346e) Importer(2089858483,b0f066a214c2f5e87bad3c948f4d605d) (ScriptedImporter) -> (artifact id: 'd5fc39e8a9fb42cc4f01047e8866e781') in 0.0723353 seconds
Number of updated asset objects reloaded before import = 0Number of asset objects unloaded after import = 8

========================================================================
Received Import Request.
  Time since last request: 0.000057 seconds.
  path: Assets/Erufyta/Flooded_Grounds/Prefabs/Buildings/Villa2/Villa2_Base_Cor_B.prefab
  artifactKey: Guid(ab0ff8ba19dca22489082027357b6ae1) Importer(2089858483,b0f066a214c2f5e87bad3c948f4d605d)
Start importing Assets/Erufyta/Flooded_Grounds/Prefabs/Buildings/Villa2/Villa2_Base_Cor_B.prefab using Guid(ab0ff8ba19dca22489082027357b6ae1) Importer(2089858483,b0f066a214c2f5e87bad3c948f4d605d) (ScriptedImporter) -> (artifact id: 'be0fe5c7ac72952566f3e62862f306df') in 0.0824408 seconds
Number of updated asset objects reloaded before import = 0Number of asset objects unloaded after import = 7

========================================================================
Received Import Request.
  Time since last request: 0.000079 seconds.
  path: Assets/Erufyta/Flooded_Grounds/PostProcessing/Resources/Bluenoise64/LDR_LLL1_38.png
  artifactKey: Guid(9660a4ca1ca8425408ac25c641932977) Importer(2089858483,b0f066a214c2f5e87bad3c948f4d605d)
Start importing Assets/Erufyta/Flooded_Grounds/PostProcessing/Resources/Bluenoise64/LDR_LLL1_38.png using Guid(9660a4ca1ca8425408ac25c641932977) Importer(2089858483,b0f066a214c2f5e87bad3c948f4d605d) (ScriptedImporter) -> (artifact id: '9e74ba3fdf75c53ab461a6cd95462b24') in 0.0811418 seconds
Number of updated asset objects reloaded before import = 0Number of asset objects unloaded after import = 1

========================================================================
Received Import Request.
  Time since last request: 0.171342 seconds.
  path: Assets/Erufyta/Flooded_Grounds/Prefabs/Buildings/Villa1/Villa1_Wall_Int_A.prefab
  artifactKey: Guid(b3697fca2cda39f418b6b897bcf90cf6) Importer(2089858483,b0f066a214c2f5e87bad3c948f4d605d)
Start importing Assets/Erufyta/Flooded_Grounds/Prefabs/Buildings/Villa1/Villa1_Wall_Int_A.prefab using Guid(b3697fca2cda39f418b6b897bcf90cf6) Importer(2089858483,b0f066a214c2f5e87bad3c948f4d605d) (ScriptedImporter) -> (artifact id: '72376e450b3af4948ab31e41d06b2067') in 0.0541171 seconds
Number of updated asset objects reloaded before import = 0Number of asset objects unloaded after import = 7

========================================================================
Received Import Request.
  Time since last request: 0.000032 seconds.
  path: Assets/Erufyta/Flooded_Grounds/Prefabs/Buildings/Villa2/Villa2_Wall_Mid_C.prefab
  artifactKey: Guid(46222fdad88171540ac3118f38b794ee) Importer(2089858483,b0f066a214c2f5e87bad3c948f4d605d)
Start importing Assets/Erufyta/Flooded_Grounds/Prefabs/Buildings/Villa2/Villa2_Wall_Mid_C.prefab using Guid(46222fdad88171540ac3118f38b794ee) Importer(2089858483,b0f066a214c2f5e87bad3c948f4d605d) (ScriptedImporter) -> (artifact id: '9185b4e919905247337d431a80911895') in 0.0980891 seconds
Number of updated asset objects reloaded before import = 0Number of asset objects unloaded after import = 7

========================================================================
Received Import Request.
  Time since last request: 0.151668 seconds.
  path: Assets/Erufyta/Flooded_Grounds/Prefabs/Buildings/Churches/Church1_Base_Stairs_A.prefab
  artifactKey: Guid(2808d115c4ff0204e9ba7859b1ba3ec9) Importer(2089858483,b0f066a214c2f5e87bad3c948f4d605d)
Start importing Assets/Erufyta/Flooded_Grounds/Prefabs/Buildings/Churches/Church1_Base_Stairs_A.prefab using Guid(2808d115c4ff0204e9ba7859b1ba3ec9) Importer(2089858483,b0f066a214c2f5e87bad3c948f4d605d) (ScriptedImporter) -> (artifact id: '8594e98513132418a4ae437efe4b9cdd') in 0.1178324 seconds
Number of updated asset objects reloaded before import = 0Number of asset objects unloaded after import = 9

========================================================================
Received Import Request.
  Time since last request: 0.000121 seconds.
  path: Assets/Erufyta/Flooded_Grounds/Prefabs/Buildings/BrickHouse/BrickHouse_IntWall_C.prefab
  artifactKey: Guid(9e6595faa92cb044993f2ce0fedd7047) Importer(2089858483,b0f066a214c2f5e87bad3c948f4d605d)
Start importing Assets/Erufyta/Flooded_Grounds/Prefabs/Buildings/BrickHouse/BrickHouse_IntWall_C.prefab using Guid(9e6595faa92cb044993f2ce0fedd7047) Importer(2089858483,b0f066a214c2f5e87bad3c948f4d605d) (ScriptedImporter) -> (artifact id: 'd9fc45ee394b4cf42861e1e05186f026') in 0.0580561 seconds
Number of updated asset objects reloaded before import = 0Number of asset objects unloaded after import = 8

========================================================================
Received Import Request.
  Time since last request: 0.000111 seconds.
  path: Assets/Erufyta/Flooded_Grounds/Prefabs/Buildings/IndBuilding1/IndBuilding1_Wall_Mid_D.prefab
  artifactKey: Guid(524061fa15faee94887d05ced93705bd) Importer(2089858483,b0f066a214c2f5e87bad3c948f4d605d)
Start importing Assets/Erufyta/Flooded_Grounds/Prefabs/Buildings/IndBuilding1/IndBuilding1_Wall_Mid_D.prefab using Guid(524061fa15faee94887d05ced93705bd) Importer(2089858483,b0f066a214c2f5e87bad3c948f4d605d) (ScriptedImporter) -> (artifact id: 'f4cdf713c47206abf5cb159dbf31a8dc') in 0.0553893 seconds
Number of updated asset objects reloaded before import = 0Number of asset objects unloaded after import = 7

========================================================================
Received Import Request.
  Time since last request: 0.000043 seconds.
  path: Assets/Erufyta/Flooded_Grounds/Content/Textures/GR_Dirt1_N.tif
  artifactKey: Guid(504c6e0b6a68a1141aeb5b2328db2a42) Importer(2089858483,b0f066a214c2f5e87bad3c948f4d605d)
Start importing Assets/Erufyta/Flooded_Grounds/Content/Textures/GR_Dirt1_N.tif using Guid(504c6e0b6a68a1141aeb5b2328db2a42) Importer(2089858483,b0f066a214c2f5e87bad3c948f4d605d) (ScriptedImporter) -> (artifact id: '69266da4a757d2745bf9759e47915a82') in 0.0474505 seconds
Number of updated asset objects reloaded before import = 0Number of asset objects unloaded after import = 1

========================================================================
Received Import Request.
  Time since last request: 0.000153 seconds.
  path: Assets/Erufyta/Flooded_Grounds/Prefabs/Buildings/Structures1/Struct_ExtStairs_A.prefab
  artifactKey: Guid(6eccd71b097c68b4589973bf20a0e8e3) Importer(2089858483,b0f066a214c2f5e87bad3c948f4d605d)
Start importing Assets/Erufyta/Flooded_Grounds/Prefabs/Buildings/Structures1/Struct_ExtStairs_A.prefab using Guid(6eccd71b097c68b4589973bf20a0e8e3) Importer(2089858483,b0f066a214c2f5e87bad3c948f4d605d) (ScriptedImporter) -> (artifact id: '7bd79771c8f415f8fcb7a66c90951f97') in 0.0788666 seconds
Number of updated asset objects reloaded before import = 0Number of asset objects unloaded after import = 23

========================================================================
Received Import Request.
  Time since last request: 0.000051 seconds.
  path: Assets/Erufyta/Flooded_Grounds/Content/Meshes/mBuildings/mStructures/Struct_Fence1_Column_A.fbx
  artifactKey: Guid(2df0132bf545e984b9df59e532dcab53) Importer(2089858483,b0f066a214c2f5e87bad3c948f4d605d)
Start importing Assets/Erufyta/Flooded_Grounds/Content/Meshes/mBuildings/mStructures/Struct_Fence1_Column_A.fbx using Guid(2df0132bf545e984b9df59e532dcab53) Importer(2089858483,b0f066a214c2f5e87bad3c948f4d605d) (ScriptedImporter) -> (artifact id: '09d8c8115bff3a774e11e79b642da0fb') in 0.1554299 seconds
Number of updated asset objects reloaded before import = 0Number of asset objects unloaded after import = 7

========================================================================
Received Import Request.
  Time since last request: 0.000140 seconds.
  path: Assets/Erufyta/Flooded_Grounds/Prefabs/Buildings/Villa2/Villa2_Door_A.prefab
  artifactKey: Guid(e891df2b218bdaf45ad012d0e25fb64c) Importer(2089858483,b0f066a214c2f5e87bad3c948f4d605d)
Start importing Assets/Erufyta/Flooded_Grounds/Prefabs/Buildings/Villa2/Villa2_Door_A.prefab using Guid(e891df2b218bdaf45ad012d0e25fb64c) Importer(2089858483,b0f066a214c2f5e87bad3c948f4d605d) (ScriptedImporter) -> (artifact id: '74dc49380aad5a367b346e9aa0124941') in 0.1216745 seconds
Number of updated asset objects reloaded before import = 0Number of asset objects unloaded after import = 8

========================================================================
Received Import Request.
  Time since last request: 0.000105 seconds.
  path: Assets/Erufyta/Flooded_Grounds/Content/Meshes/mBuildings/mStructures/Struct_Kiosk_A.fbx
  artifactKey: Guid(b6a5282b7fac0e849bbf1ee982362471) Importer(2089858483,b0f066a214c2f5e87bad3c948f4d605d)
Start importing Assets/Erufyta/Flooded_Grounds/Content/Meshes/mBuildings/mStructures/Struct_Kiosk_A.fbx using Guid(b6a5282b7fac0e849bbf1ee982362471) Importer(2089858483,b0f066a214c2f5e87bad3c948f4d605d) (ScriptedImporter) -> (artifact id: '85bf784838f3b0b64266d51aeb2fae42') in 0.079221 seconds
Number of updated asset objects reloaded before import = 0Number of asset objects unloaded after import = 20

========================================================================
Received Import Request.
  Time since last request: 0.000066 seconds.
  path: Assets/Erufyta/Flooded_Grounds/Prefabs/Buildings/BrickHouse/BrickHouse_Floor_End_A.prefab
  artifactKey: Guid(7144982b2dbf65f4ab9f5f9ce98309e5) Importer(2089858483,b0f066a214c2f5e87bad3c948f4d605d)
Start importing Assets/Erufyta/Flooded_Grounds/Prefabs/Buildings/BrickHouse/BrickHouse_Floor_End_A.prefab using Guid(7144982b2dbf65f4ab9f5f9ce98309e5) Importer(2089858483,b0f066a214c2f5e87bad3c948f4d605d) (ScriptedImporter) -> (artifact id: '5623a96f8d1ccbfdb82ab140e0bad1c4') in 0.1174321 seconds
Number of updated asset objects reloaded before import = 0Number of asset objects unloaded after import = 8

========================================================================
Received Import Request.
  Time since last request: 0.000053 seconds.
  path: Assets/Erufyta/Flooded_Grounds/Content/Textures/PROP_SmallProps1_MS.tif
  artifactKey: Guid(4d565d35f2f486545919115f32fde0f6) Importer(2089858483,b0f066a214c2f5e87bad3c948f4d605d)
Start importing Assets/Erufyta/Flooded_Grounds/Content/Textures/PROP_SmallProps1_MS.tif using Guid(4d565d35f2f486545919115f32fde0f6) Importer(2089858483,b0f066a214c2f5e87bad3c948f4d605d) (ScriptedImporter) -> (artifact id: 'd612258bc97de1187b152fbac3e8407e') in 0.0436375 seconds
Number of updated asset objects reloaded before import = 0Number of asset objects unloaded after import = 1

========================================================================
Received Import Request.
  Time since last request: 0.000047 seconds.
  path: Assets/Erufyta/Flooded_Grounds/Content/Meshes/mProps/lo_Prop_Gravestone_A.fbx
  artifactKey: Guid(b858623572c29c944a72c50c1dbde337) Importer(2089858483,b0f066a214c2f5e87bad3c948f4d605d)
Start importing Assets/Erufyta/Flooded_Grounds/Content/Meshes/mProps/lo_Prop_Gravestone_A.fbx using Guid(b858623572c29c944a72c50c1dbde337) Importer(2089858483,b0f066a214c2f5e87bad3c948f4d605d) (ScriptedImporter) -> (artifact id: '33d4c671c8911ab92f542676741c9a2b') in 0.0404541 seconds
Number of updated asset objects reloaded before import = 0Number of asset objects unloaded after import = 7

========================================================================
Received Prepare
Assembly reference Packages/com.unity.cinemachine/Editor/Samples/ExposeHDRPInternals/HDRP-Editor-ref.asmref has no target assembly definition
Assembly reference Packages/com.unity.cinemachine/Editor/Samples/ExposeHDRPInternals/HDRP-Editor-ref.asmref has no target assembly definition
Begin MonoManager ReloadAssembly
[Licensing::Client] Successfully resolved entitlement details
ADTM: Control thread waiting for realtime thread timed out, have to lock...
Symbol file LoadedFromMemory is not a mono symbol file
- Loaded All Assemblies, in 12.274 seconds
Assembly reference Packages/com.unity.cinemachine/Editor/Samples/ExposeHDRPInternals/HDRP-Editor-ref.asmref has no target assembly definition
'Packages/com.unity.cinemachine/Editor/Obsolete/CinemachineVirtualCameraBaseEditor.cs' contains partial class of Unity.Object, exactly 1 of the partial classes needs to be in a file with the same filename. This is to know the one that can be referenced from ie. GameObjects
'Packages/com.unity.cinemachine/Editor/Editors/CinemachineVirtualCameraBaseEditor.cs' contains partial class of Unity.Object, exactly 1 of the partial classes needs to be in a file with the same filename. This is to know the one that can be referenced from ie. GameObjects
Refreshing native plugins compatible for Editor in 4.93 ms, found 3 plugins.
Native extension for WindowsStandalone target not found
Native extension for WebGL target not found
Assembly reference Packages/com.unity.cinemachine/Editor/Samples/ExposeHDRPInternals/HDRP-Editor-ref.asmref has no target assembly definition
[Package Manager] Failed to launch server process. Reason: Unity was launched with the -noUpm command-line argument
[Package Manager] Unable to send message (not connected to server process).
[Package Manager] Cannot connect to Unity Package Manager local server
[Package Manager] Failed to launch server process. Reason: Unity was launched with the -noUpm command-line argument
[Package Manager] Unable to send message (not connected to server process).
[Package Manager] Cannot connect to Unity Package Manager local server
ScheduleIndexationOnStartup MainProcess:False IndexOnStartup:True
Mono: successfully reloaded assembly
- Finished resetting the current domain, in  6.468 seconds
Domain Reload Profiling: 18759ms
	BeginReloadAssembly (3246ms)
		ExecutionOrderSort (0ms)
		DisableScriptedObjects (84ms)
		BackupInstance (0ms)
		ReleaseScriptingObjects (5ms)
		CreateAndSetChildDomain (2309ms)
	RebuildCommonClasses (131ms)
	RebuildNativeTypeToScriptingClass (33ms)
	initialDomainReloadingComplete (123ms)
	LoadAllAssembliesAndSetupDomain (8752ms)
		LoadAssemblies (7539ms)
		RebuildTransferFunctionScriptingTraits (0ms)
		AnalyzeDomain (1660ms)
			TypeCache.Refresh (75ms)
				TypeCache.ScanAssembly (0ms)
			BuildScriptInfoCaches (1463ms)
			ResolveRequiredComponents (33ms)
	FinalizeReload (6473ms)
		ReleaseScriptCaches (0ms)
		RebuildScriptCaches (0ms)
		SetupLoadedEditorAssemblies (5380ms)
			LogAssemblyErrors (0ms)
			InitializePlatformSupportModulesInManaged (14ms)
			SetLoadedEditorAssemblies (24ms)
			BeforeProcessingInitializeOnLoad (799ms)
			ProcessInitializeOnLoadAttributes (3925ms)
			ProcessInitializeOnLoadMethodAttributes (528ms)
			AfterProcessingInitializeOnLoad (73ms)
			EditorAssembliesLoaded (16ms)
		ExecutionOrderSort2 (1ms)
		AwakeInstancesAfterBackupRestoration (188ms)
Refreshing native plugins compatible for Editor in 2.86 ms, found 3 plugins.
Preloading 0 native plugins for Editor in 0.00 ms.
Unloading 22 Unused Serialized files (Serialized files now loaded: 0)
Unloading 6797 unused Assets / (4.5 MB). Loaded Objects now: 7681.
Memory consumption went from 178.3 MB to 173.8 MB.
Total: 120.564500 ms (FindLiveObjects: 3.280700 ms CreateObjectMapping: 2.443700 ms MarkObjects: 86.045000 ms  DeleteObjects: 28.787700 ms)

Prepare: number of updated asset objects reloaded= 0
========================================================================
Received Prepare
Assembly reference Packages/com.unity.cinemachine/Editor/Samples/ExposeHDRPInternals/HDRP-Editor-ref.asmref has no target assembly definition
Assembly reference Packages/com.unity.cinemachine/Editor/Samples/ExposeHDRPInternals/HDRP-Editor-ref.asmref has no target assembly definition
Begin MonoManager ReloadAssembly
[Licensing::Client] Successfully resolved entitlement details
ADTM: Control thread waiting for realtime thread timed out, have to lock...
Symbol file LoadedFromMemory is not a mono symbol file
- Loaded All Assemblies, in 16.548 seconds
Assembly reference Packages/com.unity.cinemachine/Editor/Samples/ExposeHDRPInternals/HDRP-Editor-ref.asmref has no target assembly definition
'Packages/com.unity.cinemachine/Editor/Obsolete/CinemachineVirtualCameraBaseEditor.cs' contains partial class of Unity.Object, exactly 1 of the partial classes needs to be in a file with the same filename. This is to know the one that can be referenced from ie. GameObjects
'Packages/com.unity.cinemachine/Editor/Editors/CinemachineVirtualCameraBaseEditor.cs' contains partial class of Unity.Object, exactly 1 of the partial classes needs to be in a file with the same filename. This is to know the one that can be referenced from ie. GameObjects
Refreshing native plugins compatible for Editor in 6.91 ms, found 3 plugins.
Native extension for WindowsStandalone target not found
Native extension for WebGL target not found
Assembly reference Packages/com.unity.cinemachine/Editor/Samples/ExposeHDRPInternals/HDRP-Editor-ref.asmref has no target assembly definition
[Package Manager] Failed to launch server process. Reason: Unity was launched with the -noUpm command-line argument
[Package Manager] Unable to send message (not connected to server process).
[Package Manager] Cannot connect to Unity Package Manager local server
[Package Manager] Failed to launch server process. Reason: Unity was launched with the -noUpm command-line argument
[Package Manager] Unable to send message (not connected to server process).
[Package Manager] Cannot connect to Unity Package Manager local server
ScheduleIndexationOnStartup MainProcess:False IndexOnStartup:True
Mono: successfully reloaded assembly
- Finished resetting the current domain, in 11.528 seconds
Domain Reload Profiling: 28152ms
	BeginReloadAssembly (3028ms)
		ExecutionOrderSort (0ms)
		DisableScriptedObjects (86ms)
		BackupInstance (0ms)
		ReleaseScriptingObjects (6ms)
		CreateAndSetChildDomain (2079ms)
	RebuildCommonClasses (111ms)
	RebuildNativeTypeToScriptingClass (28ms)
	initialDomainReloadingComplete (124ms)
	LoadAllAssembliesAndSetupDomain (13327ms)
		LoadAssemblies (5092ms)
		RebuildTransferFunctionScriptingTraits (0ms)
		AnalyzeDomain (8646ms)
			TypeCache.Refresh (216ms)
				TypeCache.ScanAssembly (0ms)
			BuildScriptInfoCaches (8189ms)
			ResolveRequiredComponents (96ms)
	FinalizeReload (11534ms)
		ReleaseScriptCaches (0ms)
		RebuildScriptCaches (0ms)
		SetupLoadedEditorAssemblies (10418ms)
			LogAssemblyErrors (0ms)
			InitializePlatformSupportModulesInManaged (10ms)
			SetLoadedEditorAssemblies (19ms)
			BeforeProcessingInitializeOnLoad (1343ms)
			ProcessInitializeOnLoadAttributes (7973ms)
			ProcessInitializeOnLoadMethodAttributes (984ms)
			AfterProcessingInitializeOnLoad (82ms)
			EditorAssembliesLoaded (6ms)
		ExecutionOrderSort2 (1ms)
		AwakeInstancesAfterBackupRestoration (149ms)
Refreshing native plugins compatible for Editor in 9.14 ms, found 3 plugins.
Preloading 0 native plugins for Editor in 0.00 ms.
Unloading 22 Unused Serialized files (Serialized files now loaded: 0)
Unloading 6797 unused Assets / (7.8 MB). Loaded Objects now: 7684.
Memory consumption went from 178.4 MB to 170.6 MB.
Total: 88.900100 ms (FindLiveObjects: 4.186600 ms CreateObjectMapping: 5.911300 ms MarkObjects: 49.750000 ms  DeleteObjects: 29.042400 ms)

Prepare: number of updated asset objects reloaded= 0
========================================================================
Received Prepare
Assembly reference Packages/com.unity.cinemachine/Editor/Samples/ExposeHDRPInternals/HDRP-Editor-ref.asmref has no target assembly definition
Assembly reference Packages/com.unity.cinemachine/Editor/Samples/ExposeHDRPInternals/HDRP-Editor-ref.asmref has no target assembly definition
Begin MonoManager ReloadAssembly
[Licensing::Client] Successfully resolved entitlement details
ADTM: Control thread waiting for realtime thread timed out, have to lock...
Symbol file LoadedFromMemory is not a mono symbol file
- Loaded All Assemblies, in  6.568 seconds
Assembly reference Packages/com.unity.cinemachine/Editor/Samples/ExposeHDRPInternals/HDRP-Editor-ref.asmref has no target assembly definition
'Packages/com.unity.cinemachine/Editor/Obsolete/CinemachineVirtualCameraBaseEditor.cs' contains partial class of Unity.Object, exactly 1 of the partial classes needs to be in a file with the same filename. This is to know the one that can be referenced from ie. GameObjects
'Packages/com.unity.cinemachine/Editor/Editors/CinemachineVirtualCameraBaseEditor.cs' contains partial class of Unity.Object, exactly 1 of the partial classes needs to be in a file with the same filename. This is to know the one that can be referenced from ie. GameObjects
Refreshing native plugins compatible for Editor in 53.09 ms, found 3 plugins.
Native extension for WindowsStandalone target not found
Native extension for WebGL target not found
Assembly reference Packages/com.unity.cinemachine/Editor/Samples/ExposeHDRPInternals/HDRP-Editor-ref.asmref has no target assembly definition
[Package Manager] Failed to launch server process. Reason: Unity was launched with the -noUpm command-line argument
[Package Manager] Unable to send message (not connected to server process).
[Package Manager] Cannot connect to Unity Package Manager local server
[Package Manager] Failed to launch server process. Reason: Unity was launched with the -noUpm command-line argument
[Package Manager] Unable to send message (not connected to server process).
[Package Manager] Cannot connect to Unity Package Manager local server
ScheduleIndexationOnStartup MainProcess:False IndexOnStartup:True
Mono: successfully reloaded assembly
- Finished resetting the current domain, in  6.153 seconds
Domain Reload Profiling: 12757ms
	BeginReloadAssembly (2253ms)
		ExecutionOrderSort (0ms)
		DisableScriptedObjects (77ms)
		BackupInstance (0ms)
		ReleaseScriptingObjects (6ms)
		CreateAndSetChildDomain (1427ms)
	RebuildCommonClasses (78ms)
	RebuildNativeTypeToScriptingClass (24ms)
	initialDomainReloadingComplete (83ms)
	LoadAllAssembliesAndSetupDomain (4163ms)
		LoadAssemblies (2118ms)
		RebuildTransferFunctionScriptingTraits (0ms)
		AnalyzeDomain (2379ms)
			TypeCache.Refresh (58ms)
				TypeCache.ScanAssembly (0ms)
			BuildScriptInfoCaches (2153ms)
			ResolveRequiredComponents (47ms)
	FinalizeReload (6156ms)
		ReleaseScriptCaches (0ms)
		RebuildScriptCaches (0ms)
		SetupLoadedEditorAssemblies (4596ms)
			LogAssemblyErrors (0ms)
			InitializePlatformSupportModulesInManaged (228ms)
			SetLoadedEditorAssemblies (54ms)
			BeforeProcessingInitializeOnLoad (838ms)
			ProcessInitializeOnLoadAttributes (2813ms)
			ProcessInitializeOnLoadMethodAttributes (590ms)
			AfterProcessingInitializeOnLoad (69ms)
			EditorAssembliesLoaded (4ms)
		ExecutionOrderSort2 (1ms)
		AwakeInstancesAfterBackupRestoration (112ms)
Refreshing native plugins compatible for Editor in 20.11 ms, found 3 plugins.
Preloading 0 native plugins for Editor in 0.00 ms.
Unloading 22 Unused Serialized files (Serialized files now loaded: 0)
Unloading 6797 unused Assets / (5.6 MB). Loaded Objects now: 7687.
Memory consumption went from 178.4 MB to 172.8 MB.
Total: 85.758700 ms (FindLiveObjects: 8.950400 ms CreateObjectMapping: 4.418800 ms MarkObjects: 49.928000 ms  DeleteObjects: 22.449400 ms)

Prepare: number of updated asset objects reloaded= 0
