[Licensing::Module] Trying to connect to existing licensing client channel...
Built from '6000.3/respin/6000.3.6f1-732c1ec89f18' branch; Version is '6000.3.6f1 (bbb010bdb8a3) revision 12300304'; Using compiler version '194234433'; Build Type 'Release'
OS: 'Windows 11  (10.0.26200) Professional' Language: 'en' Physical Memory: 8062 MB
BatchMode: 1, IsHumanControllingUs: 0, StartBugReporterOnCrash: 0, Is64bit: 1
System  architecture: x64
Process architecture: x64
Date: 2026-03-18T17:42:42Z
[Licensing::IpcConnector] Successfully connected to: "LicenseClient-HP" at "2026-03-18T17:42:42.0594925Z"

COMMAND LINE ARGUMENTS:
C:\Program Files\Unity\Hub\Editor\6000.3.6f1-x86_64\Editor\Unity.exe
-adb2
-batchMode
-noUpm
-name
AssetImportWorker0
-projectPath
C:/Users/HP/3D Game
-logFile
Logs/AssetImportWorker0.log
-srvPort
64523
-licensingIpc
LicenseClient-HP
-job-worker-count
3
-background-job-worker-count
8
-gc-helper-count
1
-name
AssetImport
Successfully changed project path to: C:/Users/HP/3D Game
C:/Users/HP/3D Game
[UnityMemory] Configuration Parameters - Can be set up in boot.config
    "memorysetup-temp-allocator-size-nav-mesh-worker=65536"
    "memorysetup-temp-allocator-size-audio-worker=65536"
    "memorysetup-temp-allocator-size-gfx=262144"
    "memorysetup-allocator-temp-initial-block-size-main=262144"
    "memorysetup-allocator-temp-initial-block-size-worker=262144"
    "memorysetup-temp-allocator-size-background-worker=32768"
    "memorysetup-temp-allocator-size-job-worker=262144"
    "memorysetup-temp-allocator-size-preload-manager=33554432"
    "memorysetup-temp-allocator-size-gi-baking-worker=262144"
    "memorysetup-temp-allocator-size-gi-baking-worker=262144"
    "memorysetup-temp-allocator-size-gi-baking-worker=262144"
    "memorysetup-temp-allocator-size-gi-baking-worker=262144"
    "memorysetup-temp-allocator-size-gi-baking-worker=262144"
    "memorysetup-bucket-allocator-granularity=16"
    "memorysetup-bucket-allocator-bucket-count=8"
    "memorysetup-bucket-allocator-block-size=33554432"
    "memorysetup-bucket-allocator-block-count=8"
    "memorysetup-main-allocator-block-size=16777216"
    "memorysetup-thread-allocator-block-size=16777216"
    "memorysetup-gfx-main-allocator-block-size=16777216"
    "memorysetup-gfx-thread-allocator-block-size=16777216"
    "memorysetup-cache-allocator-block-size=4194304"
    "memorysetup-typetree-allocator-block-size=2097152"
    "memorysetup-profiler-bucket-allocator-granularity=16"
    "memorysetup-profiler-bucket-allocator-bucket-count=8"
    "memorysetup-profiler-bucket-allocator-block-size=33554432"
    "memorysetup-profiler-bucket-allocator-block-count=8"
    "memorysetup-profiler-allocator-block-size=16777216"
    "memorysetup-profiler-editor-allocator-block-size=1048576"
    "memorysetup-temp-allocator-size-main=16777216"
    "memorysetup-job-temp-allocator-block-size=2097152"
    "memorysetup-job-temp-allocator-block-size-background=1048576"
    "memorysetup-job-temp-allocator-reduction-small-platforms=262144"
    "memorysetup-temp-allocator-size-cloud-worker=32768"
Player connection [6740]  Target information:

Player connection [6740]  * "[IP] 172.29.16.1 [Port] 0 [Flags] 2 [Guid] 290283459 [EditorId] 290283459 [Version] 1048832 [Id] WindowsEditor(7,ImenMdj) [Debug] 1 [PackageName] WindowsEditor [ProjectName] Editor" 

Player connection [6740]  * "[IP] 192.168.56.1 [Port] 0 [Flags] 2 [Guid] 290283459 [EditorId] 290283459 [Version] 1048832 [Id] WindowsEditor(7,ImenMdj) [Debug] 1 [PackageName] WindowsEditor [ProjectName] Editor" 

Player connection [6740]  * "[IP] 192.168.100.6 [Port] 0 [Flags] 2 [Guid] 290283459 [EditorId] 290283459 [Version] 1048832 [Id] WindowsEditor(7,ImenMdj) [Debug] 1 [PackageName] WindowsEditor [ProjectName] Editor" 

Player connection [6740] Host joined multi-casting on [225.0.0.222:54997]...
Player connection [6740] Host joined alternative multi-casting on [225.0.0.222:34997]...
JobSystem: Creating JobQueue using job-worker-count value 3
Input System module state changed to: Initialized.
[Physics::Module] Initialized fallback backend.
[Physics::Module] Id: 0xdecafbad
Library Redirect Path: Library/
[Physics::Module] Selected backend.
[Physics::Module] Name: PhysX
[Physics::Module] Id: 0xf2b8ea05
[Physics::Module] SDK Version: 4.1.2
[Physics::Module] Integration Version: 1.0.0
[Physics::Module] Threading Mode: Multi-Threaded
Refreshing native plugins compatible for Editor in 32.82 ms, found 3 plugins.
Preloading 0 native plugins for Editor in 0.00 ms.
Initialize engine version: 6000.3.6f1 (bbb010bdb8a3)
[Subsystems] Discovering subsystems at path C:/Program Files/Unity/Hub/Editor/6000.3.6f1-x86_64/Editor/Data/Resources/UnitySubsystems
[Subsystems] Discovering subsystems at path C:/Users/HP/3D Game/Assets
GfxDevice: creating device client; kGfxThreadingModeNonThreaded
Direct3D:
    Version:  Direct3D 11.0 [level 11.1]
    Renderer: Intel(R) UHD Graphics 620 (ID=0x3ea0)
    Vendor:   Intel
    VRAM:     4031 MB
    Driver:   31.0.101.2135
Initialize mono
Mono path[0] = 'C:/Program Files/Unity/Hub/Editor/6000.3.6f1-x86_64/Editor/Data/Managed'
Mono path[1] = 'C:/Program Files/Unity/Hub/Editor/6000.3.6f1-x86_64/Editor/Data/MonoBleedingEdge/lib/mono/unityjit-win32'
Mono config path = 'C:/Program Files/Unity/Hub/Editor/6000.3.6f1-x86_64/Editor/Data/MonoBleedingEdge/etc'
Using monoOptions --debugger-agent=transport=dt_socket,embedding=1,server=y,suspend=n,address=127.0.0.1:56476
Begin MonoManager ReloadAssembly
Registering precompiled unity dll's ...
Register platform support module: C:/Program Files/Unity/Hub/Editor/6000.3.6f1-x86_64/Editor/Data/PlaybackEngines/WebGLSupport/UnityEditor.WebGL.Extensions.dll
Register platform support module: C:/Program Files/Unity/Hub/Editor/6000.3.6f1-x86_64/Editor/Data/PlaybackEngines/WindowsStandaloneSupport/UnityEditor.WindowsStandalone.Extensions.dll
Registered in 0.011200 seconds.
- Loaded All Assemblies, in  1.751 seconds
Native extension for WindowsStandalone target not found
Native extension for WebGL target not found
ScheduleIndexationOnStartup MainProcess:False IndexOnStartup:True
Mono: successfully reloaded assembly
- Finished resetting the current domain, in  1.425 seconds
Domain Reload Profiling: 3165ms
	BeginReloadAssembly (873ms)
		ExecutionOrderSort (0ms)
		DisableScriptedObjects (0ms)
		BackupInstance (0ms)
		ReleaseScriptingObjects (0ms)
		CreateAndSetChildDomain (18ms)
	RebuildCommonClasses (128ms)
	RebuildNativeTypeToScriptingClass (40ms)
	initialDomainReloadingComplete (162ms)
	LoadAllAssembliesAndSetupDomain (537ms)
		LoadAssemblies (839ms)
		RebuildTransferFunctionScriptingTraits (0ms)
		AnalyzeDomain (527ms)
			TypeCache.Refresh (523ms)
				TypeCache.ScanAssembly (470ms)
			BuildScriptInfoCaches (1ms)
			ResolveRequiredComponents (1ms)
	FinalizeReload (1426ms)
		ReleaseScriptCaches (0ms)
		RebuildScriptCaches (0ms)
		SetupLoadedEditorAssemblies (1281ms)
			LogAssemblyErrors (0ms)
			InitializePlatformSupportModulesInManaged (165ms)
			SetLoadedEditorAssemblies (8ms)
			BeforeProcessingInitializeOnLoad (305ms)
			ProcessInitializeOnLoadAttributes (553ms)
			ProcessInitializeOnLoadMethodAttributes (250ms)
			AfterProcessingInitializeOnLoad (0ms)
			EditorAssembliesLoaded (1ms)
		ExecutionOrderSort2 (0ms)
		AwakeInstancesAfterBackupRestoration (0ms)
[Licensing::Client] Handshaking with LicensingClient:
  Version:                 1.17.4+4293ba1
  Session Id:              d0beba40edb44982bd6c000582a47bf8
  Correlation Id:          2f830279db5e0dbbb81873a4875c2718
  External correlation Id: 3795990616685015345
  Machine Id:              yVTL0mtkd3VKF86BFitKHvKYEGY=
[Licensing::Module] Successfully connected to LicensingClient on channel: "LicenseClient-HP" (connect: 0.01s, validation: 0.01s, handshake: 8.66s)
[Licensing::IpcConnector] Successfully connected to: "LicenseClient-HP-notifications" at "2026-03-18T17:42:50.7309372Z"
[Licensing::Module] Licensing Background thread has ended after 8.68s
Assembly reference Packages/com.unity.cinemachine/Editor/Samples/ExposeHDRPInternals/HDRP-Editor-ref.asmref has no target assembly definition
========================================================================
Worker process is ready to serve import requests
Import Worker Mode flag is 0x00
Assembly reference Packages/com.unity.cinemachine/Editor/Samples/ExposeHDRPInternals/HDRP-Editor-ref.asmref has no target assembly definition
Assembly reference Packages/com.unity.cinemachine/Editor/Samples/ExposeHDRPInternals/HDRP-Editor-ref.asmref has no target assembly definition
Begin MonoManager ReloadAssembly
[Licensing::Client] Successfully resolved entitlement details
[Licensing::Module] License group:
  Id: 11270635381325-UnityPersXXXX
  Product: Unity Personal
  Type: Assigned
  Expiration: Unlimited
Symbol file LoadedFromMemory is not a mono symbol file
- Loaded All Assemblies, in  3.018 seconds
Assembly reference Packages/com.unity.cinemachine/Editor/Samples/ExposeHDRPInternals/HDRP-Editor-ref.asmref has no target assembly definition
'Packages/com.unity.cinemachine/Editor/Obsolete/CinemachineVirtualCameraBaseEditor.cs' contains partial class of Unity.Object, exactly 1 of the partial classes needs to be in a file with the same filename. This is to know the one that can be referenced from ie. GameObjects
'Packages/com.unity.cinemachine/Editor/Editors/CinemachineVirtualCameraBaseEditor.cs' contains partial class of Unity.Object, exactly 1 of the partial classes needs to be in a file with the same filename. This is to know the one that can be referenced from ie. GameObjects
Refreshing native plugins compatible for Editor in 2.78 ms, found 3 plugins.
Native extension for WindowsStandalone target not found
Native extension for WebGL target not found
Assembly reference Packages/com.unity.cinemachine/Editor/Samples/ExposeHDRPInternals/HDRP-Editor-ref.asmref has no target assembly definition
Package Manager log level set to [2]
[Package Manager] Failed to launch server process. Reason: Unity was launched with the -noUpm command-line argument
[Package Manager] Unable to send message (not connected to server process).
[Package Manager] Cannot connect to Unity Package Manager local server
[Package Manager] Failed to launch server process. Reason: Unity was launched with the -noUpm command-line argument
[Package Manager] Unable to send message (not connected to server process).
[Package Manager] Cannot connect to Unity Package Manager local server
ScheduleIndexationOnStartup MainProcess:False IndexOnStartup:True
Mono: successfully reloaded assembly
- Finished resetting the current domain, in  2.703 seconds
Domain Reload Profiling: 5696ms
	BeginReloadAssembly (481ms)
		ExecutionOrderSort (0ms)
		DisableScriptedObjects (15ms)
		BackupInstance (0ms)
		ReleaseScriptingObjects (0ms)
		CreateAndSetChildDomain (65ms)
	RebuildCommonClasses (81ms)
	RebuildNativeTypeToScriptingClass (45ms)
	initialDomainReloadingComplete (120ms)
	LoadAllAssembliesAndSetupDomain (2266ms)
		LoadAssemblies (1434ms)
		RebuildTransferFunctionScriptingTraits (0ms)
		AnalyzeDomain (1120ms)
			TypeCache.Refresh (886ms)
				TypeCache.ScanAssembly (839ms)
			BuildScriptInfoCaches (187ms)
			ResolveRequiredComponents (34ms)
	FinalizeReload (2703ms)
		ReleaseScriptCaches (0ms)
		RebuildScriptCaches (0ms)
		SetupLoadedEditorAssemblies (2145ms)
			LogAssemblyErrors (0ms)
			InitializePlatformSupportModulesInManaged (4ms)
			SetLoadedEditorAssemblies (11ms)
			BeforeProcessingInitializeOnLoad (453ms)
			ProcessInitializeOnLoadAttributes (1454ms)
			ProcessInitializeOnLoadMethodAttributes (197ms)
			AfterProcessingInitializeOnLoad (27ms)
			EditorAssembliesLoaded (0ms)
		ExecutionOrderSort2 (0ms)
		AwakeInstancesAfterBackupRestoration (15ms)
Launched and connected shader compiler UnityShaderCompiler.exe after 0.03 seconds
Refreshing native plugins compatible for Editor in 3.36 ms, found 3 plugins.
Preloading 0 native plugins for Editor in 0.00 ms.
Unloading 21 Unused Serialized files (Serialized files now loaded: 0)
Unloading 6800 unused Assets / (6.7 MB). Loaded Objects now: 7649.
Memory consumption went from 172.7 MB to 166.0 MB.
Total: 24.862800 ms (FindLiveObjects: 1.623300 ms CreateObjectMapping: 4.146500 ms MarkObjects: 13.036000 ms  DeleteObjects: 6.054700 ms)

========================================================================
Received Import Request.
  Time since last request: 3868.428062 seconds.
  path: Assets/Erufyta/Azerilo/Car Model No.1201 Asset/Material/ChromeMat.mat
  artifactKey: Guid(15d32a72a02c48a4d98fedc5920b1e0d) Importer(2089858483,b0f066a214c2f5e87bad3c948f4d605d)
Start importing Assets/Erufyta/Azerilo/Car Model No.1201 Asset/Material/ChromeMat.mat using Guid(15d32a72a02c48a4d98fedc5920b1e0d) Importer(2089858483,b0f066a214c2f5e87bad3c948f4d605d) (ScriptedImporter) -> (artifact id: '4e1f22b62a43e7a7b81010e61254a1f1') in 0.4380831 seconds
Number of updated asset objects reloaded before import = 0Number of asset objects unloaded after import = 1

========================================================================
Received Import Request.
  Time since last request: 0.000052 seconds.
  path: Assets/Erufyta/Azerilo/Car Model No.1201 Asset/Material
  artifactKey: Guid(d285dcb941647a4498daa718573a150f) Importer(2089858483,b0f066a214c2f5e87bad3c948f4d605d)
Start importing Assets/Erufyta/Azerilo/Car Model No.1201 Asset/Material using Guid(d285dcb941647a4498daa718573a150f) Importer(2089858483,b0f066a214c2f5e87bad3c948f4d605d) (ScriptedImporter) -> (artifact id: '105d05fb88c3403e2164eb73b371f7da') in 0.0483235 seconds
Number of updated asset objects reloaded before import = 0Number of asset objects unloaded after import = 1

========================================================================
Received Import Request.
  Time since last request: 0.000113 seconds.
  path: Assets/Erufyta/Azerilo/Car Model No.1201 Asset/Mesh/Materials
  artifactKey: Guid(e1b2b6a1501a65342803265ae1e82f25) Importer(2089858483,b0f066a214c2f5e87bad3c948f4d605d)
Start importing Assets/Erufyta/Azerilo/Car Model No.1201 Asset/Mesh/Materials using Guid(e1b2b6a1501a65342803265ae1e82f25) Importer(2089858483,b0f066a214c2f5e87bad3c948f4d605d) (ScriptedImporter) -> (artifact id: '5192c3d14c190e40df6dde8e19f7ddcc') in 0.0316086 seconds
Number of updated asset objects reloaded before import = 0Number of asset objects unloaded after import = 1

========================================================================
Received Import Request.
  Time since last request: 0.000104 seconds.
  path: Assets/Erufyta/Azerilo/Car Model No.1201 Asset/Prefab/Car 2.prefab
  artifactKey: Guid(7ecf74b289b28f246bfea1ee3e275c26) Importer(2089858483,b0f066a214c2f5e87bad3c948f4d605d)
Start importing Assets/Erufyta/Azerilo/Car Model No.1201 Asset/Prefab/Car 2.prefab using Guid(7ecf74b289b28f246bfea1ee3e275c26) Importer(2089858483,b0f066a214c2f5e87bad3c948f4d605d) (ScriptedImporter) -> (artifact id: 'a421300e37531761121167f5bbf99f15') in 0.2229851 seconds
Number of updated asset objects reloaded before import = 0Number of asset objects unloaded after import = 212

========================================================================
Received Import Request.
  Time since last request: 0.000155 seconds.
  path: Assets/Erufyta/AllSkyFree/Night MoonBurst/Night Moon Burst_Cam_5_Down-Y.png
  artifactKey: Guid(771300e956150427f8e4740c74cdd67e) Importer(2089858483,b0f066a214c2f5e87bad3c948f4d605d)
Start importing Assets/Erufyta/AllSkyFree/Night MoonBurst/Night Moon Burst_Cam_5_Down-Y.png using Guid(771300e956150427f8e4740c74cdd67e) Importer(2089858483,b0f066a214c2f5e87bad3c948f4d605d) (ScriptedImporter) -> (artifact id: 'c41b878f5795279908ca7c8a0deb0f61') in 0.1827631 seconds
Number of updated asset objects reloaded before import = 0Number of asset objects unloaded after import = 1

========================================================================
Received Import Request.
  Time since last request: 0.000103 seconds.
  path: Assets/Erufyta/Azerilo/Car Model No.1201 Asset/Mesh/Materials/phong2.mat
  artifactKey: Guid(cf131dceb9cccb84298de5dfc8f16161) Importer(2089858483,b0f066a214c2f5e87bad3c948f4d605d)
Start importing Assets/Erufyta/Azerilo/Car Model No.1201 Asset/Mesh/Materials/phong2.mat using Guid(cf131dceb9cccb84298de5dfc8f16161) Importer(2089858483,b0f066a214c2f5e87bad3c948f4d605d) (ScriptedImporter) -> (artifact id: 'e60470fd4a35b7071df57e017f2a76ee') in 0.0499536 seconds
Number of updated asset objects reloaded before import = 0Number of asset objects unloaded after import = 1

========================================================================
Received Import Request.
  Time since last request: 0.000043 seconds.
  path: Assets/Erufyta/Azerilo/Car Model No.1201 Asset/Material/Texture/BrakeDiskTexture.png
  artifactKey: Guid(9d798e1b90dd8b447919c98b87d3d09b) Importer(2089858483,b0f066a214c2f5e87bad3c948f4d605d)
Start importing Assets/Erufyta/Azerilo/Car Model No.1201 Asset/Material/Texture/BrakeDiskTexture.png using Guid(9d798e1b90dd8b447919c98b87d3d09b) Importer(2089858483,b0f066a214c2f5e87bad3c948f4d605d) (ScriptedImporter) -> (artifact id: '79e2add3e9b6e24f9607a2d9470f5f1b') in 0.1047649 seconds
Number of updated asset objects reloaded before import = 0Number of asset objects unloaded after import = 1

========================================================================
Received Import Request.
  Time since last request: 0.000097 seconds.
  path: Assets/Erufyta/Azerilo
  artifactKey: Guid(432ab211e28731e46897cd1e640edd6c) Importer(2089858483,b0f066a214c2f5e87bad3c948f4d605d)
Start importing Assets/Erufyta/Azerilo using Guid(432ab211e28731e46897cd1e640edd6c) Importer(2089858483,b0f066a214c2f5e87bad3c948f4d605d) (ScriptedImporter) -> (artifact id: '72c72ef449ee939b626d665fdffb240b') in 0.062962 seconds
Number of updated asset objects reloaded before import = 0Number of asset objects unloaded after import = 1

========================================================================
Received Import Request.
  Time since last request: 0.000164 seconds.
  path: Assets/Erufyta/Azerilo/Car Model No.1201 Asset/Material/MainMat.mat
  artifactKey: Guid(52b70203659e5654b8b1005e94b0ece3) Importer(2089858483,b0f066a214c2f5e87bad3c948f4d605d)
Start importing Assets/Erufyta/Azerilo/Car Model No.1201 Asset/Material/MainMat.mat using Guid(52b70203659e5654b8b1005e94b0ece3) Importer(2089858483,b0f066a214c2f5e87bad3c948f4d605d) (ScriptedImporter) -> (artifact id: 'e149ca7bfa7bdfb6618fe78e25194642') in 0.1032605 seconds
Number of updated asset objects reloaded before import = 0Number of asset objects unloaded after import = 2

========================================================================
Received Import Request.
  Time since last request: 0.000038 seconds.
  path: Assets/Erufyta/Azerilo/Car Model No.1201 Asset/Material/GlassMat.mat
  artifactKey: Guid(4508f79323bc84441835545a4f70ffa4) Importer(2089858483,b0f066a214c2f5e87bad3c948f4d605d)
Start importing Assets/Erufyta/Azerilo/Car Model No.1201 Asset/Material/GlassMat.mat using Guid(4508f79323bc84441835545a4f70ffa4) Importer(2089858483,b0f066a214c2f5e87bad3c948f4d605d) (ScriptedImporter) -> (artifact id: '1d9493956dcc62afefb8ae9d43fdff53') in 0.0864248 seconds
Number of updated asset objects reloaded before import = 0Number of asset objects unloaded after import = 1

========================================================================
Received Import Request.
  Time since last request: 0.000110 seconds.
  path: Assets/Erufyta/Azerilo/Car Model No.1201 Asset/Prefab/Wheel.prefab
  artifactKey: Guid(15681e041c6a91e4891d5ffc30ddf367) Importer(2089858483,b0f066a214c2f5e87bad3c948f4d605d)
Start importing Assets/Erufyta/Azerilo/Car Model No.1201 Asset/Prefab/Wheel.prefab using Guid(15681e041c6a91e4891d5ffc30ddf367) Importer(2089858483,b0f066a214c2f5e87bad3c948f4d605d) (ScriptedImporter) -> (artifact id: '2dadf013b29e9cae296fb0b4de85d9c4') in 0.1162841 seconds
Number of updated asset objects reloaded before import = 0Number of asset objects unloaded after import = 34

========================================================================
Received Import Request.
  Time since last request: 0.000106 seconds.
  path: Assets/Erufyta/Azerilo/Car Model No.1201 Asset/Prefab/Car 3.prefab
  artifactKey: Guid(de53374949c380a43831cdf100ac633d) Importer(2089858483,b0f066a214c2f5e87bad3c948f4d605d)
Start importing Assets/Erufyta/Azerilo/Car Model No.1201 Asset/Prefab/Car 3.prefab using Guid(de53374949c380a43831cdf100ac633d) Importer(2089858483,b0f066a214c2f5e87bad3c948f4d605d) (ScriptedImporter) -> (artifact id: '293c86c326ba9eb37e259aea13bc9c98') in 0.0715372 seconds
Number of updated asset objects reloaded before import = 0Number of asset objects unloaded after import = 212

========================================================================
Received Import Request.
  Time since last request: 0.000074 seconds.
  path: Assets/Erufyta/AllSkyFree/Night MoonBurst/Night Moon Burst_Cam_3_Right-X.png
  artifactKey: Guid(8e462a9bf0b1941148e4318e741d7b09) Importer(2089858483,b0f066a214c2f5e87bad3c948f4d605d)
Start importing Assets/Erufyta/AllSkyFree/Night MoonBurst/Night Moon Burst_Cam_3_Right-X.png using Guid(8e462a9bf0b1941148e4318e741d7b09) Importer(2089858483,b0f066a214c2f5e87bad3c948f4d605d) (ScriptedImporter) -> (artifact id: '18827d06d0b61ee332a3e1235b559d84') in 0.071751 seconds
Number of updated asset objects reloaded before import = 0Number of asset objects unloaded after import = 1

========================================================================
Received Import Request.
  Time since last request: 0.000096 seconds.
  path: Assets/Erufyta/AllSkyFree
  artifactKey: Guid(72589719770b04ead999af902c0459f8) Importer(2089858483,b0f066a214c2f5e87bad3c948f4d605d)
Start importing Assets/Erufyta/AllSkyFree using Guid(72589719770b04ead999af902c0459f8) Importer(2089858483,b0f066a214c2f5e87bad3c948f4d605d) (ScriptedImporter) -> (artifact id: 'b979f76dc34c6e59e84d87d8b4e97d76') in 0.0440564 seconds
Number of updated asset objects reloaded before import = 0Number of asset objects unloaded after import = 1

========================================================================
Received Import Request.
  Time since last request: 0.000110 seconds.
  path: Assets/Erufyta/Azerilo/Car Model No.1201 Asset/Material/BodyMat 2.mat
  artifactKey: Guid(bff761b7e096ac849bedb4d802539ce6) Importer(2089858483,b0f066a214c2f5e87bad3c948f4d605d)
Start importing Assets/Erufyta/Azerilo/Car Model No.1201 Asset/Material/BodyMat 2.mat using Guid(bff761b7e096ac849bedb4d802539ce6) Importer(2089858483,b0f066a214c2f5e87bad3c948f4d605d) (ScriptedImporter) -> (artifact id: 'e424207f06b6bcca7e9b2498ce8a116f') in 0.0466793 seconds
Number of updated asset objects reloaded before import = 0Number of asset objects unloaded after import = 1

========================================================================
Received Import Request.
  Time since last request: 0.000050 seconds.
  path: Assets/Erufyta/Azerilo/Car Model No.1201 Asset/Mesh/Wheel.fbx
  artifactKey: Guid(2edc132688aefb645888fe640561c1e8) Importer(2089858483,b0f066a214c2f5e87bad3c948f4d605d)
Start importing Assets/Erufyta/Azerilo/Car Model No.1201 Asset/Mesh/Wheel.fbx using Guid(2edc132688aefb645888fe640561c1e8) Importer(2089858483,b0f066a214c2f5e87bad3c948f4d605d) (ScriptedImporter) -> (artifact id: 'e12e80d021da15c38adfd7a25f03cc26') in 0.2505435 seconds
Number of updated asset objects reloaded before import = 0Number of asset objects unloaded after import = 39

========================================================================
Received Import Request.
  Time since last request: 0.000163 seconds.
  path: Assets/Erufyta/_TerrainAutoUpgrade
  artifactKey: Guid(271598e9dc3d70745a5bd2a9e90af488) Importer(2089858483,b0f066a214c2f5e87bad3c948f4d605d)
Start importing Assets/Erufyta/_TerrainAutoUpgrade using Guid(271598e9dc3d70745a5bd2a9e90af488) Importer(2089858483,b0f066a214c2f5e87bad3c948f4d605d) (ScriptedImporter) -> (artifact id: 'a445928542aa36e18febb2da9297a57e') in 0.0526899 seconds
Number of updated asset objects reloaded before import = 0Number of asset objects unloaded after import = 1

========================================================================
Received Import Request.
  Time since last request: 0.000105 seconds.
  path: Assets/Erufyta/Azerilo/Car Model No.1201 Asset/Scene/Demo Scene
  artifactKey: Guid(c87a9f73a45a4db4f9e49c6436a5dd6d) Importer(2089858483,b0f066a214c2f5e87bad3c948f4d605d)
Start importing Assets/Erufyta/Azerilo/Car Model No.1201 Asset/Scene/Demo Scene using Guid(c87a9f73a45a4db4f9e49c6436a5dd6d) Importer(2089858483,b0f066a214c2f5e87bad3c948f4d605d) (ScriptedImporter) -> (artifact id: 'b14c27080f6b13c524785dab5322ace5') in 0.0379673 seconds
Number of updated asset objects reloaded before import = 0Number of asset objects unloaded after import = 1

========================================================================
Received Import Request.
  Time since last request: 0.000082 seconds.
  path: Assets/Erufyta/AllSkyFree/Night MoonBurst/Night Moon Burst.unity
  artifactKey: Guid(40af7173f2b2d4f9283c3832d0ebcb31) Importer(2089858483,b0f066a214c2f5e87bad3c948f4d605d)
Start importing Assets/Erufyta/AllSkyFree/Night MoonBurst/Night Moon Burst.unity using Guid(40af7173f2b2d4f9283c3832d0ebcb31) Importer(2089858483,b0f066a214c2f5e87bad3c948f4d605d) (ScriptedImporter) -> (artifact id: 'fb22111d814b5c25e5a0aa3638bec55d') in 0.0649116 seconds
Number of updated asset objects reloaded before import = 0Number of asset objects unloaded after import = 1

========================================================================
Received Import Request.
  Time since last request: 0.000041 seconds.
  path: Assets/Erufyta/AllSkyFree/Night MoonBurst/Night Moon Burst.mat
  artifactKey: Guid(c494c335823f54b52b2e87e1b7a63a23) Importer(2089858483,b0f066a214c2f5e87bad3c948f4d605d)
Start importing Assets/Erufyta/AllSkyFree/Night MoonBurst/Night Moon Burst.mat using Guid(c494c335823f54b52b2e87e1b7a63a23) Importer(2089858483,b0f066a214c2f5e87bad3c948f4d605d) (ScriptedImporter) -> (artifact id: '363bc23131beb2c4b7e7226cb99f73f8') in 0.0918528 seconds
Number of updated asset objects reloaded before import = 0Number of asset objects unloaded after import = 7

========================================================================
Received Import Request.
  Time since last request: 0.000219 seconds.
  path: Assets/Erufyta/Azerilo/Car Model No.1201 Asset/Material/Texture
  artifactKey: Guid(1cf842837c00085489014359a9b69cad) Importer(2089858483,b0f066a214c2f5e87bad3c948f4d605d)
Start importing Assets/Erufyta/Azerilo/Car Model No.1201 Asset/Material/Texture using Guid(1cf842837c00085489014359a9b69cad) Importer(2089858483,b0f066a214c2f5e87bad3c948f4d605d) (ScriptedImporter) -> (artifact id: '1632cd82aa2995868075709084b533f7') in 0.0533842 seconds
Number of updated asset objects reloaded before import = 0Number of asset objects unloaded after import = 1

========================================================================
Received Import Request.
  Time since last request: 0.000074 seconds.
  path: Assets/Erufyta/AllSkyFree/Night MoonBurst
  artifactKey: Guid(26e352704e0b94af78a547c6d44125d9) Importer(2089858483,b0f066a214c2f5e87bad3c948f4d605d)
Start importing Assets/Erufyta/AllSkyFree/Night MoonBurst using Guid(26e352704e0b94af78a547c6d44125d9) Importer(2089858483,b0f066a214c2f5e87bad3c948f4d605d) (ScriptedImporter) -> (artifact id: 'ff760241ea517303a1f262d485db402b') in 0.0610855 seconds
Number of updated asset objects reloaded before import = 0Number of asset objects unloaded after import = 1

========================================================================
Received Import Request.
  Time since last request: 0.000091 seconds.
  path: Assets/Erufyta/Azerilo/Car Model No.1201 Asset/Mesh/Materials/blinn16.mat
  artifactKey: Guid(49c69dfd5fde5544aa3c5e4f46b14925) Importer(2089858483,b0f066a214c2f5e87bad3c948f4d605d)
Start importing Assets/Erufyta/Azerilo/Car Model No.1201 Asset/Mesh/Materials/blinn16.mat using Guid(49c69dfd5fde5544aa3c5e4f46b14925) Importer(2089858483,b0f066a214c2f5e87bad3c948f4d605d) (ScriptedImporter) -> (artifact id: '059d2e04e2f3b2988b768420c675a860') in 0.0896293 seconds
Number of updated asset objects reloaded before import = 0Number of asset objects unloaded after import = 1

========================================================================
Received Import Request.
  Time since last request: 0.000062 seconds.
  path: Assets/Erufyta/Azerilo/Car Model No.1201 Asset/Material/RimMat.mat
  artifactKey: Guid(e5a36a49f7e66f9438772de96f10495c) Importer(2089858483,b0f066a214c2f5e87bad3c948f4d605d)
Start importing Assets/Erufyta/Azerilo/Car Model No.1201 Asset/Material/RimMat.mat using Guid(e5a36a49f7e66f9438772de96f10495c) Importer(2089858483,b0f066a214c2f5e87bad3c948f4d605d) (ScriptedImporter) -> (artifact id: 'd164c2b302bacb5da7cb273b7ac8b9e1') in 0.04116 seconds
Number of updated asset objects reloaded before import = 0Number of asset objects unloaded after import = 1

========================================================================
Received Import Request.
  Time since last request: 0.000246 seconds.
  path: Assets/Erufyta/Azerilo/Car Model No.1201 Asset/Material/SeamsMat 1.mat
  artifactKey: Guid(a27a8be488cbb5d4bac448dda9339b95) Importer(2089858483,b0f066a214c2f5e87bad3c948f4d605d)
Start importing Assets/Erufyta/Azerilo/Car Model No.1201 Asset/Material/SeamsMat 1.mat using Guid(a27a8be488cbb5d4bac448dda9339b95) Importer(2089858483,b0f066a214c2f5e87bad3c948f4d605d) (ScriptedImporter) -> (artifact id: '5e0bdbbbece3ac4cc29285bfc4c6724c') in 0.0666569 seconds
Number of updated asset objects reloaded before import = 0Number of asset objects unloaded after import = 1

========================================================================
Received Import Request.
  Time since last request: 0.003470 seconds.
  path: Assets/Erufyta/Azerilo/Car Model No.1201 Asset/Mesh/Materials/atlas.mat
  artifactKey: Guid(cd72e7e23411c104d9c529ec92b2b719) Importer(2089858483,b0f066a214c2f5e87bad3c948f4d605d)
Start importing Assets/Erufyta/Azerilo/Car Model No.1201 Asset/Mesh/Materials/atlas.mat using Guid(cd72e7e23411c104d9c529ec92b2b719) Importer(2089858483,b0f066a214c2f5e87bad3c948f4d605d) (ScriptedImporter) -> (artifact id: '5f6947f9742ea356039dd519203e11b6') in 0.0667189 seconds
Number of updated asset objects reloaded before import = 0Number of asset objects unloaded after import = 1

========================================================================
Received Import Request.
  Time since last request: 0.000082 seconds.
  path: Assets/Erufyta/Azerilo/Car Model No.1201 Asset/Material/BodyMat 1.mat
  artifactKey: Guid(707eb7b790aaa214bb421203de68536d) Importer(2089858483,b0f066a214c2f5e87bad3c948f4d605d)
Start importing Assets/Erufyta/Azerilo/Car Model No.1201 Asset/Material/BodyMat 1.mat using Guid(707eb7b790aaa214bb421203de68536d) Importer(2089858483,b0f066a214c2f5e87bad3c948f4d605d) (ScriptedImporter) -> (artifact id: '80bb1f22b17c7de7c170d707f11e9a00') in 0.0435656 seconds
Number of updated asset objects reloaded before import = 0Number of asset objects unloaded after import = 1

========================================================================
Received Import Request.
  Time since last request: 0.000068 seconds.
  path: Assets/Erufyta/Azerilo/Car Model No.1201 Asset
  artifactKey: Guid(6431148f522677b449909a1841e43138) Importer(2089858483,b0f066a214c2f5e87bad3c948f4d605d)
Start importing Assets/Erufyta/Azerilo/Car Model No.1201 Asset using Guid(6431148f522677b449909a1841e43138) Importer(2089858483,b0f066a214c2f5e87bad3c948f4d605d) (ScriptedImporter) -> (artifact id: '4fc34bca64b9bf7eedbb96ec98dfd6a9') in 0.0319935 seconds
Number of updated asset objects reloaded before import = 0Number of asset objects unloaded after import = 1

========================================================================
Received Import Request.
  Time since last request: 0.000060 seconds.
  path: Assets/Erufyta/Azerilo/Car Model No.1201 Asset/Mesh/Car_NO.1201.fbx
  artifactKey: Guid(1e4c2f610722651479daaae54d817d84) Importer(2089858483,b0f066a214c2f5e87bad3c948f4d605d)
Start importing Assets/Erufyta/Azerilo/Car Model No.1201 Asset/Mesh/Car_NO.1201.fbx using Guid(1e4c2f610722651479daaae54d817d84) Importer(2089858483,b0f066a214c2f5e87bad3c948f4d605d) (ScriptedImporter) -> (artifact id: '9963f7d6112f9bd7bd0ac195b7336434') in 0.2106501 seconds
Number of updated asset objects reloaded before import = 0Number of asset objects unloaded after import = 109

========================================================================
Received Import Request.
  Time since last request: 0.000051 seconds.
  path: Assets/Erufyta/Azerilo/Car Model No.1201 Asset/Mesh/Materials/blinn18.mat
  artifactKey: Guid(23a2aece7733d8e49beae89f5acee558) Importer(2089858483,b0f066a214c2f5e87bad3c948f4d605d)
Start importing Assets/Erufyta/Azerilo/Car Model No.1201 Asset/Mesh/Materials/blinn18.mat using Guid(23a2aece7733d8e49beae89f5acee558) Importer(2089858483,b0f066a214c2f5e87bad3c948f4d605d) (ScriptedImporter) -> (artifact id: 'd8bca9d3fbed3f0c2b52c17180f47445') in 0.04566 seconds
Number of updated asset objects reloaded before import = 0Number of asset objects unloaded after import = 1

========================================================================
Received Import Request.
  Time since last request: 0.000277 seconds.
  path: Assets/Erufyta/_TerrainAutoUpgrade/layer_GR_Asphalt1_ASGR_Asphalt1_Nd261c09ae55ba1e3.terrainlayer
  artifactKey: Guid(c1d1006cf50965547b4c00be8324194b) Importer(2089858483,b0f066a214c2f5e87bad3c948f4d605d)
Start importing Assets/Erufyta/_TerrainAutoUpgrade/layer_GR_Asphalt1_ASGR_Asphalt1_Nd261c09ae55ba1e3.terrainlayer using Guid(c1d1006cf50965547b4c00be8324194b) Importer(2089858483,b0f066a214c2f5e87bad3c948f4d605d) (ScriptedImporter) -> (artifact id: 'e97d752c8e75286689ffad6ac841ea9e') in 0.1704888 seconds
Number of updated asset objects reloaded before import = 0Number of asset objects unloaded after import = 3

========================================================================
Received Import Request.
  Time since last request: 0.000211 seconds.
  path: Assets/Erufyta/Azerilo/Demo Assets
  artifactKey: Guid(ff2d3ed0ac1d8f24fa854261cd148687) Importer(2089858483,b0f066a214c2f5e87bad3c948f4d605d)
Start importing Assets/Erufyta/Azerilo/Demo Assets using Guid(ff2d3ed0ac1d8f24fa854261cd148687) Importer(2089858483,b0f066a214c2f5e87bad3c948f4d605d) (ScriptedImporter) -> (artifact id: 'cee852582fd88094ed03c5a5c41b804e') in 0.0423186 seconds
Number of updated asset objects reloaded before import = 0Number of asset objects unloaded after import = 1

========================================================================
Received Import Request.
  Time since last request: 0.000101 seconds.
  path: Assets/Erufyta/Azerilo/Car Model No.1201 Asset/Scene/Demo Scene/LightingData.asset
  artifactKey: Guid(ad9d0f39e150d374190e26cd01ef2bc9) Importer(2089858483,b0f066a214c2f5e87bad3c948f4d605d)
Start importing Assets/Erufyta/Azerilo/Car Model No.1201 Asset/Scene/Demo Scene/LightingData.asset using Guid(ad9d0f39e150d374190e26cd01ef2bc9) Importer(2089858483,b0f066a214c2f5e87bad3c948f4d605d) (ScriptedImporter)Lighting data asset ‘LightingData’ is incompatible with the current Unity version. Please use Generate Lighting to rebuild the lighting data. Realtime Global Illumination cannot be used until the lighting data is rebuilt.
UnityEngine.Debug:ExtractStackTraceNoAlloc (byte*,int,string)
UnityEngine.StackTraceUtility:ExtractStackTrace ()
UnityEditor.AssetDatabase:LoadMainAssetAtPath (string)
UnityEditor.Search.AssetIndexer:IndexProperties (int&,string&,bool&)
UnityEditor.Search.AssetIndexer:IndexDocument (string,bool)
UnityEditor.Search.SearchIndexArtifactImporter:OnImportAsset (UnityEditor.AssetImporters.AssetImportContext)
UnityEditor.AssetImporters.ScriptedImporter:GenerateAssetData (UnityEditor.AssetImporters.AssetImportContext)

[C:\build\output\unity\unity\Editor\Src\GI\Enlighten\LightingDataAsset.cpp line 450]

 -> (artifact id: '2ec716ff3148ec188e8c9255dd63c9b0') in 0.0870516 seconds
Number of updated asset objects reloaded before import = 0Number of asset objects unloaded after import = 2

========================================================================
Received Import Request.
  Time since last request: 0.000136 seconds.
  path: Assets/Erufyta/Azerilo/Demo Assets/GroundMaterial.mat
  artifactKey: Guid(595dd5aee4a95634385fd1fbf7216b7c) Importer(2089858483,b0f066a214c2f5e87bad3c948f4d605d)
Start importing Assets/Erufyta/Azerilo/Demo Assets/GroundMaterial.mat using Guid(595dd5aee4a95634385fd1fbf7216b7c) Importer(2089858483,b0f066a214c2f5e87bad3c948f4d605d) (ScriptedImporter) -> (artifact id: 'be5a2f4cd7d0bb59cc945235ce74c7c4') in 0.0626127 seconds
Number of updated asset objects reloaded before import = 0Number of asset objects unloaded after import = 1

========================================================================
Received Import Request.
  Time since last request: 0.000064 seconds.
  path: Assets/Erufyta/Azerilo/Car Model No.1201 Asset/Scene/Demo Scene/ReflectionProbe-0.exr
  artifactKey: Guid(fab106c77e99e5e4aa5240e0900692ab) Importer(2089858483,b0f066a214c2f5e87bad3c948f4d605d)
Start importing Assets/Erufyta/Azerilo/Car Model No.1201 Asset/Scene/Demo Scene/ReflectionProbe-0.exr using Guid(fab106c77e99e5e4aa5240e0900692ab) Importer(2089858483,b0f066a214c2f5e87bad3c948f4d605d) (ScriptedImporter) -> (artifact id: '32bfb12c7f01f3f72ba612f45fd066fb') in 0.1241679 seconds
Number of updated asset objects reloaded before import = 0Number of asset objects unloaded after import = 1

========================================================================
Received Import Request.
  Time since last request: 0.000043 seconds.
  path: Assets/Erufyta/_TerrainAutoUpgrade/layer_GR_Dirt1_ASGR_Dirt1_N3d1cca0d6d0e9938.terrainlayer
  artifactKey: Guid(f44d7111ab27af840937a9176c4cd398) Importer(2089858483,b0f066a214c2f5e87bad3c948f4d605d)
Start importing Assets/Erufyta/_TerrainAutoUpgrade/layer_GR_Dirt1_ASGR_Dirt1_N3d1cca0d6d0e9938.terrainlayer using Guid(f44d7111ab27af840937a9176c4cd398) Importer(2089858483,b0f066a214c2f5e87bad3c948f4d605d) (ScriptedImporter) -> (artifact id: '31108780f0978beed837f081a0924f8b') in 0.1654171 seconds
Number of updated asset objects reloaded before import = 0Number of asset objects unloaded after import = 3

========================================================================
Received Import Request.
  Time since last request: 470.921489 seconds.
  path: Assets/Erufyta/AllSkyFree
  artifactKey: Guid(72589719770b04ead999af902c0459f8) Importer(815301076,1909f56bfc062723c751e8b465ee728b)
Start importing Assets/Erufyta/AllSkyFree using Guid(72589719770b04ead999af902c0459f8) Importer(815301076,1909f56bfc062723c751e8b465ee728b) (PreviewImporter) -> (artifact id: '278f3824993d0f997bc8d2c97a332253') in 0.0055298 seconds
Number of updated asset objects reloaded before import = 0Number of asset objects unloaded after import = 0

========================================================================
Received Import Request.
  Time since last request: 74.862227 seconds.
  path: Assets/Polytope Studio
  artifactKey: Guid(115939fafdaab3542ac9de578833169e) Importer(815301076,1909f56bfc062723c751e8b465ee728b)
Start importing Assets/Polytope Studio using Guid(115939fafdaab3542ac9de578833169e) Importer(815301076,1909f56bfc062723c751e8b465ee728b) (PreviewImporter) -> (artifact id: '26fb2955e504f336565cef2470ad08cb') in 0.0039001 seconds
Number of updated asset objects reloaded before import = 0Number of asset objects unloaded after import = 0

========================================================================
Received Import Request.
  Time since last request: 37.572865 seconds.
  path: Assets/Erufyta/Polytope Studio/Lowpoly_Environments/Prefabs/Shrubs
  artifactKey: Guid(1a6585c188f2f4c4685a8a43c7f945c2) Importer(2089858483,b0f066a214c2f5e87bad3c948f4d605d)
Start importing Assets/Erufyta/Polytope Studio/Lowpoly_Environments/Prefabs/Shrubs using Guid(1a6585c188f2f4c4685a8a43c7f945c2) Importer(2089858483,b0f066a214c2f5e87bad3c948f4d605d) (ScriptedImporter) -> (artifact id: 'e053c6f1f48a64e36eb72b717d60f350') in 0.046308 seconds
Number of updated asset objects reloaded before import = 0Number of asset objects unloaded after import = 1

========================================================================
Received Import Request.
  Time since last request: 0.000027 seconds.
  path: Assets/Erufyta/Polytope Studio/Lowpoly_Environments/URP
  artifactKey: Guid(72f7e9b6836e7ee40b8f94a8acf784e6) Importer(2089858483,b0f066a214c2f5e87bad3c948f4d605d)
Start importing Assets/Erufyta/Polytope Studio/Lowpoly_Environments/URP using Guid(72f7e9b6836e7ee40b8f94a8acf784e6) Importer(2089858483,b0f066a214c2f5e87bad3c948f4d605d) (ScriptedImporter) -> (artifact id: '6e15cbd480eeeadc0cffce4a271c5123') in 0.0204061 seconds
Number of updated asset objects reloaded before import = 0Number of asset objects unloaded after import = 1

========================================================================
Received Import Request.
  Time since last request: 0.000050 seconds.
  path: Assets/Erufyta/Polytope Studio/Lowpoly_Environments/Sources/Meshes/Trees/PT_Fruit_Tree_01_green_cut.fbx
  artifactKey: Guid(1500a5535a073af4797d5ba960824cb3) Importer(2089858483,b0f066a214c2f5e87bad3c948f4d605d)
Start importing Assets/Erufyta/Polytope Studio/Lowpoly_Environments/Sources/Meshes/Trees/PT_Fruit_Tree_01_green_cut.fbx using Guid(1500a5535a073af4797d5ba960824cb3) Importer(2089858483,b0f066a214c2f5e87bad3c948f4d605d) (ScriptedImporter) -> (artifact id: 'e26c1ac4a61c920079c762d95d435983') in 0.1687451 seconds
Number of updated asset objects reloaded before import = 0Number of asset objects unloaded after import = 9

========================================================================
Received Import Request.
  Time since last request: 0.000068 seconds.
  path: Assets/Erufyta/Polytope Studio/Lowpoly_Environments/Sources/Materials/PT_Fruit_Tree_Opaque_mat.mat
  artifactKey: Guid(3922c043c1c52cb47a7b1bfed562a4b6) Importer(2089858483,b0f066a214c2f5e87bad3c948f4d605d)
Start importing Assets/Erufyta/Polytope Studio/Lowpoly_Environments/Sources/Materials/PT_Fruit_Tree_Opaque_mat.mat using Guid(3922c043c1c52cb47a7b1bfed562a4b6) Importer(2089858483,b0f066a214c2f5e87bad3c948f4d605d) (ScriptedImporter) -> (artifact id: '00f712aced1db5d3320aa1bf3c75f6c0') in 0.0870101 seconds
Number of updated asset objects reloaded before import = 0Number of asset objects unloaded after import = 2

========================================================================
Received Import Request.
  Time since last request: 0.000071 seconds.
  path: Assets/Erufyta/Polytope Studio/Lowpoly_Environments/Sources/Textures/PT_Generic_Tree_Leaves_01.png
  artifactKey: Guid(f2ee3ef6a109f0f4b8bfd6f7c1e310f4) Importer(2089858483,b0f066a214c2f5e87bad3c948f4d605d)
Start importing Assets/Erufyta/Polytope Studio/Lowpoly_Environments/Sources/Textures/PT_Generic_Tree_Leaves_01.png using Guid(f2ee3ef6a109f0f4b8bfd6f7c1e310f4) Importer(2089858483,b0f066a214c2f5e87bad3c948f4d605d) (ScriptedImporter) -> (artifact id: '198aeaecec9fd3ba6f61a9f7030c8d71') in 0.0622851 seconds
Number of updated asset objects reloaded before import = 0Number of asset objects unloaded after import = 1

========================================================================
Received Import Request.
  Time since last request: 0.000046 seconds.
  path: Assets/Erufyta/Polytope Studio/Lowpoly_Environments/Sources/Meshes
  artifactKey: Guid(233bc25dd4bfa8846b700d547592a78e) Importer(2089858483,b0f066a214c2f5e87bad3c948f4d605d)
Start importing Assets/Erufyta/Polytope Studio/Lowpoly_Environments/Sources/Meshes using Guid(233bc25dd4bfa8846b700d547592a78e) Importer(2089858483,b0f066a214c2f5e87bad3c948f4d605d) (ScriptedImporter) -> (artifact id: '17baa6c238babea4dd8618648d762832') in 0.0231548 seconds
Number of updated asset objects reloaded before import = 0Number of asset objects unloaded after import = 1

========================================================================
Received Import Request.
  Time since last request: 0.021062 seconds.
  path: Assets/Erufyta/Polytope Studio/Lowpoly_Environments/Sources/Meshes/Trees/PT_Pine_Tree_03_green.fbx
  artifactKey: Guid(c2dcabc4d03cc9b4098225e59529d20d) Importer(2089858483,b0f066a214c2f5e87bad3c948f4d605d)
Start importing Assets/Erufyta/Polytope Studio/Lowpoly_Environments/Sources/Meshes/Trees/PT_Pine_Tree_03_green.fbx using Guid(c2dcabc4d03cc9b4098225e59529d20d) Importer(2089858483,b0f066a214c2f5e87bad3c948f4d605d) (ScriptedImporter) -> (artifact id: '5a864a25f6654a20112c460fa76c7388') in 0.3554864 seconds
Number of updated asset objects reloaded before import = 0Number of asset objects unloaded after import = 20

========================================================================
Received Import Request.
  Time since last request: 0.000029 seconds.
  path: Assets/Erufyta/Polytope Studio/Lowpoly_Environments/Sources/Textures
  artifactKey: Guid(394ffe8a892cb8c47a1f7a9e715075b9) Importer(2089858483,b0f066a214c2f5e87bad3c948f4d605d)
Start importing Assets/Erufyta/Polytope Studio/Lowpoly_Environments/Sources/Textures using Guid(394ffe8a892cb8c47a1f7a9e715075b9) Importer(2089858483,b0f066a214c2f5e87bad3c948f4d605d) (ScriptedImporter) -> (artifact id: 'fbce503930451f3116d61d217c63694a') in 0.0226792 seconds
Number of updated asset objects reloaded before import = 0Number of asset objects unloaded after import = 1

========================================================================
Received Import Request.
  Time since last request: 0.000055 seconds.
  path: Assets/Erufyta/Polytope Studio/Lowpoly_Village/Prefabs/Modular/Fence
  artifactKey: Guid(3d254d49ff5ec1f458f7a2fbae9555d2) Importer(2089858483,b0f066a214c2f5e87bad3c948f4d605d)
Start importing Assets/Erufyta/Polytope Studio/Lowpoly_Village/Prefabs/Modular/Fence using Guid(3d254d49ff5ec1f458f7a2fbae9555d2) Importer(2089858483,b0f066a214c2f5e87bad3c948f4d605d) (ScriptedImporter) -> (artifact id: '8f2b9601c4514fadf24d5c89b3bc642d') in 0.0469167 seconds
Number of updated asset objects reloaded before import = 0Number of asset objects unloaded after import = 1

========================================================================
Received Import Request.
  Time since last request: 0.000054 seconds.
  path: Assets/Erufyta/Polytope Studio/Lowpoly_Environments/Sources/Meshes/Trees/PT_Fruit_Tree_01_logs.fbx
  artifactKey: Guid(268a14e7ef45f1542a7d335b0a20d200) Importer(2089858483,b0f066a214c2f5e87bad3c948f4d605d)
Start importing Assets/Erufyta/Polytope Studio/Lowpoly_Environments/Sources/Meshes/Trees/PT_Fruit_Tree_01_logs.fbx using Guid(268a14e7ef45f1542a7d335b0a20d200) Importer(2089858483,b0f066a214c2f5e87bad3c948f4d605d) (ScriptedImporter) -> (artifact id: '12c5821b734ba19d736e9a624117cdf1') in 0.0813821 seconds
Number of updated asset objects reloaded before import = 0Number of asset objects unloaded after import = 8

========================================================================
Received Import Request.
  Time since last request: 0.002043 seconds.
  path: Assets/Erufyta/Polytope Studio/Lowpoly_Environments/Prefabs/Trees/PT_Fruit_Tree_01_apples.prefab
  artifactKey: Guid(e05ae677c7b3bc546bd36b488586fb0c) Importer(2089858483,b0f066a214c2f5e87bad3c948f4d605d)
Start importing Assets/Erufyta/Polytope Studio/Lowpoly_Environments/Prefabs/Trees/PT_Fruit_Tree_01_apples.prefab using Guid(e05ae677c7b3bc546bd36b488586fb0c) Importer(2089858483,b0f066a214c2f5e87bad3c948f4d605d) (ScriptedImporter) -> (artifact id: '4253013d02509a71c4abfb1aa322f607') in 0.0688094 seconds
Number of updated asset objects reloaded before import = 0Number of asset objects unloaded after import = 20

========================================================================
Received Import Request.
  Time since last request: 0.000036 seconds.
  path: Assets/Erufyta/Polytope Studio/Lowpoly_Environments/Sources/Meshes/Flowers
  artifactKey: Guid(62117514495abd046b014d1c85ba4c7a) Importer(2089858483,b0f066a214c2f5e87bad3c948f4d605d)
Start importing Assets/Erufyta/Polytope Studio/Lowpoly_Environments/Sources/Meshes/Flowers using Guid(62117514495abd046b014d1c85ba4c7a) Importer(2089858483,b0f066a214c2f5e87bad3c948f4d605d) (ScriptedImporter) -> (artifact id: '225c7a3a2dac5792d106946a13411eb0') in 0.0378953 seconds
Number of updated asset objects reloaded before import = 0Number of asset objects unloaded after import = 1

========================================================================
Received Import Request.
  Time since last request: 0.000033 seconds.
  path: Assets/Erufyta/Polytope Studio/Lowpoly_Environments/Sources/Textures/PT_Pine_Tree_01.png
  artifactKey: Guid(47c82777887e3fc46bc141849b1b3ccb) Importer(2089858483,b0f066a214c2f5e87bad3c948f4d605d)
Start importing Assets/Erufyta/Polytope Studio/Lowpoly_Environments/Sources/Textures/PT_Pine_Tree_01.png using Guid(47c82777887e3fc46bc141849b1b3ccb) Importer(2089858483,b0f066a214c2f5e87bad3c948f4d605d) (ScriptedImporter) -> (artifact id: '2c12846bb34df4f2f5677b91dae9d90e') in 0.0555977 seconds
Number of updated asset objects reloaded before import = 0Number of asset objects unloaded after import = 1

========================================================================
Received Import Request.
  Time since last request: 0.000106 seconds.
  path: Assets/Erufyta/Polytope Studio/Lowpoly_Environments/Sources/Textures/PT_Grass_01.png
  artifactKey: Guid(1b92b31acbcdce24ba9dc6d01dbc2e84) Importer(2089858483,b0f066a214c2f5e87bad3c948f4d605d)
Start importing Assets/Erufyta/Polytope Studio/Lowpoly_Environments/Sources/Textures/PT_Grass_01.png using Guid(1b92b31acbcdce24ba9dc6d01dbc2e84) Importer(2089858483,b0f066a214c2f5e87bad3c948f4d605d) (ScriptedImporter) -> (artifact id: '3576343a85d6bd2a93d34daf60d3fd83') in 0.1622919 seconds
Number of updated asset objects reloaded before import = 0Number of asset objects unloaded after import = 1

========================================================================
Received Import Request.
  Time since last request: 0.000075 seconds.
  path: Assets/Erufyta/Polytope Studio/Lowpoly_Environments/Prefabs/Trees/PT_Pine_Tree_03_dead.prefab
  artifactKey: Guid(c7827efbbf7212f42803476ce3f9d082) Importer(2089858483,b0f066a214c2f5e87bad3c948f4d605d)
Start importing Assets/Erufyta/Polytope Studio/Lowpoly_Environments/Prefabs/Trees/PT_Pine_Tree_03_dead.prefab using Guid(c7827efbbf7212f42803476ce3f9d082) Importer(2089858483,b0f066a214c2f5e87bad3c948f4d605d) (ScriptedImporter) -> (artifact id: 'e516c58e61e9edcb534bf156f3eee23f') in 0.0747342 seconds
Number of updated asset objects reloaded before import = 0Number of asset objects unloaded after import = 20

========================================================================
Received Import Request.
  Time since last request: 0.000062 seconds.
  path: Assets/Erufyta/Polytope Studio/Lowpoly_Environments/Prefabs/Trees/PT_Pine_Tree_03_dead_cut.prefab
  artifactKey: Guid(53e1939cdeda3f04caaa240bfd830e5e) Importer(2089858483,b0f066a214c2f5e87bad3c948f4d605d)
Start importing Assets/Erufyta/Polytope Studio/Lowpoly_Environments/Prefabs/Trees/PT_Pine_Tree_03_dead_cut.prefab using Guid(53e1939cdeda3f04caaa240bfd830e5e) Importer(2089858483,b0f066a214c2f5e87bad3c948f4d605d) (ScriptedImporter) -> (artifact id: '32d6e243a6c2985df9c7a285485dd7a8') in 0.087063 seconds
Number of updated asset objects reloaded before import = 0Number of asset objects unloaded after import = 8

========================================================================
Received Import Request.
  Time since last request: 0.000061 seconds.
  path: Assets/Erufyta/Polytope Studio/Lowpoly_Village/Sources/Textures/PT_texture.tga
  artifactKey: Guid(16357eda3fc18dd459a8218b92769643) Importer(2089858483,b0f066a214c2f5e87bad3c948f4d605d)
Start importing Assets/Erufyta/Polytope Studio/Lowpoly_Village/Sources/Textures/PT_texture.tga using Guid(16357eda3fc18dd459a8218b92769643) Importer(2089858483,b0f066a214c2f5e87bad3c948f4d605d) (ScriptedImporter) -> (artifact id: '9d65115c1c8c454a62435e858a5ad0ea') in 0.1141876 seconds
Number of updated asset objects reloaded before import = 0Number of asset objects unloaded after import = 1

========================================================================
Received Import Request.
  Time since last request: 0.000091 seconds.
  path: Assets/Erufyta/Polytope Studio/Lowpoly_Village/Sources/Meshes/Modular/Fence/PT_Modular_Fence_Wood_01.fbx
  artifactKey: Guid(ed920bad5318ee347ad3e34dd82e273f) Importer(2089858483,b0f066a214c2f5e87bad3c948f4d605d)
Start importing Assets/Erufyta/Polytope Studio/Lowpoly_Village/Sources/Meshes/Modular/Fence/PT_Modular_Fence_Wood_01.fbx using Guid(ed920bad5318ee347ad3e34dd82e273f) Importer(2089858483,b0f066a214c2f5e87bad3c948f4d605d) (ScriptedImporter) -> (artifact id: '1849d5c41b7d7f7dd8ccab1ea7883267') in 0.1365879 seconds
Number of updated asset objects reloaded before import = 0Number of asset objects unloaded after import = 9

========================================================================
Received Import Request.
  Time since last request: 0.000035 seconds.
  path: Assets/Erufyta/Polytope Studio/Lowpoly_Village/Sources/Meshes/Modular
  artifactKey: Guid(d8296f87fe19df9428b94eeb6cc479c3) Importer(2089858483,b0f066a214c2f5e87bad3c948f4d605d)
Start importing Assets/Erufyta/Polytope Studio/Lowpoly_Village/Sources/Meshes/Modular using Guid(d8296f87fe19df9428b94eeb6cc479c3) Importer(2089858483,b0f066a214c2f5e87bad3c948f4d605d) (ScriptedImporter) -> (artifact id: '553d7f51be5410ccbc02ee2450fed9e3') in 0.0328326 seconds
Number of updated asset objects reloaded before import = 0Number of asset objects unloaded after import = 1

========================================================================
Received Import Request.
  Time since last request: 0.000059 seconds.
  path: Assets/Erufyta/Polytope Studio/Lowpoly_Environments/Prefabs/Rocks/PT_Ore_Rock_01_split.prefab
  artifactKey: Guid(4202bcf0261b7184381139880446dfd6) Importer(2089858483,b0f066a214c2f5e87bad3c948f4d605d)
Start importing Assets/Erufyta/Polytope Studio/Lowpoly_Environments/Prefabs/Rocks/PT_Ore_Rock_01_split.prefab using Guid(4202bcf0261b7184381139880446dfd6) Importer(2089858483,b0f066a214c2f5e87bad3c948f4d605d) (ScriptedImporter) -> (artifact id: '56452dacd1e74b3889a53906fb0b8232') in 0.0557688 seconds
Number of updated asset objects reloaded before import = 0Number of asset objects unloaded after import = 20

========================================================================
Received Import Request.
  Time since last request: 0.000172 seconds.
  path: Assets/Erufyta/Polytope Studio/Lowpoly_Environments/Prefabs/Trees/PT_Fruit_Tree_01_plums.prefab
  artifactKey: Guid(367ab66e2689a8345a8fb8fd14a4f90c) Importer(2089858483,b0f066a214c2f5e87bad3c948f4d605d)
Start importing Assets/Erufyta/Polytope Studio/Lowpoly_Environments/Prefabs/Trees/PT_Fruit_Tree_01_plums.prefab using Guid(367ab66e2689a8345a8fb8fd14a4f90c) Importer(2089858483,b0f066a214c2f5e87bad3c948f4d605d) (ScriptedImporter) -> (artifact id: '802da8fc70a278575b755dc14f0bb1d6') in 0.0621481 seconds
Number of updated asset objects reloaded before import = 0Number of asset objects unloaded after import = 20

========================================================================
Received Import Request.
  Time since last request: 0.000083 seconds.
  path: Assets/Erufyta/Polytope Studio/Lowpoly_Environments/Sources/Meshes/Plants/PT_Grass_02.fbx
  artifactKey: Guid(8c71f03fcb0c13644a30696cafc5cda8) Importer(2089858483,b0f066a214c2f5e87bad3c948f4d605d)
Start importing Assets/Erufyta/Polytope Studio/Lowpoly_Environments/Sources/Meshes/Plants/PT_Grass_02.fbx using Guid(8c71f03fcb0c13644a30696cafc5cda8) Importer(2089858483,b0f066a214c2f5e87bad3c948f4d605d) (ScriptedImporter) -> (artifact id: '4ff0b12f441ded7496ec71a332b77bdc') in 0.0569149 seconds
Number of updated asset objects reloaded before import = 0Number of asset objects unloaded after import = 20

========================================================================
Received Import Request.
  Time since last request: 0.000074 seconds.
  path: Assets/Erufyta/Polytope Studio/Lowpoly_Village/Sources/Shaders
  artifactKey: Guid(38004d1b0c9563f4a9a518dcee0bb83d) Importer(2089858483,b0f066a214c2f5e87bad3c948f4d605d)
Start importing Assets/Erufyta/Polytope Studio/Lowpoly_Village/Sources/Shaders using Guid(38004d1b0c9563f4a9a518dcee0bb83d) Importer(2089858483,b0f066a214c2f5e87bad3c948f4d605d) (ScriptedImporter) -> (artifact id: '05599cdd20e025aeac65b1ef109d00ec') in 0.0334528 seconds
Number of updated asset objects reloaded before import = 0Number of asset objects unloaded after import = 1

========================================================================
Received Import Request.
  Time since last request: 0.000203 seconds.
  path: Assets/Erufyta/Polytope Studio/Lowpoly_Environments/Prefabs/Trees/PT_Pine_Tree_03_logs.prefab
  artifactKey: Guid(244ce2af788c0c346b86cbc0473811b0) Importer(2089858483,b0f066a214c2f5e87bad3c948f4d605d)
Start importing Assets/Erufyta/Polytope Studio/Lowpoly_Environments/Prefabs/Trees/PT_Pine_Tree_03_logs.prefab using Guid(244ce2af788c0c346b86cbc0473811b0) Importer(2089858483,b0f066a214c2f5e87bad3c948f4d605d) (ScriptedImporter) -> (artifact id: '0118519af59a035ef8558444c104ab14') in 0.081165 seconds
Number of updated asset objects reloaded before import = 0Number of asset objects unloaded after import = 8

========================================================================
Received Import Request.
  Time since last request: 0.000102 seconds.
  path: Assets/Erufyta/Polytope Studio/Lowpoly_Environments
  artifactKey: Guid(be41ee6ac43e67344981ef736f6e5ca2) Importer(2089858483,b0f066a214c2f5e87bad3c948f4d605d)
Start importing Assets/Erufyta/Polytope Studio/Lowpoly_Environments using Guid(be41ee6ac43e67344981ef736f6e5ca2) Importer(2089858483,b0f066a214c2f5e87bad3c948f4d605d) (ScriptedImporter) -> (artifact id: '4918be9e3e8f851550a2ef9140c40060') in 0.0428157 seconds
Number of updated asset objects reloaded before import = 0Number of asset objects unloaded after import = 1

========================================================================
Received Import Request.
  Time since last request: 0.000135 seconds.
  path: Assets/Erufyta/Polytope Studio/Lowpoly_Environments/URP/PT_Nature_Free_URP_17.unitypackage
  artifactKey: Guid(68d9417a84829c6459075121b8ac78bd) Importer(2089858483,b0f066a214c2f5e87bad3c948f4d605d)
Start importing Assets/Erufyta/Polytope Studio/Lowpoly_Environments/URP/PT_Nature_Free_URP_17.unitypackage using Guid(68d9417a84829c6459075121b8ac78bd) Importer(2089858483,b0f066a214c2f5e87bad3c948f4d605d) (ScriptedImporter) -> (artifact id: '468cab0af150355a40ff40af968453ec') in 0.0392084 seconds
Number of updated asset objects reloaded before import = 0Number of asset objects unloaded after import = 1

========================================================================
Received Import Request.
  Time since last request: 0.000113 seconds.
  path: Assets/Erufyta/Polytope Studio/Lowpoly_Environments/Sources/Materials/PT_Generic_Leaf_mat.mat
  artifactKey: Guid(aac20e0005fef5248bc0774a19a05e87) Importer(2089858483,b0f066a214c2f5e87bad3c948f4d605d)
Start importing Assets/Erufyta/Polytope Studio/Lowpoly_Environments/Sources/Materials/PT_Generic_Leaf_mat.mat using Guid(aac20e0005fef5248bc0774a19a05e87) Importer(2089858483,b0f066a214c2f5e87bad3c948f4d605d) (ScriptedImporter) -> (artifact id: '31e21eeb74b6753d90ffbc8de793e0dc') in 0.0348374 seconds
Number of updated asset objects reloaded before import = 0Number of asset objects unloaded after import = 1

========================================================================
Received Import Request.
  Time since last request: 0.000065 seconds.
  path: Assets/Erufyta/Polytope Studio/Lowpoly_Environments/Sources/Materials/PT_Pine_Tree_Trunk_Mat.mat
  artifactKey: Guid(f43a7dc4f39c5654a8211b83259e32a9) Importer(2089858483,b0f066a214c2f5e87bad3c948f4d605d)
Start importing Assets/Erufyta/Polytope Studio/Lowpoly_Environments/Sources/Materials/PT_Pine_Tree_Trunk_Mat.mat using Guid(f43a7dc4f39c5654a8211b83259e32a9) Importer(2089858483,b0f066a214c2f5e87bad3c948f4d605d) (ScriptedImporter) -> (artifact id: '68c3e69d2ad30bddc6a71ee4e66cb1e6') in 0.0574456 seconds
Number of updated asset objects reloaded before import = 0Number of asset objects unloaded after import = 2

========================================================================
Received Import Request.
  Time since last request: 0.000089 seconds.
  path: Assets/Erufyta/Polytope Studio/Lowpoly_Environments/Sources/Meshes/Mushrooms
  artifactKey: Guid(7a3bbc3a2bec9f747b42252d4c80a793) Importer(2089858483,b0f066a214c2f5e87bad3c948f4d605d)
Start importing Assets/Erufyta/Polytope Studio/Lowpoly_Environments/Sources/Meshes/Mushrooms using Guid(7a3bbc3a2bec9f747b42252d4c80a793) Importer(2089858483,b0f066a214c2f5e87bad3c948f4d605d) (ScriptedImporter) -> (artifact id: '59d4f2c3dc71436de54366381e50b3ef') in 0.0415226 seconds
Number of updated asset objects reloaded before import = 0Number of asset objects unloaded after import = 1

========================================================================
Received Import Request.
  Time since last request: 0.000047 seconds.
  path: Assets/Erufyta/Polytope Studio/Lowpoly_Environments/Sources/Materials/PT_Grass_Mat.mat
  artifactKey: Guid(09473d06882d1414b84b1fdb7a095516) Importer(2089858483,b0f066a214c2f5e87bad3c948f4d605d)
Start importing Assets/Erufyta/Polytope Studio/Lowpoly_Environments/Sources/Materials/PT_Grass_Mat.mat using Guid(09473d06882d1414b84b1fdb7a095516) Importer(2089858483,b0f066a214c2f5e87bad3c948f4d605d) (ScriptedImporter) -> (artifact id: '6fef1aaa785092590b66bd422b255738') in 0.0734653 seconds
Number of updated asset objects reloaded before import = 0Number of asset objects unloaded after import = 2

========================================================================
Received Import Request.
  Time since last request: 0.000066 seconds.
  path: Assets/Erufyta/Polytope Studio/Lowpoly_Environments/Sources/Textures/PT_Generic_Leaves_01.png
  artifactKey: Guid(55a083d549e055045948e2083099df16) Importer(2089858483,b0f066a214c2f5e87bad3c948f4d605d)
Start importing Assets/Erufyta/Polytope Studio/Lowpoly_Environments/Sources/Textures/PT_Generic_Leaves_01.png using Guid(55a083d549e055045948e2083099df16) Importer(2089858483,b0f066a214c2f5e87bad3c948f4d605d) (ScriptedImporter) -> (artifact id: 'd2a11ec248d2a923e27e9ab1161ae79f') in 0.0896272 seconds
Number of updated asset objects reloaded before import = 0Number of asset objects unloaded after import = 1

========================================================================
Received Import Request.
  Time since last request: 0.000078 seconds.
  path: Assets/Erufyta/Polytope Studio/Lowpoly_Environments/Sources/Textures/PT_Runes_02.png
  artifactKey: Guid(d329461fd2714384088c78ea5f4c2765) Importer(2089858483,b0f066a214c2f5e87bad3c948f4d605d)
Start importing Assets/Erufyta/Polytope Studio/Lowpoly_Environments/Sources/Textures/PT_Runes_02.png using Guid(d329461fd2714384088c78ea5f4c2765) Importer(2089858483,b0f066a214c2f5e87bad3c948f4d605d) (ScriptedImporter) -> (artifact id: '4dc5cd52368ef64583d21a65fb2f4cfd') in 0.0681436 seconds
Number of updated asset objects reloaded before import = 0Number of asset objects unloaded after import = 1

========================================================================
Received Import Request.
  Time since last request: 0.000113 seconds.
  path: Assets/Erufyta/Polytope Studio/Lowpoly_Environments/Sources
  artifactKey: Guid(50084c0ced59c5243b289606ec1aaa1d) Importer(2089858483,b0f066a214c2f5e87bad3c948f4d605d)
Start importing Assets/Erufyta/Polytope Studio/Lowpoly_Environments/Sources using Guid(50084c0ced59c5243b289606ec1aaa1d) Importer(2089858483,b0f066a214c2f5e87bad3c948f4d605d) (ScriptedImporter) -> (artifact id: '05106d4b028bb23eba7e3bdac56a19f7') in 0.0388395 seconds
Number of updated asset objects reloaded before import = 0Number of asset objects unloaded after import = 1

========================================================================
Received Import Request.
  Time since last request: 0.000127 seconds.
  path: Assets/Erufyta/Polytope Studio/Lowpoly_Environments/Prefabs/Trees/PT_Fruit_Tree_01_stump.prefab
  artifactKey: Guid(fb070a2d31206d9499ecc8a77be0ebf0) Importer(2089858483,b0f066a214c2f5e87bad3c948f4d605d)
Start importing Assets/Erufyta/Polytope Studio/Lowpoly_Environments/Prefabs/Trees/PT_Fruit_Tree_01_stump.prefab using Guid(fb070a2d31206d9499ecc8a77be0ebf0) Importer(2089858483,b0f066a214c2f5e87bad3c948f4d605d) (ScriptedImporter) -> (artifact id: '33b1d18d4a72f9222d4256aaa546de7f') in 0.0742342 seconds
Number of updated asset objects reloaded before import = 0Number of asset objects unloaded after import = 8

========================================================================
Received Import Request.
  Time since last request: 0.000046 seconds.
  path: Assets/Erufyta/Polytope Studio/Lowpoly_Environments/Sources/Textures/PT_Skybox_Texture_01.png
  artifactKey: Guid(d8b9a114dc91e7d4e9885d54ca9d957f) Importer(2089858483,b0f066a214c2f5e87bad3c948f4d605d)
Start importing Assets/Erufyta/Polytope Studio/Lowpoly_Environments/Sources/Textures/PT_Skybox_Texture_01.png using Guid(d8b9a114dc91e7d4e9885d54ca9d957f) Importer(2089858483,b0f066a214c2f5e87bad3c948f4d605d) (ScriptedImporter) -> (artifact id: '68d4f8683ed1ee16b6071a682723132b') in 0.1536526 seconds
Number of updated asset objects reloaded before import = 0Number of asset objects unloaded after import = 1

========================================================================
Received Import Request.
  Time since last request: 0.000140 seconds.
  path: Assets/Erufyta/Polytope Studio/Lowpoly_Environments/Prefabs/Plants
  artifactKey: Guid(9c17ca59c125f404a92f9cf48eab6dab) Importer(2089858483,b0f066a214c2f5e87bad3c948f4d605d)
Start importing Assets/Erufyta/Polytope Studio/Lowpoly_Environments/Prefabs/Plants using Guid(9c17ca59c125f404a92f9cf48eab6dab) Importer(2089858483,b0f066a214c2f5e87bad3c948f4d605d) (ScriptedImporter) -> (artifact id: '179d7a9e05440df758bab831c5eac3f7') in 0.0342257 seconds
Number of updated asset objects reloaded before import = 0Number of asset objects unloaded after import = 1

========================================================================
Received Import Request.
  Time since last request: 0.000069 seconds.
  path: Assets/Erufyta/Polytope Studio/Lowpoly_Environments/Prefabs/Trees/PT_Fruit_Tree_01_dead.prefab
  artifactKey: Guid(c6a512d95615f534cbe31aba1aaa354c) Importer(2089858483,b0f066a214c2f5e87bad3c948f4d605d)
Start importing Assets/Erufyta/Polytope Studio/Lowpoly_Environments/Prefabs/Trees/PT_Fruit_Tree_01_dead.prefab using Guid(c6a512d95615f534cbe31aba1aaa354c) Importer(2089858483,b0f066a214c2f5e87bad3c948f4d605d) (ScriptedImporter) -> (artifact id: '4af8e36945f0b886b0690e593f0fa1d9') in 0.0623902 seconds
Number of updated asset objects reloaded before import = 0Number of asset objects unloaded after import = 21

========================================================================
Received Import Request.
  Time since last request: 0.000168 seconds.
  path: Assets/Erufyta/Polytope Studio/Lowpoly_Environments/Prefabs/Mushrooms
  artifactKey: Guid(632a57aaa44e49240a71dacd26348c8d) Importer(2089858483,b0f066a214c2f5e87bad3c948f4d605d)
Start importing Assets/Erufyta/Polytope Studio/Lowpoly_Environments/Prefabs/Mushrooms using Guid(632a57aaa44e49240a71dacd26348c8d) Importer(2089858483,b0f066a214c2f5e87bad3c948f4d605d) (ScriptedImporter) -> (artifact id: '259cb001dd147e735febd42a5dec52bb') in 0.0341457 seconds
Number of updated asset objects reloaded before import = 0Number of asset objects unloaded after import = 1

========================================================================
Received Import Request.
  Time since last request: 0.000045 seconds.
  path: Assets/Erufyta/Polytope Studio/Lowpoly_Environments/Sources/Meshes/Rocks/PT_Ore_Rock_01.fbx
  artifactKey: Guid(a9129ae83f8faf646961b70c4b103833) Importer(2089858483,b0f066a214c2f5e87bad3c948f4d605d)
Start importing Assets/Erufyta/Polytope Studio/Lowpoly_Environments/Sources/Meshes/Rocks/PT_Ore_Rock_01.fbx using Guid(a9129ae83f8faf646961b70c4b103833) Importer(2089858483,b0f066a214c2f5e87bad3c948f4d605d) (ScriptedImporter) -> (artifact id: '4d143e43f584c4e54d2dd9d4050d3618') in 0.0978168 seconds
Number of updated asset objects reloaded before import = 0Number of asset objects unloaded after import = 20

========================================================================
Received Import Request.
  Time since last request: 0.000145 seconds.
  path: Assets/Erufyta/Polytope Studio/Lowpoly_Environments/Sources/Materials/PT_Generic_Tree_Trunk_mat.mat
  artifactKey: Guid(e6ce4253a748b0849a04b87f33cc539d) Importer(2089858483,b0f066a214c2f5e87bad3c948f4d605d)
Start importing Assets/Erufyta/Polytope Studio/Lowpoly_Environments/Sources/Materials/PT_Generic_Tree_Trunk_mat.mat using Guid(e6ce4253a748b0849a04b87f33cc539d) Importer(2089858483,b0f066a214c2f5e87bad3c948f4d605d) (ScriptedImporter) -> (artifact id: '54c4bc7addb0878a8354fd7552867eba') in 0.0427759 seconds
Number of updated asset objects reloaded before import = 0Number of asset objects unloaded after import = 2

========================================================================
Received Import Request.
  Time since last request: 0.000119 seconds.
  path: Assets/Erufyta/Polytope Studio/Lowpoly_Environments/Sources/Meshes/Plants
  artifactKey: Guid(7201153531db4b04e8c60b3351b1d959) Importer(2089858483,b0f066a214c2f5e87bad3c948f4d605d)
Start importing Assets/Erufyta/Polytope Studio/Lowpoly_Environments/Sources/Meshes/Plants using Guid(7201153531db4b04e8c60b3351b1d959) Importer(2089858483,b0f066a214c2f5e87bad3c948f4d605d) (ScriptedImporter) -> (artifact id: '69e2e04b86bd8e02f7c91037406a62d1') in 0.0264186 seconds
Number of updated asset objects reloaded before import = 0Number of asset objects unloaded after import = 1

========================================================================
Received Import Request.
  Time since last request: 0.000050 seconds.
  path: Assets/Erufyta/Polytope Studio/Lowpoly_Village/Sources
  artifactKey: Guid(db696abb7e2d76c409c7c5cdb95101a0) Importer(2089858483,b0f066a214c2f5e87bad3c948f4d605d)
Start importing Assets/Erufyta/Polytope Studio/Lowpoly_Village/Sources using Guid(db696abb7e2d76c409c7c5cdb95101a0) Importer(2089858483,b0f066a214c2f5e87bad3c948f4d605d) (ScriptedImporter) -> (artifact id: '97200fa71358e0fce98754fc6161e880') in 0.0349672 seconds
Number of updated asset objects reloaded before import = 0Number of asset objects unloaded after import = 1

========================================================================
Received Import Request.
  Time since last request: 0.000099 seconds.
  path: Assets/Erufyta/Polytope Studio/Lowpoly_Environments/Prefabs/Rocks/PT_River_Rock_Pile_02.prefab
  artifactKey: Guid(bee651b89d6b3ef48b19cfe8a4c9fa42) Importer(2089858483,b0f066a214c2f5e87bad3c948f4d605d)
Start importing Assets/Erufyta/Polytope Studio/Lowpoly_Environments/Prefabs/Rocks/PT_River_Rock_Pile_02.prefab using Guid(bee651b89d6b3ef48b19cfe8a4c9fa42) Importer(2089858483,b0f066a214c2f5e87bad3c948f4d605d) (ScriptedImporter) -> (artifact id: '4ee5e04bc6556b833aa2a9142edc1290') in 0.0562068 seconds
Number of updated asset objects reloaded before import = 0Number of asset objects unloaded after import = 20

========================================================================
Received Import Request.
  Time since last request: 0.000095 seconds.
  path: Assets/Erufyta/Polytope Studio/Lowpoly_Environments/Sources/Meshes/Shrubs
  artifactKey: Guid(372b3a07e412e84429b47816bcf7d59b) Importer(2089858483,b0f066a214c2f5e87bad3c948f4d605d)
Start importing Assets/Erufyta/Polytope Studio/Lowpoly_Environments/Sources/Meshes/Shrubs using Guid(372b3a07e412e84429b47816bcf7d59b) Importer(2089858483,b0f066a214c2f5e87bad3c948f4d605d) (ScriptedImporter) -> (artifact id: '16996d44f3e5ffd85099b3ccc05107d4') in 0.0310849 seconds
Number of updated asset objects reloaded before import = 0Number of asset objects unloaded after import = 1

========================================================================
Received Import Request.
  Time since last request: 0.000043 seconds.
  path: Assets/Erufyta/Polytope Studio/Lowpoly_Environments/Prefabs/Shrubs/PT_Generic_Shrub_01_green.prefab
  artifactKey: Guid(ef8374d642969b14baa54045236c5fb0) Importer(2089858483,b0f066a214c2f5e87bad3c948f4d605d)
Start importing Assets/Erufyta/Polytope Studio/Lowpoly_Environments/Prefabs/Shrubs/PT_Generic_Shrub_01_green.prefab using Guid(ef8374d642969b14baa54045236c5fb0) Importer(2089858483,b0f066a214c2f5e87bad3c948f4d605d) (ScriptedImporter) -> (artifact id: '806ecf7282a086c8e24f62a8b83431c5') in 0.0773493 seconds
Number of updated asset objects reloaded before import = 0Number of asset objects unloaded after import = 20

========================================================================
Received Import Request.
  Time since last request: 0.000054 seconds.
  path: Assets/Erufyta/Polytope Studio/Lowpoly_Environments/Sources/Materials/PT_Terrain_mat.mat
  artifactKey: Guid(48c26796e9175d14a9b2eccded92bb92) Importer(2089858483,b0f066a214c2f5e87bad3c948f4d605d)
Start importing Assets/Erufyta/Polytope Studio/Lowpoly_Environments/Sources/Materials/PT_Terrain_mat.mat using Guid(48c26796e9175d14a9b2eccded92bb92) Importer(2089858483,b0f066a214c2f5e87bad3c948f4d605d) (ScriptedImporter) -> (artifact id: '9024403cb3df29bc9be817c34ed4ac4d') in 0.0733682 seconds
Number of updated asset objects reloaded before import = 0Number of asset objects unloaded after import = 1

========================================================================
Received Import Request.
  Time since last request: 0.000067 seconds.
  path: Assets/Erufyta/Polytope Studio/Lowpoly_Environments/Sources/Meshes/Mushrooms/PT_Caesars_Mushroom_01.fbx
  artifactKey: Guid(2ec966d90911a454c9760fa28789a4f8) Importer(2089858483,b0f066a214c2f5e87bad3c948f4d605d)
Start importing Assets/Erufyta/Polytope Studio/Lowpoly_Environments/Sources/Meshes/Mushrooms/PT_Caesars_Mushroom_01.fbx using Guid(2ec966d90911a454c9760fa28789a4f8) Importer(2089858483,b0f066a214c2f5e87bad3c948f4d605d) (ScriptedImporter) -> (artifact id: 'f5cd6a8f0167dd7a6110ab9b8e564a45') in 0.1354516 seconds
Number of updated asset objects reloaded before import = 0Number of asset objects unloaded after import = 8

========================================================================
Received Import Request.
  Time since last request: 0.000090 seconds.
  path: Assets/Erufyta/Polytope Studio/Lowpoly_Environments/Prefabs/Rocks/PT_Generic_Rock_01.prefab
  artifactKey: Guid(58cd8dc8c2359174baa15aa31e302c8b) Importer(2089858483,b0f066a214c2f5e87bad3c948f4d605d)
Start importing Assets/Erufyta/Polytope Studio/Lowpoly_Environments/Prefabs/Rocks/PT_Generic_Rock_01.prefab using Guid(58cd8dc8c2359174baa15aa31e302c8b) Importer(2089858483,b0f066a214c2f5e87bad3c948f4d605d) (ScriptedImporter) -> (artifact id: 'b33323a47004cb41b94106f30e892b3f') in 0.1318979 seconds
Number of updated asset objects reloaded before import = 0Number of asset objects unloaded after import = 20

========================================================================
Received Import Request.
  Time since last request: 0.000132 seconds.
  path: Assets/Erufyta/Polytope Studio/Lowpoly_Village/Sources/Textures/PT_Medieval_Buildings_Texture_01.png
  artifactKey: Guid(34892be16c52f1948b4b5666052d6bf5) Importer(2089858483,b0f066a214c2f5e87bad3c948f4d605d)
Start importing Assets/Erufyta/Polytope Studio/Lowpoly_Village/Sources/Textures/PT_Medieval_Buildings_Texture_01.png using Guid(34892be16c52f1948b4b5666052d6bf5) Importer(2089858483,b0f066a214c2f5e87bad3c948f4d605d) (ScriptedImporter) -> (artifact id: '32da2fe42c8f910716353b8805992ce0') in 0.2012274 seconds
Number of updated asset objects reloaded before import = 0Number of asset objects unloaded after import = 1

========================================================================
Received Import Request.
  Time since last request: 0.000204 seconds.
  path: Assets/Erufyta/Polytope Studio/Lowpoly_Environments/Prefabs/Trees/PT_Pine_Tree_03_stump.prefab
  artifactKey: Guid(c8b350551fbedc84c8025d7d29f3a018) Importer(2089858483,b0f066a214c2f5e87bad3c948f4d605d)
Start importing Assets/Erufyta/Polytope Studio/Lowpoly_Environments/Prefabs/Trees/PT_Pine_Tree_03_stump.prefab using Guid(c8b350551fbedc84c8025d7d29f3a018) Importer(2089858483,b0f066a214c2f5e87bad3c948f4d605d) (ScriptedImporter) -> (artifact id: '09e6c49490c05f8fb0d2bd00bcf79eee') in 0.3021488 seconds
Number of updated asset objects reloaded before import = 0Number of asset objects unloaded after import = 8

========================================================================
Received Import Request.
  Time since last request: 0.000077 seconds.
  path: Assets/Erufyta/Polytope Studio/Lowpoly_Environments/Sources/Shaders/PT_Water_Shader.shader
  artifactKey: Guid(39cf68574afc7f248bd78a99c3800e00) Importer(2089858483,b0f066a214c2f5e87bad3c948f4d605d)
Start importing Assets/Erufyta/Polytope Studio/Lowpoly_Environments/Sources/Shaders/PT_Water_Shader.shader using Guid(39cf68574afc7f248bd78a99c3800e00) Importer(2089858483,b0f066a214c2f5e87bad3c948f4d605d) (ScriptedImporter) -> (artifact id: '395a26eea8802f45b722beb1b565779c') in 0.3746946 seconds
Number of updated asset objects reloaded before import = 0Number of asset objects unloaded after import = 1

========================================================================
Received Import Request.
  Time since last request: 0.000123 seconds.
  path: Assets/Erufyta/Polytope Studio/Lowpoly_Environments/Sources/Shaders/PT_Vegetation_Flowers_Shader.shader
  artifactKey: Guid(69e2e8c890f00e04e945ccd10e764372) Importer(2089858483,b0f066a214c2f5e87bad3c948f4d605d)
Start importing Assets/Erufyta/Polytope Studio/Lowpoly_Environments/Sources/Shaders/PT_Vegetation_Flowers_Shader.shader using Guid(69e2e8c890f00e04e945ccd10e764372) Importer(2089858483,b0f066a214c2f5e87bad3c948f4d605d) (ScriptedImporter) -> (artifact id: '2ec02a906e5a01ca0a1a4820f4a54b8f') in 0.0449682 seconds
Number of updated asset objects reloaded before import = 0Number of asset objects unloaded after import = 1

========================================================================
Received Import Request.
  Time since last request: 0.000040 seconds.
  path: Assets/Erufyta/Polytope Studio/Lowpoly_Environments/Sources/Meshes/Trees/PT_Pine_Tree_03_stump.fbx
  artifactKey: Guid(13bd9962aed9bef41bc2dd73a559c317) Importer(2089858483,b0f066a214c2f5e87bad3c948f4d605d)
Start importing Assets/Erufyta/Polytope Studio/Lowpoly_Environments/Sources/Meshes/Trees/PT_Pine_Tree_03_stump.fbx using Guid(13bd9962aed9bef41bc2dd73a559c317) Importer(2089858483,b0f066a214c2f5e87bad3c948f4d605d) (ScriptedImporter) -> (artifact id: 'b192a7fdf6927415bd65e76b0a761c9d') in 0.0558742 seconds
Number of updated asset objects reloaded before import = 0Number of asset objects unloaded after import = 8

========================================================================
Received Import Request.
  Time since last request: 0.000407 seconds.
  path: Assets/Erufyta/Polytope Studio/Lowpoly_Village/Prefabs/Modular/Fence/PT_Modular_Fence_Wood_02.prefab
  artifactKey: Guid(ae358aa425fe140409d8a560f4492730) Importer(2089858483,b0f066a214c2f5e87bad3c948f4d605d)
Start importing Assets/Erufyta/Polytope Studio/Lowpoly_Village/Prefabs/Modular/Fence/PT_Modular_Fence_Wood_02.prefab using Guid(ae358aa425fe140409d8a560f4492730) Importer(2089858483,b0f066a214c2f5e87bad3c948f4d605d) (ScriptedImporter) -> (artifact id: '74e210a02bc421a19d90eb86ca9b0296') in 0.0984694 seconds
Number of updated asset objects reloaded before import = 0Number of asset objects unloaded after import = 9

========================================================================
Received Import Request.
  Time since last request: 0.000094 seconds.
  path: Assets/Erufyta/Polytope Studio/Lowpoly_Environments/Sources/Meshes/Trees/PT_Pine_Tree_03_dead.fbx
  artifactKey: Guid(021e9eaa88033da4c94bcdeddffe6562) Importer(2089858483,b0f066a214c2f5e87bad3c948f4d605d)
Start importing Assets/Erufyta/Polytope Studio/Lowpoly_Environments/Sources/Meshes/Trees/PT_Pine_Tree_03_dead.fbx using Guid(021e9eaa88033da4c94bcdeddffe6562) Importer(2089858483,b0f066a214c2f5e87bad3c948f4d605d) (ScriptedImporter) -> (artifact id: '6037a2dd4952cc35e57a97a25f7854e5') in 0.0662574 seconds
Number of updated asset objects reloaded before import = 0Number of asset objects unloaded after import = 20

========================================================================
Received Import Request.
  Time since last request: 0.000087 seconds.
  path: Assets/Erufyta/Polytope Studio/Lowpoly_Environments/Sources/Materials/PT_Fruit_Tree_Foliage_Mat.mat
  artifactKey: Guid(0a1f44318dd467a45bfef81ad0e8855a) Importer(2089858483,b0f066a214c2f5e87bad3c948f4d605d)
Start importing Assets/Erufyta/Polytope Studio/Lowpoly_Environments/Sources/Materials/PT_Fruit_Tree_Foliage_Mat.mat using Guid(0a1f44318dd467a45bfef81ad0e8855a) Importer(2089858483,b0f066a214c2f5e87bad3c948f4d605d) (ScriptedImporter) -> (artifact id: '5b559f91834ce2a1a40aac485a542895') in 0.0562671 seconds
Number of updated asset objects reloaded before import = 0Number of asset objects unloaded after import = 2

========================================================================
Received Import Request.
  Time since last request: 0.000067 seconds.
  path: Assets/Erufyta/Polytope Studio/Lowpoly_Village/Sources/Textures/PT_Medieval_Buildings_Texture_01mask2.png
  artifactKey: Guid(da4b5e2c1255f2e40bad4bd005f99f2c) Importer(2089858483,b0f066a214c2f5e87bad3c948f4d605d)
Start importing Assets/Erufyta/Polytope Studio/Lowpoly_Village/Sources/Textures/PT_Medieval_Buildings_Texture_01mask2.png using Guid(da4b5e2c1255f2e40bad4bd005f99f2c) Importer(2089858483,b0f066a214c2f5e87bad3c948f4d605d) (ScriptedImporter) -> (artifact id: 'd92cb204e6062884a5129114e3222d9c') in 0.0889371 seconds
Number of updated asset objects reloaded before import = 0Number of asset objects unloaded after import = 1

========================================================================
Received Import Request.
  Time since last request: 0.000054 seconds.
  path: Assets/Erufyta/Polytope Studio/Lowpoly_Village/Sources/Meshes/Modular/Fence
  artifactKey: Guid(3a80f621645a05340824ecc31bbef546) Importer(2089858483,b0f066a214c2f5e87bad3c948f4d605d)
Start importing Assets/Erufyta/Polytope Studio/Lowpoly_Village/Sources/Meshes/Modular/Fence using Guid(3a80f621645a05340824ecc31bbef546) Importer(2089858483,b0f066a214c2f5e87bad3c948f4d605d) (ScriptedImporter) -> (artifact id: '9ed13052730da4641725feeacaa72806') in 0.0500957 seconds
Number of updated asset objects reloaded before import = 0Number of asset objects unloaded after import = 1

========================================================================
Received Import Request.
  Time since last request: 0.000053 seconds.
  path: Assets/Erufyta/Polytope Studio/Lowpoly_Village/Prefabs/Modular/Bridge/PT_Wooden_Bridge_02.prefab
  artifactKey: Guid(46f8d17b9eeef754ebc1008196f84bdd) Importer(2089858483,b0f066a214c2f5e87bad3c948f4d605d)
Start importing Assets/Erufyta/Polytope Studio/Lowpoly_Village/Prefabs/Modular/Bridge/PT_Wooden_Bridge_02.prefab using Guid(46f8d17b9eeef754ebc1008196f84bdd) Importer(2089858483,b0f066a214c2f5e87bad3c948f4d605d) (ScriptedImporter) -> (artifact id: '22b4d30a418d052ac8954eee2038d0e4') in 0.079062 seconds
Number of updated asset objects reloaded before import = 0Number of asset objects unloaded after import = 17

========================================================================
Received Import Request.
  Time since last request: 0.000056 seconds.
  path: Assets/Erufyta/Polytope Studio/Lowpoly_Environments/Sources/Meshes/Trees/PT_Fruit_Tree_01_apples.fbx
  artifactKey: Guid(fb0559a36ae9650449b6e3c26d5076a5) Importer(2089858483,b0f066a214c2f5e87bad3c948f4d605d)
Start importing Assets/Erufyta/Polytope Studio/Lowpoly_Environments/Sources/Meshes/Trees/PT_Fruit_Tree_01_apples.fbx using Guid(fb0559a36ae9650449b6e3c26d5076a5) Importer(2089858483,b0f066a214c2f5e87bad3c948f4d605d) (ScriptedImporter) -> (artifact id: '653884752d9647f1f7a32e8a1f1f5875') in 0.0641507 seconds
Number of updated asset objects reloaded before import = 0Number of asset objects unloaded after import = 20

========================================================================
Received Import Request.
  Time since last request: 0.000085 seconds.
  path: Assets/Erufyta/Polytope Studio/Lowpoly_Environments/Prefabs/Flowers/PT_Poppy_02.prefab
  artifactKey: Guid(f593bc20677ebf14abd27a4853408c68) Importer(2089858483,b0f066a214c2f5e87bad3c948f4d605d)
Start importing Assets/Erufyta/Polytope Studio/Lowpoly_Environments/Prefabs/Flowers/PT_Poppy_02.prefab using Guid(f593bc20677ebf14abd27a4853408c68) Importer(2089858483,b0f066a214c2f5e87bad3c948f4d605d) (ScriptedImporter) -> (artifact id: 'ba5ec31a155bc1a77bab91385e0016c2') in 0.0529117 seconds
Number of updated asset objects reloaded before import = 0Number of asset objects unloaded after import = 20

========================================================================
Received Import Request.
  Time since last request: 0.000085 seconds.
  path: Assets/Erufyta/Polytope Studio/Lowpoly_Village/Sources/Shaders/PT_Buildings_Shader_PBR.shader
  artifactKey: Guid(255b400e6b8ac644588946664da1ff3f) Importer(2089858483,b0f066a214c2f5e87bad3c948f4d605d)
Start importing Assets/Erufyta/Polytope Studio/Lowpoly_Village/Sources/Shaders/PT_Buildings_Shader_PBR.shader using Guid(255b400e6b8ac644588946664da1ff3f) Importer(2089858483,b0f066a214c2f5e87bad3c948f4d605d) (ScriptedImporter) -> (artifact id: 'd8558c1e8e158bf638c954fc1e35741a') in 0.0484013 seconds
Number of updated asset objects reloaded before import = 0Number of asset objects unloaded after import = 1

========================================================================
Received Import Request.
  Time since last request: 0.000028 seconds.
  path: Assets/Erufyta/Polytope Studio/Lowpoly_Environments/Sources/Materials/PT_Pine_Tree_Leaves_Mat.mat
  artifactKey: Guid(823cb446423dd7747b7454d5cf133e75) Importer(2089858483,b0f066a214c2f5e87bad3c948f4d605d)
Start importing Assets/Erufyta/Polytope Studio/Lowpoly_Environments/Sources/Materials/PT_Pine_Tree_Leaves_Mat.mat using Guid(823cb446423dd7747b7454d5cf133e75) Importer(2089858483,b0f066a214c2f5e87bad3c948f4d605d) (ScriptedImporter) -> (artifact id: 'd3b2c62035faee2cec39ffa8aaef3657') in 0.0489899 seconds
Number of updated asset objects reloaded before import = 0Number of asset objects unloaded after import = 2

========================================================================
Received Import Request.
  Time since last request: 0.000087 seconds.
  path: Assets/Erufyta/Polytope Studio/Lowpoly_Village/Sources/Meshes/Modular/Fence/PT_Modular_Fence_Wood_02.fbx
  artifactKey: Guid(b67d2b761d3397348831d776dbb33e03) Importer(2089858483,b0f066a214c2f5e87bad3c948f4d605d)
Start importing Assets/Erufyta/Polytope Studio/Lowpoly_Village/Sources/Meshes/Modular/Fence/PT_Modular_Fence_Wood_02.fbx using Guid(b67d2b761d3397348831d776dbb33e03) Importer(2089858483,b0f066a214c2f5e87bad3c948f4d605d) (ScriptedImporter) -> (artifact id: '42b4a29b20ccd5dbf8fbe87049366e79') in 0.0576563 seconds
Number of updated asset objects reloaded before import = 0Number of asset objects unloaded after import = 9

========================================================================
Received Import Request.
  Time since last request: 0.000043 seconds.
  path: Assets/Erufyta/Polytope Studio/Lowpoly_Environments/Prefabs/Plants/PT_Grass_02.prefab
  artifactKey: Guid(6cdd667aa0034cd4dadc8d58a65fb098) Importer(2089858483,b0f066a214c2f5e87bad3c948f4d605d)
Start importing Assets/Erufyta/Polytope Studio/Lowpoly_Environments/Prefabs/Plants/PT_Grass_02.prefab using Guid(6cdd667aa0034cd4dadc8d58a65fb098) Importer(2089858483,b0f066a214c2f5e87bad3c948f4d605d) (ScriptedImporter) -> (artifact id: '454d8181c6d08b30104db1f1f3cf453f') in 0.0586131 seconds
Number of updated asset objects reloaded before import = 0Number of asset objects unloaded after import = 20

========================================================================
Received Import Request.
  Time since last request: 0.000139 seconds.
  path: Assets/Erufyta/Polytope Studio/Lowpoly_Environments/Sources/Shaders
  artifactKey: Guid(14ce2d65946738f43a28d751e95a91c2) Importer(2089858483,b0f066a214c2f5e87bad3c948f4d605d)
Start importing Assets/Erufyta/Polytope Studio/Lowpoly_Environments/Sources/Shaders using Guid(14ce2d65946738f43a28d751e95a91c2) Importer(2089858483,b0f066a214c2f5e87bad3c948f4d605d) (ScriptedImporter) -> (artifact id: '9275b0d32587ae4663326f62fac15d59') in 0.0236477 seconds
Number of updated asset objects reloaded before import = 0Number of asset objects unloaded after import = 1

========================================================================
Received Import Request.
  Time since last request: 0.000104 seconds.
  path: Assets/Erufyta/Polytope Studio/Lowpoly_Environments/Sources/Meshes/Trees/PT_Fruit_Tree_01_dead.fbx
  artifactKey: Guid(3ebf65d3a6489594ca09a35d85d43b0a) Importer(2089858483,b0f066a214c2f5e87bad3c948f4d605d)
Start importing Assets/Erufyta/Polytope Studio/Lowpoly_Environments/Sources/Meshes/Trees/PT_Fruit_Tree_01_dead.fbx using Guid(3ebf65d3a6489594ca09a35d85d43b0a) Importer(2089858483,b0f066a214c2f5e87bad3c948f4d605d) (ScriptedImporter) -> (artifact id: '9c14c957017bcc12da726f6ab4186c74') in 0.0774764 seconds
Number of updated asset objects reloaded before import = 0Number of asset objects unloaded after import = 20

========================================================================
Received Import Request.
  Time since last request: 0.000092 seconds.
  path: Assets/Erufyta/Polytope Studio/Lowpoly_Environments/Sources/Textures/PT_Water_NM_01.png
  artifactKey: Guid(a78adb8868cccbe4a92d9d81db916e6e) Importer(2089858483,b0f066a214c2f5e87bad3c948f4d605d)
Start importing Assets/Erufyta/Polytope Studio/Lowpoly_Environments/Sources/Textures/PT_Water_NM_01.png using Guid(a78adb8868cccbe4a92d9d81db916e6e) Importer(2089858483,b0f066a214c2f5e87bad3c948f4d605d) (ScriptedImporter) -> (artifact id: '6f48589c74915c3de2e9fc2fa62b9cc0') in 0.0546214 seconds
Number of updated asset objects reloaded before import = 0Number of asset objects unloaded after import = 1

========================================================================
Received Import Request.
  Time since last request: 0.000035 seconds.
  path: Assets/Erufyta/Polytope Studio/Lowpoly_Environments/Sources/Meshes/Shrubs/PT_Generic_Shrub_01_dead.fbx
  artifactKey: Guid(0101712be5ca1c7449afe15d548c8817) Importer(2089858483,b0f066a214c2f5e87bad3c948f4d605d)
Start importing Assets/Erufyta/Polytope Studio/Lowpoly_Environments/Sources/Meshes/Shrubs/PT_Generic_Shrub_01_dead.fbx using Guid(0101712be5ca1c7449afe15d548c8817) Importer(2089858483,b0f066a214c2f5e87bad3c948f4d605d) (ScriptedImporter) -> (artifact id: 'e52a76dd604e0581bcff98a98f5fb7f1') in 0.0640536 seconds
Number of updated asset objects reloaded before import = 0Number of asset objects unloaded after import = 20

========================================================================
Received Import Request.
  Time since last request: 0.000194 seconds.
  path: Assets/Erufyta/Polytope Studio/Lowpoly_Village/Prefabs/Modular/Fence/PT_Modular_Fence_Wood_03.prefab
  artifactKey: Guid(2c59246f075efff4eacdd481ad75421a) Importer(2089858483,b0f066a214c2f5e87bad3c948f4d605d)
Start importing Assets/Erufyta/Polytope Studio/Lowpoly_Village/Prefabs/Modular/Fence/PT_Modular_Fence_Wood_03.prefab using Guid(2c59246f075efff4eacdd481ad75421a) Importer(2089858483,b0f066a214c2f5e87bad3c948f4d605d) (ScriptedImporter) -> (artifact id: '2972ee4ed92f46b1c2086182db21a210') in 0.0627907 seconds
Number of updated asset objects reloaded before import = 0Number of asset objects unloaded after import = 9

========================================================================
Received Import Request.
  Time since last request: 0.000105 seconds.
  path: Assets/Erufyta/Polytope Studio/Lowpoly_Environments/Sources/Shaders/PT_Vegetation_Foliage_Shader.shader
  artifactKey: Guid(77e1a76a38ecd5a46a270afb12894dd5) Importer(2089858483,b0f066a214c2f5e87bad3c948f4d605d)
Start importing Assets/Erufyta/Polytope Studio/Lowpoly_Environments/Sources/Shaders/PT_Vegetation_Foliage_Shader.shader using Guid(77e1a76a38ecd5a46a270afb12894dd5) Importer(2089858483,b0f066a214c2f5e87bad3c948f4d605d) (ScriptedImporter) -> (artifact id: 'b94b0682381f5d8c8683fde4f1eeac41') in 0.0313292 seconds
Number of updated asset objects reloaded before import = 0Number of asset objects unloaded after import = 1

========================================================================
Received Import Request.
  Time since last request: 0.001452 seconds.
  path: Assets/Erufyta/Polytope Studio/Lowpoly_Environments/Prefabs/Trees/PT_Fruit_Tree_01_logs.prefab
  artifactKey: Guid(c0c32672766a81647b04690fc9ed3595) Importer(2089858483,b0f066a214c2f5e87bad3c948f4d605d)
Start importing Assets/Erufyta/Polytope Studio/Lowpoly_Environments/Prefabs/Trees/PT_Fruit_Tree_01_logs.prefab using Guid(c0c32672766a81647b04690fc9ed3595) Importer(2089858483,b0f066a214c2f5e87bad3c948f4d605d) (ScriptedImporter) -> (artifact id: 'd87dbee34ce8485115df7aa7967d8889') in 0.089032 seconds
Number of updated asset objects reloaded before import = 0Number of asset objects unloaded after import = 8

========================================================================
Received Prepare
'Packages/com.unity.cinemachine/Editor/Obsolete/CinemachineVirtualCameraBaseEditor.cs' contains partial class of Unity.Object, exactly 1 of the partial classes needs to be in a file with the same filename. This is to know the one that can be referenced from ie. GameObjects
'Packages/com.unity.cinemachine/Editor/Editors/CinemachineVirtualCameraBaseEditor.cs' contains partial class of Unity.Object, exactly 1 of the partial classes needs to be in a file with the same filename. This is to know the one that can be referenced from ie. GameObjects
Refreshing native plugins compatible for Editor in 3.49 ms, found 3 plugins.
Preloading 0 native plugins for Editor in 0.00 ms.
Unloading 22 Unused Serialized files (Serialized files now loaded: 0)
Unloading 6792 unused Assets / (5.9 MB). Loaded Objects now: 7651.
Memory consumption went from 172.3 MB to 166.4 MB.
Total: 266.621800 ms (FindLiveObjects: 4.442900 ms CreateObjectMapping: 2.139900 ms MarkObjects: 248.501600 ms  DeleteObjects: 11.535200 ms)

Prepare: number of updated asset objects reloaded= 0
========================================================================
Received Import Request.
  Time since last request: 211.141236 seconds.
  path: Assets/Erufyta/StarterAssets/Environment/Art/Textures/Grid_02_BaseMap.png
  artifactKey: Guid(d9c0dd5cdac07b145be73329e489869a) Importer(2089858483,b0f066a214c2f5e87bad3c948f4d605d)
Start importing Assets/Erufyta/StarterAssets/Environment/Art/Textures/Grid_02_BaseMap.png using Guid(d9c0dd5cdac07b145be73329e489869a) Importer(2089858483,b0f066a214c2f5e87bad3c948f4d605d) (ScriptedImporter) -> (artifact id: '86facc8a6d316adf6dbc63997bedb883') in 0.1039181 seconds
Number of updated asset objects reloaded before import = 0Number of asset objects unloaded after import = 1

========================================================================
Received Import Request.
  Time since last request: 0.000064 seconds.
  path: Assets/Erufyta/StarterAssets/TutorialInfo
  artifactKey: Guid(b3666c4e28d1eda44b016842185a972b) Importer(2089858483,b0f066a214c2f5e87bad3c948f4d605d)
Start importing Assets/Erufyta/StarterAssets/TutorialInfo using Guid(b3666c4e28d1eda44b016842185a972b) Importer(2089858483,b0f066a214c2f5e87bad3c948f4d605d) (ScriptedImporter) -> (artifact id: '5d1c3b83f8bf12c278bce95f51e4834e') in 0.0205249 seconds
Number of updated asset objects reloaded before import = 0Number of asset objects unloaded after import = 1

========================================================================
Received Import Request.
  Time since last request: 0.000026 seconds.
  path: Assets/Erufyta/StarterAssets/InputSystem/StarterAssetsInputs.cs
  artifactKey: Guid(e087ecce43ebbff45a1b360637807d93) Importer(2089858483,b0f066a214c2f5e87bad3c948f4d605d)
Start importing Assets/Erufyta/StarterAssets/InputSystem/StarterAssetsInputs.cs using Guid(e087ecce43ebbff45a1b360637807d93) Importer(2089858483,b0f066a214c2f5e87bad3c948f4d605d) (ScriptedImporter) -> (artifact id: '78feeee1b7f8485b62c11b03d3316dc9') in 0.0530427 seconds
Number of updated asset objects reloaded before import = 0Number of asset objects unloaded after import = 0

========================================================================
Received Import Request.
  Time since last request: 0.000028 seconds.
  path: Assets/Erufyta/StarterAssets/FirstPersonController/Scenes/Playground/LightingData.asset
  artifactKey: Guid(2690b0834b22e2940b40018922228eb6) Importer(2089858483,b0f066a214c2f5e87bad3c948f4d605d)
Start importing Assets/Erufyta/StarterAssets/FirstPersonController/Scenes/Playground/LightingData.asset using Guid(2690b0834b22e2940b40018922228eb6) Importer(2089858483,b0f066a214c2f5e87bad3c948f4d605d) (ScriptedImporter) -> (artifact id: '096917f2bcdea20cfb434aee73bc6489') in 0.0370143 seconds
Number of updated asset objects reloaded before import = 0Number of asset objects unloaded after import = 2

========================================================================
Received Import Request.
  Time since last request: 0.000056 seconds.
  path: Assets/Erufyta/StarterAssets/Environment/Art/Materials/GridWhite_01_Mat.mat
  artifactKey: Guid(dbf898c9f9c4a2d46aa6336e23caeb61) Importer(2089858483,b0f066a214c2f5e87bad3c948f4d605d)
Start importing Assets/Erufyta/StarterAssets/Environment/Art/Materials/GridWhite_01_Mat.mat using Guid(dbf898c9f9c4a2d46aa6336e23caeb61) Importer(2089858483,b0f066a214c2f5e87bad3c948f4d605d) (ScriptedImporter) -> (artifact id: 'd9a038931f610b29c7e5a819ea3fc886') in 0.1043209 seconds
Number of updated asset objects reloaded before import = 0Number of asset objects unloaded after import = 4

========================================================================
Received Import Request.
  Time since last request: 0.000093 seconds.
  path: Assets/Erufyta/StarterAssets/FirstPersonController/Scenes/Playground/ReflectionProbe-1.exr
  artifactKey: Guid(5515cbebf3ef1144ebf8d50ed9091e17) Importer(2089858483,b0f066a214c2f5e87bad3c948f4d605d)
Start importing Assets/Erufyta/StarterAssets/FirstPersonController/Scenes/Playground/ReflectionProbe-1.exr using Guid(5515cbebf3ef1144ebf8d50ed9091e17) Importer(2089858483,b0f066a214c2f5e87bad3c948f4d605d) (ScriptedImporter) -> (artifact id: 'e323dead05c00a158b48aa7862cbe671') in 0.0467404 seconds
Number of updated asset objects reloaded before import = 0Number of asset objects unloaded after import = 1

========================================================================
Received Import Request.
  Time since last request: 0.000130 seconds.
  path: Assets/Erufyta/StarterAssets/Environment/Art/Models/Stairs_200x100x200_Mesh.fbx
  artifactKey: Guid(fce3bf5a5b603db45ab0048fb6ab44df) Importer(2089858483,b0f066a214c2f5e87bad3c948f4d605d)
Start importing Assets/Erufyta/StarterAssets/Environment/Art/Models/Stairs_200x100x200_Mesh.fbx using Guid(fce3bf5a5b603db45ab0048fb6ab44df) Importer(2089858483,b0f066a214c2f5e87bad3c948f4d605d) (ScriptedImporter) -> (artifact id: '5d218f5bcc116dd94b851008a404b30a') in 0.060488 seconds
Number of updated asset objects reloaded before import = 0Number of asset objects unloaded after import = 15

========================================================================
Received Import Request.
  Time since last request: 0.000091 seconds.
  path: Assets/Erufyta/StarterAssets/Settings/Very High_PipelineAsset.asset
  artifactKey: Guid(6c78c14c4228d46a29bda6557d8041f9) Importer(2089858483,b0f066a214c2f5e87bad3c948f4d605d)
Start importing Assets/Erufyta/StarterAssets/Settings/Very High_PipelineAsset.asset using Guid(6c78c14c4228d46a29bda6557d8041f9) Importer(2089858483,b0f066a214c2f5e87bad3c948f4d605d) (ScriptedImporter) -> (artifact id: 'ef1ab862bc60665620b8671fe416f024') in 0.559548 seconds
Number of updated asset objects reloaded before import = 0Number of asset objects unloaded after import = 2

========================================================================
Received Import Request.
  Time since last request: 0.000138 seconds.
  path: Assets/Erufyta/StarterAssets/Environment/Prefabs/Environment_Prefab.prefab
  artifactKey: Guid(09aade0ecefd01e4b8f7661acf64f5c2) Importer(2089858483,b0f066a214c2f5e87bad3c948f4d605d)
Start importing Assets/Erufyta/StarterAssets/Environment/Prefabs/Environment_Prefab.prefab using Guid(09aade0ecefd01e4b8f7661acf64f5c2) Importer(2089858483,b0f066a214c2f5e87bad3c948f4d605d) (ScriptedImporter) -> (artifact id: '870ba3d82cc1cd15f07ee74259bf4601') in 0.1202893 seconds
Number of updated asset objects reloaded before import = 0Number of asset objects unloaded after import = 303

========================================================================
Received Import Request.
  Time since last request: 0.000075 seconds.
  path: Assets/Erufyta/StarterAssets/Environment/Prefabs/Box_350x250x200_Prefab.prefab
  artifactKey: Guid(7b846d8f536f007498c941069487ce81) Importer(2089858483,b0f066a214c2f5e87bad3c948f4d605d)
Start importing Assets/Erufyta/StarterAssets/Environment/Prefabs/Box_350x250x200_Prefab.prefab using Guid(7b846d8f536f007498c941069487ce81) Importer(2089858483,b0f066a214c2f5e87bad3c948f4d605d) (ScriptedImporter) -> (artifact id: '7720412581856f571096b6bec4e1b2e4') in 0.0635956 seconds
Number of updated asset objects reloaded before import = 0Number of asset objects unloaded after import = 9

========================================================================
Received Import Request.
  Time since last request: 0.000133 seconds.
  path: Assets/Erufyta/StarterAssets/Mobile/Scripts/Utilities
  artifactKey: Guid(a499c73a35b488449a6f9e9db9e88120) Importer(2089858483,b0f066a214c2f5e87bad3c948f4d605d)
Start importing Assets/Erufyta/StarterAssets/Mobile/Scripts/Utilities using Guid(a499c73a35b488449a6f9e9db9e88120) Importer(2089858483,b0f066a214c2f5e87bad3c948f4d605d) (ScriptedImporter) -> (artifact id: '8b416383d6538d08510a429ec4b80d9c') in 0.0461189 seconds
Number of updated asset objects reloaded before import = 0Number of asset objects unloaded after import = 1

========================================================================
Received Import Request.
  Time since last request: 0.000068 seconds.
  path: Assets/Erufyta/StarterAssets/Environment
  artifactKey: Guid(8d8da06649314d7498296c53b4a0a77a) Importer(2089858483,b0f066a214c2f5e87bad3c948f4d605d)
Start importing Assets/Erufyta/StarterAssets/Environment using Guid(8d8da06649314d7498296c53b4a0a77a) Importer(2089858483,b0f066a214c2f5e87bad3c948f4d605d) (ScriptedImporter) -> (artifact id: '72dca8968ee3004a86a09c2c10cca3c0') in 0.0292729 seconds
Number of updated asset objects reloaded before import = 0Number of asset objects unloaded after import = 1

========================================================================
Received Import Request.
  Time since last request: 0.000123 seconds.
  path: Assets/Erufyta/StarterAssets/FirstPersonController
  artifactKey: Guid(24b6cfc1f7567ec448cc19d73d593576) Importer(2089858483,b0f066a214c2f5e87bad3c948f4d605d)
Start importing Assets/Erufyta/StarterAssets/FirstPersonController using Guid(24b6cfc1f7567ec448cc19d73d593576) Importer(2089858483,b0f066a214c2f5e87bad3c948f4d605d) (ScriptedImporter) -> (artifact id: '30d32d9d038bd1dbb7d496c5c327663b') in 0.0405229 seconds
Number of updated asset objects reloaded before import = 0Number of asset objects unloaded after import = 1

========================================================================
Received Import Request.
  Time since last request: 0.000092 seconds.
  path: Assets/Erufyta/StarterAssets/Environment/Art/Materials/GridBlue_01_Mat.mat
  artifactKey: Guid(ff188f58422043f489060e28a5e4e0c0) Importer(2089858483,b0f066a214c2f5e87bad3c948f4d605d)
Start importing Assets/Erufyta/StarterAssets/Environment/Art/Materials/GridBlue_01_Mat.mat using Guid(ff188f58422043f489060e28a5e4e0c0) Importer(2089858483,b0f066a214c2f5e87bad3c948f4d605d) (ScriptedImporter) -> (artifact id: '7475642b2a654aa2cc0dea8532a85b34') in 0.1082435 seconds
Number of updated asset objects reloaded before import = 0Number of asset objects unloaded after import = 4

========================================================================
Received Import Request.
  Time since last request: 0.000155 seconds.
  path: Assets/Erufyta/StarterAssets/Environment/Art/Materials/Blue_Mat.mat
  artifactKey: Guid(979aef027a1c86c42a15ce35fce366fa) Importer(2089858483,b0f066a214c2f5e87bad3c948f4d605d)
Start importing Assets/Erufyta/StarterAssets/Environment/Art/Materials/Blue_Mat.mat using Guid(979aef027a1c86c42a15ce35fce366fa) Importer(2089858483,b0f066a214c2f5e87bad3c948f4d605d) (ScriptedImporter) -> (artifact id: '23be3cd3a5780809a0023f41a8ec94a5') in 0.0599973 seconds
Number of updated asset objects reloaded before import = 0Number of asset objects unloaded after import = 1

========================================================================
Received Import Request.
  Time since last request: 0.000077 seconds.
  path: Assets/Erufyta/StarterAssets/Mobile/Scripts/VirtualInputs/UIVirtualButton.cs
  artifactKey: Guid(448cd6d8e2f2cb04096e777d99974bc4) Importer(2089858483,b0f066a214c2f5e87bad3c948f4d605d)
Start importing Assets/Erufyta/StarterAssets/Mobile/Scripts/VirtualInputs/UIVirtualButton.cs using Guid(448cd6d8e2f2cb04096e777d99974bc4) Importer(2089858483,b0f066a214c2f5e87bad3c948f4d605d) (ScriptedImporter) -> (artifact id: '39a75c441379065533c0f00e691bd9ff') in 0.0446697 seconds
Number of updated asset objects reloaded before import = 0Number of asset objects unloaded after import = 0

========================================================================
Received Import Request.
  Time since last request: 0.000072 seconds.
  path: Assets/Erufyta/StarterAssets/FirstPersonController/Scenes/Playground.unity
  artifactKey: Guid(707acc8dffb72b144bb1ffbe1c965f3d) Importer(2089858483,b0f066a214c2f5e87bad3c948f4d605d)
Start importing Assets/Erufyta/StarterAssets/FirstPersonController/Scenes/Playground.unity using Guid(707acc8dffb72b144bb1ffbe1c965f3d) Importer(2089858483,b0f066a214c2f5e87bad3c948f4d605d) (ScriptedImporter) -> (artifact id: 'b518f106519719da2e7cf789d58d76c5') in 0.1039774 seconds
Number of updated asset objects reloaded before import = 0Number of asset objects unloaded after import = 1

========================================================================
Received Import Request.
  Time since last request: 0.000034 seconds.
  path: Assets/Erufyta/StarterAssets/Mobile/Scripts/VirtualInputs
  artifactKey: Guid(bcc364c89270bab40a69cac58f5ae926) Importer(2089858483,b0f066a214c2f5e87bad3c948f4d605d)
Start importing Assets/Erufyta/StarterAssets/Mobile/Scripts/VirtualInputs using Guid(bcc364c89270bab40a69cac58f5ae926) Importer(2089858483,b0f066a214c2f5e87bad3c948f4d605d) (ScriptedImporter) -> (artifact id: 'a52f41f2446caa717a539076a2ef5f1c') in 0.063413 seconds
Number of updated asset objects reloaded before import = 0Number of asset objects unloaded after import = 1

========================================================================
Received Import Request.
  Time since last request: 0.000061 seconds.
  path: Assets/Erufyta/StarterAssets/Readme.asset
  artifactKey: Guid(4181bfe715a83e843b7538d750dc57cc) Importer(2089858483,b0f066a214c2f5e87bad3c948f4d605d)
Start importing Assets/Erufyta/StarterAssets/Readme.asset using Guid(4181bfe715a83e843b7538d750dc57cc) Importer(2089858483,b0f066a214c2f5e87bad3c948f4d605d) (ScriptedImporter) -> (artifact id: 'b594f0337385456de6e4b9bb0575b026') in 0.0975674 seconds
Number of updated asset objects reloaded before import = 0Number of asset objects unloaded after import = 2

========================================================================
Received Import Request.
  Time since last request: 0.000080 seconds.
  path: Assets/Erufyta/StarterAssets/FirstPersonController/Scenes
  artifactKey: Guid(560d37d8517c937418f56f4db8462f7f) Importer(2089858483,b0f066a214c2f5e87bad3c948f4d605d)
Start importing Assets/Erufyta/StarterAssets/FirstPersonController/Scenes using Guid(560d37d8517c937418f56f4db8462f7f) Importer(2089858483,b0f066a214c2f5e87bad3c948f4d605d) (ScriptedImporter) -> (artifact id: '52faf8d3838c3953c3e7fcf5966b51fc') in 0.0650492 seconds
Number of updated asset objects reloaded before import = 0Number of asset objects unloaded after import = 1

========================================================================
Received Import Request.
  Time since last request: 0.000076 seconds.
  path: Assets/Erufyta/StarterAssets/Environment/Art/Models/Structure_Mesh.fbx
  artifactKey: Guid(d0a9bfb4b5f28174884e89dd76563ae8) Importer(2089858483,b0f066a214c2f5e87bad3c948f4d605d)
Start importing Assets/Erufyta/StarterAssets/Environment/Art/Models/Structure_Mesh.fbx using Guid(d0a9bfb4b5f28174884e89dd76563ae8) Importer(2089858483,b0f066a214c2f5e87bad3c948f4d605d) (ScriptedImporter) -> (artifact id: 'd406d9df96f3528b7cc298efe42b533d') in 0.1471203 seconds
Number of updated asset objects reloaded before import = 0Number of asset objects unloaded after import = 8

========================================================================
Received Import Request.
  Time since last request: 0.000093 seconds.
  path: Assets/Erufyta/StarterAssets/FirstPersonController/Scenes/Playground/ReflectionProbe-2.exr
  artifactKey: Guid(c49ef192a57a5af42a728163b2468c8a) Importer(2089858483,b0f066a214c2f5e87bad3c948f4d605d)
Start importing Assets/Erufyta/StarterAssets/FirstPersonController/Scenes/Playground/ReflectionProbe-2.exr using Guid(c49ef192a57a5af42a728163b2468c8a) Importer(2089858483,b0f066a214c2f5e87bad3c948f4d605d) (ScriptedImporter) -> (artifact id: '56103e2e60ed47d1d67ccae2fef071b0') in 0.0725865 seconds
Number of updated asset objects reloaded before import = 0Number of asset objects unloaded after import = 1

========================================================================
Received Import Request.
  Time since last request: 0.000148 seconds.
  path: Assets/Erufyta/StarterAssets/Settings/Low_PipelineAsset.asset
  artifactKey: Guid(d6898ced4e4514f55ab4909252c72153) Importer(2089858483,b0f066a214c2f5e87bad3c948f4d605d)
Start importing Assets/Erufyta/StarterAssets/Settings/Low_PipelineAsset.asset using Guid(d6898ced4e4514f55ab4909252c72153) Importer(2089858483,b0f066a214c2f5e87bad3c948f4d605d) (ScriptedImporter) -> (artifact id: '396ac6d1d8384648ca22a18fdca673d2') in 0.0966081 seconds
Number of updated asset objects reloaded before import = 0Number of asset objects unloaded after import = 2

========================================================================
Received Import Request.
  Time since last request: 0.000086 seconds.
  path: Assets/Erufyta/StarterAssets/Environment/Art/Models/Tunnel_Mesh.fbx
  artifactKey: Guid(f712806514868e54699156ec05dcb749) Importer(2089858483,b0f066a214c2f5e87bad3c948f4d605d)
Start importing Assets/Erufyta/StarterAssets/Environment/Art/Models/Tunnel_Mesh.fbx using Guid(f712806514868e54699156ec05dcb749) Importer(2089858483,b0f066a214c2f5e87bad3c948f4d605d) (ScriptedImporter) -> (artifact id: '826d9352bd504d6eacc2af03b959d20a') in 0.0904172 seconds
Number of updated asset objects reloaded before import = 0Number of asset objects unloaded after import = 8

========================================================================
Received Import Request.
  Time since last request: 0.000108 seconds.
  path: Assets/Erufyta/StarterAssets/Mobile/Prefabs/CanvasInputs
  artifactKey: Guid(6ac91ba6d254abc4c98c1a8868673b28) Importer(2089858483,b0f066a214c2f5e87bad3c948f4d605d)
Start importing Assets/Erufyta/StarterAssets/Mobile/Prefabs/CanvasInputs using Guid(6ac91ba6d254abc4c98c1a8868673b28) Importer(2089858483,b0f066a214c2f5e87bad3c948f4d605d) (ScriptedImporter) -> (artifact id: 'e5337f39b6fd111971b7e4046d70e77e') in 0.0345187 seconds
Number of updated asset objects reloaded before import = 0Number of asset objects unloaded after import = 1

========================================================================
Received Import Request.
  Time since last request: 0.000165 seconds.
  path: Assets/Erufyta/StarterAssets/StarterAssets_Documentation_v1.1.pdf
  artifactKey: Guid(1030fbd7379311b47bf5b1178c1c7a26) Importer(2089858483,b0f066a214c2f5e87bad3c948f4d605d)
Start importing Assets/Erufyta/StarterAssets/StarterAssets_Documentation_v1.1.pdf using Guid(1030fbd7379311b47bf5b1178c1c7a26) Importer(2089858483,b0f066a214c2f5e87bad3c948f4d605d) (ScriptedImporter) -> (artifact id: '52d219f2930c1540db4d14224a4831d4') in 0.0392749 seconds
Number of updated asset objects reloaded before import = 0Number of asset objects unloaded after import = 1

========================================================================
Received Import Request.
  Time since last request: 0.000149 seconds.
  path: Assets/Erufyta/StarterAssets/InputSystem/StarterAssets.inputactions
  artifactKey: Guid(4419d82f33d36e848b3ed5af4c8da37e) Importer(2089858483,b0f066a214c2f5e87bad3c948f4d605d)
Start importing Assets/Erufyta/StarterAssets/InputSystem/StarterAssets.inputactions using Guid(4419d82f33d36e848b3ed5af4c8da37e) Importer(2089858483,b0f066a214c2f5e87bad3c948f4d605d) (ScriptedImporter) -> (artifact id: '230e8c3c0c0a8942cdf9167cb6682beb') in 2.715629 seconds
Number of updated asset objects reloaded before import = 0Number of asset objects unloaded after import = 7

========================================================================
Received Import Request.
  Time since last request: 0.000054 seconds.
  path: Assets/Erufyta/StarterAssets/Environment/Prefabs/Ramp_Prefab.prefab
  artifactKey: Guid(8a7437817844dce4894b049de73b75f2) Importer(2089858483,b0f066a214c2f5e87bad3c948f4d605d)
Start importing Assets/Erufyta/StarterAssets/Environment/Prefabs/Ramp_Prefab.prefab using Guid(8a7437817844dce4894b049de73b75f2) Importer(2089858483,b0f066a214c2f5e87bad3c948f4d605d) (ScriptedImporter) -> (artifact id: 'c893a7b1f39639538e203c5309053c2e') in 0.0924136 seconds
Number of updated asset objects reloaded before import = 0Number of asset objects unloaded after import = 9

========================================================================
Received Import Request.
  Time since last request: 0.000154 seconds.
  path: Assets/Erufyta/StarterAssets/Environment/Art/Skybox/SkyboxLite.mat
  artifactKey: Guid(f6c51332ac7d92541a38fb263b09d2a8) Importer(2089858483,b0f066a214c2f5e87bad3c948f4d605d)
Start importing Assets/Erufyta/StarterAssets/Environment/Art/Skybox/SkyboxLite.mat using Guid(f6c51332ac7d92541a38fb263b09d2a8) Importer(2089858483,b0f066a214c2f5e87bad3c948f4d605d) (ScriptedImporter) -> (artifact id: '269845ee1deaec0ff3758d83b4c6aa2f') in 0.0539087 seconds
Number of updated asset objects reloaded before import = 0Number of asset objects unloaded after import = 1

========================================================================
Received Import Request.
  Time since last request: 0.000109 seconds.
  path: Assets/Erufyta/StarterAssets/Environment/Prefabs/Box_350x250x300_Prefab.prefab
  artifactKey: Guid(687dbafc2b84b2846b9a4a7a7dae2a7e) Importer(2089858483,b0f066a214c2f5e87bad3c948f4d605d)
Start importing Assets/Erufyta/StarterAssets/Environment/Prefabs/Box_350x250x300_Prefab.prefab using Guid(687dbafc2b84b2846b9a4a7a7dae2a7e) Importer(2089858483,b0f066a214c2f5e87bad3c948f4d605d) (ScriptedImporter) -> (artifact id: 'b0cdbda8882c9addcb41ae577b2be17b') in 0.0804511 seconds
Number of updated asset objects reloaded before import = 0Number of asset objects unloaded after import = 9

========================================================================
Received Import Request.
  Time since last request: 0.000069 seconds.
  path: Assets/Erufyta/StarterAssets/Environment/Art/Models/Stairs_650_400_300_Mesh.fbx
  artifactKey: Guid(7e0223e1d3e1733499accfa5ebffb67e) Importer(2089858483,b0f066a214c2f5e87bad3c948f4d605d)
Start importing Assets/Erufyta/StarterAssets/Environment/Art/Models/Stairs_650_400_300_Mesh.fbx using Guid(7e0223e1d3e1733499accfa5ebffb67e) Importer(2089858483,b0f066a214c2f5e87bad3c948f4d605d) (ScriptedImporter) -> (artifact id: 'c5ce11afeac473b725b21f5b270b558a') in 0.0962582 seconds
Number of updated asset objects reloaded before import = 0Number of asset objects unloaded after import = 16

========================================================================
Received Import Request.
  Time since last request: 0.000035 seconds.
  path: Assets/Erufyta/StarterAssets/Mobile/Prefabs/CanvasInputs/UI_Canvas_StarterAssetsInputs_TouchZones.prefab
  artifactKey: Guid(7484ce6f8ca3d81408c606b5ae8b9ff3) Importer(2089858483,b0f066a214c2f5e87bad3c948f4d605d)
Start importing Assets/Erufyta/StarterAssets/Mobile/Prefabs/CanvasInputs/UI_Canvas_StarterAssetsInputs_TouchZones.prefab using Guid(7484ce6f8ca3d81408c606b5ae8b9ff3) Importer(2089858483,b0f066a214c2f5e87bad3c948f4d605d) (ScriptedImporter) -> (artifact id: '7a27057e2d324effa2e28245ff02933d') in 0.2691338 seconds
Number of updated asset objects reloaded before import = 0Number of asset objects unloaded after import = 60

========================================================================
Received Import Request.
  Time since last request: 0.000192 seconds.
  path: Assets/Erufyta/StarterAssets/Mobile/UI/UI_Icon_Sprint.png
  artifactKey: Guid(b0fa70abd2a79904cb00b175dfd8ec7e) Importer(2089858483,b0f066a214c2f5e87bad3c948f4d605d)
Start importing Assets/Erufyta/StarterAssets/Mobile/UI/UI_Icon_Sprint.png using Guid(b0fa70abd2a79904cb00b175dfd8ec7e) Importer(2089858483,b0f066a214c2f5e87bad3c948f4d605d) (ScriptedImporter) -> (artifact id: '6a76a257ffbeb0a9ce9fa218c50aa0d6') in 0.0908968 seconds
Number of updated asset objects reloaded before import = 0Number of asset objects unloaded after import = 3

========================================================================
Received Import Request.
  Time since last request: 0.000131 seconds.
  path: Assets/Erufyta/StarterAssets/FirstPersonController/Prefabs/PlayerCapsule.prefab
  artifactKey: Guid(c5efc39a8aaf6e64ea40e9ad573e9b47) Importer(2089858483,b0f066a214c2f5e87bad3c948f4d605d)
Start importing Assets/Erufyta/StarterAssets/FirstPersonController/Prefabs/PlayerCapsule.prefab using Guid(c5efc39a8aaf6e64ea40e9ad573e9b47) Importer(2089858483,b0f066a214c2f5e87bad3c948f4d605d) (ScriptedImporter) -> (artifact id: '59f744b354efe40c7184dd005c4e1bb9') in 0.1690655 seconds
Number of updated asset objects reloaded before import = 0Number of asset objects unloaded after import = 18

========================================================================
Received Import Request.
  Time since last request: 0.000132 seconds.
  path: Assets/Erufyta/StarterAssets/Settings/Low_PipelineAsset_ForwardRenderer.asset
  artifactKey: Guid(44b37c8f6729f41cfac615998e7cc9f7) Importer(2089858483,b0f066a214c2f5e87bad3c948f4d605d)
Start importing Assets/Erufyta/StarterAssets/Settings/Low_PipelineAsset_ForwardRenderer.asset using Guid(44b37c8f6729f41cfac615998e7cc9f7) Importer(2089858483,b0f066a214c2f5e87bad3c948f4d605d) (ScriptedImporter) -> (artifact id: '95e82bb9bcfc613f640f8e8668c52824') in 0.1810577 seconds
Number of updated asset objects reloaded before import = 0Number of asset objects unloaded after import = 1

========================================================================
Received Import Request.
  Time since last request: 0.000068 seconds.
  path: Assets/Erufyta/StarterAssets/FirstPersonController/Scripts
  artifactKey: Guid(d945aebbdf256954aadf016c19fcea09) Importer(2089858483,b0f066a214c2f5e87bad3c948f4d605d)
Start importing Assets/Erufyta/StarterAssets/FirstPersonController/Scripts using Guid(d945aebbdf256954aadf016c19fcea09) Importer(2089858483,b0f066a214c2f5e87bad3c948f4d605d) (ScriptedImporter) -> (artifact id: 'a1d1ccc5f25a69b52fa67fb8e7951ebd') in 0.0422823 seconds
Number of updated asset objects reloaded before import = 0Number of asset objects unloaded after import = 1

========================================================================
Received Import Request.
  Time since last request: 0.000117 seconds.
  path: Assets/Erufyta/StarterAssets/Settings/Very High_PipelineAsset_ForwardRenderer.asset
  artifactKey: Guid(4962dd039b8344ed295c4518245d6c7b) Importer(2089858483,b0f066a214c2f5e87bad3c948f4d605d)
Start importing Assets/Erufyta/StarterAssets/Settings/Very High_PipelineAsset_ForwardRenderer.asset using Guid(4962dd039b8344ed295c4518245d6c7b) Importer(2089858483,b0f066a214c2f5e87bad3c948f4d605d) (ScriptedImporter) -> (artifact id: '8454a9b5371597589538f09dad588c80') in 0.130807 seconds
Number of updated asset objects reloaded before import = 0Number of asset objects unloaded after import = 1

========================================================================
Received Import Request.
  Time since last request: 0.000063 seconds.
  path: Assets/Erufyta/StarterAssets/TutorialInfo/Icons
  artifactKey: Guid(bf2b09552ecf8f04294975e07f8da67e) Importer(2089858483,b0f066a214c2f5e87bad3c948f4d605d)
Start importing Assets/Erufyta/StarterAssets/TutorialInfo/Icons using Guid(bf2b09552ecf8f04294975e07f8da67e) Importer(2089858483,b0f066a214c2f5e87bad3c948f4d605d) (ScriptedImporter) -> (artifact id: 'b32e044af62ac73052525b987d040333') in 0.0708559 seconds
Number of updated asset objects reloaded before import = 0Number of asset objects unloaded after import = 1

========================================================================
Received Import Request.
  Time since last request: 0.000078 seconds.
  path: Assets/Erufyta/StarterAssets/FirstPersonController/Scenes/PlaygroundSettings.lighting
  artifactKey: Guid(027dc98253d80d849acc2271be9bffaf) Importer(2089858483,b0f066a214c2f5e87bad3c948f4d605d)
Start importing Assets/Erufyta/StarterAssets/FirstPersonController/Scenes/PlaygroundSettings.lighting using Guid(027dc98253d80d849acc2271be9bffaf) Importer(2089858483,b0f066a214c2f5e87bad3c948f4d605d) (ScriptedImporter)LightingSettings: switching bake backend from 2 to 1.
 -> (artifact id: '2066fae613c378c6a27e67df505c2c91') in 0.0814974 seconds
Number of updated asset objects reloaded before import = 0Number of asset objects unloaded after import = 1

========================================================================
Received Import Request.
  Time since last request: 0.000044 seconds.
  path: Assets/Erufyta/StarterAssets/FirstPersonController/Scripts/FirstPersonController.cs
  artifactKey: Guid(55919ac34a26952479f3fc91f777b2fa) Importer(2089858483,b0f066a214c2f5e87bad3c948f4d605d)
Start importing Assets/Erufyta/StarterAssets/FirstPersonController/Scripts/FirstPersonController.cs using Guid(55919ac34a26952479f3fc91f777b2fa) Importer(2089858483,b0f066a214c2f5e87bad3c948f4d605d) (ScriptedImporter) -> (artifact id: 'e00843d54a27d0e3e6aa65baed567e43') in 0.0422221 seconds
Number of updated asset objects reloaded before import = 0Number of asset objects unloaded after import = 0

========================================================================
Received Import Request.
  Time since last request: 0.000077 seconds.
  path: Assets/Erufyta/StarterAssets/Mobile/UI/UI_Circle_Bevel_Base.png
  artifactKey: Guid(b74c31d447d2f5d41a61081bdf5e7126) Importer(2089858483,b0f066a214c2f5e87bad3c948f4d605d)
Start importing Assets/Erufyta/StarterAssets/Mobile/UI/UI_Circle_Bevel_Base.png using Guid(b74c31d447d2f5d41a61081bdf5e7126) Importer(2089858483,b0f066a214c2f5e87bad3c948f4d605d) (ScriptedImporter) -> (artifact id: '4414b7a6f3e82d7bf3ada01bd21b92be') in 0.0605569 seconds
Number of updated asset objects reloaded before import = 0Number of asset objects unloaded after import = 3

========================================================================
Received Import Request.
  Time since last request: 0.000111 seconds.
  path: Assets/Erufyta/StarterAssets/Environment/Art/Materials
  artifactKey: Guid(62e09e1e4aed9424ba218499f11ea644) Importer(2089858483,b0f066a214c2f5e87bad3c948f4d605d)
Start importing Assets/Erufyta/StarterAssets/Environment/Art/Materials using Guid(62e09e1e4aed9424ba218499f11ea644) Importer(2089858483,b0f066a214c2f5e87bad3c948f4d605d) (ScriptedImporter) -> (artifact id: 'a7d572cf984244807b2142e68c7a8b99') in 0.0292076 seconds
Number of updated asset objects reloaded before import = 0Number of asset objects unloaded after import = 1

========================================================================
Received Import Request.
  Time since last request: 0.000059 seconds.
  path: Assets/Erufyta/StarterAssets/Environment/Art/Textures/Grid_01_Normal.png
  artifactKey: Guid(c5c221ed57a3bf6488f8eba0db28a004) Importer(2089858483,b0f066a214c2f5e87bad3c948f4d605d)
Start importing Assets/Erufyta/StarterAssets/Environment/Art/Textures/Grid_01_Normal.png using Guid(c5c221ed57a3bf6488f8eba0db28a004) Importer(2089858483,b0f066a214c2f5e87bad3c948f4d605d) (ScriptedImporter) -> (artifact id: 'b0b0dd8dbd3e91bdbb033b7ec22f9148') in 0.0954627 seconds
Number of updated asset objects reloaded before import = 0Number of asset objects unloaded after import = 1

========================================================================
Received Import Request.
  Time since last request: 0.000040 seconds.
  path: Assets/Erufyta/StarterAssets/Settings/Medium_PipelineAsset_ForwardRenderer.asset
  artifactKey: Guid(871a00306922d48e1872740163b0d74b) Importer(2089858483,b0f066a214c2f5e87bad3c948f4d605d)
Start importing Assets/Erufyta/StarterAssets/Settings/Medium_PipelineAsset_ForwardRenderer.asset using Guid(871a00306922d48e1872740163b0d74b) Importer(2089858483,b0f066a214c2f5e87bad3c948f4d605d) (ScriptedImporter) -> (artifact id: 'd5e02d9ad3786edf4352cbe14d6ed345') in 0.0616129 seconds
Number of updated asset objects reloaded before import = 0Number of asset objects unloaded after import = 1

========================================================================
Received Import Request.
  Time since last request: 0.000094 seconds.
  path: Assets/Erufyta/StarterAssets/Environment/Art/Models/Box_350x250x300_Mesh.fbx
  artifactKey: Guid(d2f0da3998423f44594868ffed55c3e6) Importer(2089858483,b0f066a214c2f5e87bad3c948f4d605d)
Start importing Assets/Erufyta/StarterAssets/Environment/Art/Models/Box_350x250x300_Mesh.fbx using Guid(d2f0da3998423f44594868ffed55c3e6) Importer(2089858483,b0f066a214c2f5e87bad3c948f4d605d) (ScriptedImporter) -> (artifact id: 'd2164d0d2d56575a52fa12262704c178') in 0.2241356 seconds
Number of updated asset objects reloaded before import = 0Number of asset objects unloaded after import = 8

========================================================================
Received Import Request.
  Time since last request: 0.000140 seconds.
  path: Assets/Erufyta/StarterAssets/Mobile/UI/UI_Circle_Faded.png
  artifactKey: Guid(90ded0611e490aa4ba6961afbfc2280d) Importer(2089858483,b0f066a214c2f5e87bad3c948f4d605d)
Start importing Assets/Erufyta/StarterAssets/Mobile/UI/UI_Circle_Faded.png using Guid(90ded0611e490aa4ba6961afbfc2280d) Importer(2089858483,b0f066a214c2f5e87bad3c948f4d605d) (ScriptedImporter) -> (artifact id: '60d2c8ffa172bf9bddc41157cc7762df') in 0.2463848 seconds
Number of updated asset objects reloaded before import = 0Number of asset objects unloaded after import = 3

========================================================================
Received Import Request.
  Time since last request: 0.000069 seconds.
  path: Assets/Erufyta/StarterAssets/FirstPersonController/Prefabs
  artifactKey: Guid(3547d539220f51a4599294020a5f42cf) Importer(2089858483,b0f066a214c2f5e87bad3c948f4d605d)
Start importing Assets/Erufyta/StarterAssets/FirstPersonController/Prefabs using Guid(3547d539220f51a4599294020a5f42cf) Importer(2089858483,b0f066a214c2f5e87bad3c948f4d605d) (ScriptedImporter) -> (artifact id: 'dbc1e27a8dc3924fcd8c5675d2b5913a') in 0.0378768 seconds
Number of updated asset objects reloaded before import = 0Number of asset objects unloaded after import = 1

========================================================================
Received Import Request.
  Time since last request: 0.000063 seconds.
  path: Assets/Erufyta/StarterAssets/Mobile/Scripts/CanvasInputs
  artifactKey: Guid(0777899404b4b2b4696f1032f3231697) Importer(2089858483,b0f066a214c2f5e87bad3c948f4d605d)
Start importing Assets/Erufyta/StarterAssets/Mobile/Scripts/CanvasInputs using Guid(0777899404b4b2b4696f1032f3231697) Importer(2089858483,b0f066a214c2f5e87bad3c948f4d605d) (ScriptedImporter) -> (artifact id: '949ca7ae8a54186478e621b02e154899') in 0.0369245 seconds
Number of updated asset objects reloaded before import = 0Number of asset objects unloaded after import = 1

========================================================================
Received Import Request.
  Time since last request: 0.000062 seconds.
  path: Assets/Erufyta/StarterAssets/Environment/Art/Materials/GreyBlue_Mat.mat
  artifactKey: Guid(6b911390c5825014e8377183a7837d3f) Importer(2089858483,b0f066a214c2f5e87bad3c948f4d605d)
Start importing Assets/Erufyta/StarterAssets/Environment/Art/Materials/GreyBlue_Mat.mat using Guid(6b911390c5825014e8377183a7837d3f) Importer(2089858483,b0f066a214c2f5e87bad3c948f4d605d) (ScriptedImporter) -> (artifact id: '6d90a4eaaafde9b41bc713062437bad2') in 0.0404101 seconds
Number of updated asset objects reloaded before import = 0Number of asset objects unloaded after import = 1

========================================================================
Received Import Request.
  Time since last request: 0.000043 seconds.
  path: Assets/Erufyta/StarterAssets/Environment/Art/Models/Box_350x250x200_Mesh.fbx
  artifactKey: Guid(c6a55ba99e9e99d41b7eef123e311a43) Importer(2089858483,b0f066a214c2f5e87bad3c948f4d605d)
Start importing Assets/Erufyta/StarterAssets/Environment/Art/Models/Box_350x250x200_Mesh.fbx using Guid(c6a55ba99e9e99d41b7eef123e311a43) Importer(2089858483,b0f066a214c2f5e87bad3c948f4d605d) (ScriptedImporter) -> (artifact id: '10f243cc825eabdc7d124c6b452ff36b') in 0.0642084 seconds
Number of updated asset objects reloaded before import = 0Number of asset objects unloaded after import = 8

========================================================================
Received Import Request.
  Time since last request: 0.000150 seconds.
  path: Assets/Erufyta/StarterAssets/Environment/Art/Models/Wall_Mesh.fbx
  artifactKey: Guid(ff02a0a00ab750f48b09459b1cafd1b8) Importer(2089858483,b0f066a214c2f5e87bad3c948f4d605d)
Start importing Assets/Erufyta/StarterAssets/Environment/Art/Models/Wall_Mesh.fbx using Guid(ff02a0a00ab750f48b09459b1cafd1b8) Importer(2089858483,b0f066a214c2f5e87bad3c948f4d605d) (ScriptedImporter) -> (artifact id: '4a5befe1992d1510c875d2fce89b167a') in 0.0681254 seconds
Number of updated asset objects reloaded before import = 0Number of asset objects unloaded after import = 8

========================================================================
Received Prepare
Assembly reference Packages/com.unity.cinemachine/Editor/Samples/ExposeHDRPInternals/HDRP-Editor-ref.asmref has no target assembly definition
Assembly reference Packages/com.unity.cinemachine/Editor/Samples/ExposeHDRPInternals/HDRP-Editor-ref.asmref has no target assembly definition
Begin MonoManager ReloadAssembly
[Licensing::Client] Successfully resolved entitlement details
Symbol file LoadedFromMemory is not a mono symbol file
- Loaded All Assemblies, in 12.575 seconds
Assembly reference Packages/com.unity.cinemachine/Editor/Samples/ExposeHDRPInternals/HDRP-Editor-ref.asmref has no target assembly definition
'Packages/com.unity.cinemachine/Editor/Obsolete/CinemachineVirtualCameraBaseEditor.cs' contains partial class of Unity.Object, exactly 1 of the partial classes needs to be in a file with the same filename. This is to know the one that can be referenced from ie. GameObjects
'Packages/com.unity.cinemachine/Editor/Editors/CinemachineVirtualCameraBaseEditor.cs' contains partial class of Unity.Object, exactly 1 of the partial classes needs to be in a file with the same filename. This is to know the one that can be referenced from ie. GameObjects
Refreshing native plugins compatible for Editor in 4.19 ms, found 3 plugins.
Native extension for WindowsStandalone target not found
Native extension for WebGL target not found
Assembly reference Packages/com.unity.cinemachine/Editor/Samples/ExposeHDRPInternals/HDRP-Editor-ref.asmref has no target assembly definition
[Package Manager] Failed to launch server process. Reason: Unity was launched with the -noUpm command-line argument
[Package Manager] Unable to send message (not connected to server process).
[Package Manager] Cannot connect to Unity Package Manager local server
[Package Manager] Failed to launch server process. Reason: Unity was launched with the -noUpm command-line argument
[Package Manager] Unable to send message (not connected to server process).
[Package Manager] Cannot connect to Unity Package Manager local server
ScheduleIndexationOnStartup MainProcess:False IndexOnStartup:True
Mono: successfully reloaded assembly
- Finished resetting the current domain, in  3.201 seconds
Domain Reload Profiling: 15759ms
	BeginReloadAssembly (1826ms)
		ExecutionOrderSort (0ms)
		DisableScriptedObjects (47ms)
		BackupInstance (0ms)
		ReleaseScriptingObjects (2ms)
		CreateAndSetChildDomain (902ms)
	RebuildCommonClasses (350ms)
	RebuildNativeTypeToScriptingClass (76ms)
	initialDomainReloadingComplete (389ms)
	LoadAllAssembliesAndSetupDomain (9915ms)
		LoadAssemblies (6413ms)
		RebuildTransferFunctionScriptingTraits (0ms)
		AnalyzeDomain (4024ms)
			TypeCache.Refresh (131ms)
				TypeCache.ScanAssembly (13ms)
			BuildScriptInfoCaches (3584ms)
			ResolveRequiredComponents (103ms)
	FinalizeReload (3204ms)
		ReleaseScriptCaches (0ms)
		RebuildScriptCaches (0ms)
		SetupLoadedEditorAssemblies (2486ms)
			LogAssemblyErrors (0ms)
			InitializePlatformSupportModulesInManaged (10ms)
			SetLoadedEditorAssemblies (23ms)
			BeforeProcessingInitializeOnLoad (553ms)
			ProcessInitializeOnLoadAttributes (1673ms)
			ProcessInitializeOnLoadMethodAttributes (194ms)
			AfterProcessingInitializeOnLoad (30ms)
			EditorAssembliesLoaded (3ms)
		ExecutionOrderSort2 (0ms)
		AwakeInstancesAfterBackupRestoration (56ms)
Refreshing native plugins compatible for Editor in 2.16 ms, found 3 plugins.
Preloading 0 native plugins for Editor in 0.00 ms.
Unloading 22 Unused Serialized files (Serialized files now loaded: 0)
Unloading 6798 unused Assets / (6.9 MB). Loaded Objects now: 7671.
Memory consumption went from 179.1 MB to 172.1 MB.
Total: 38.056100 ms (FindLiveObjects: 1.953900 ms CreateObjectMapping: 2.317500 ms MarkObjects: 26.240200 ms  DeleteObjects: 7.538400 ms)

Prepare: number of updated asset objects reloaded= 0
========================================================================
Received Import Request.
  Time since last request: 763.591282 seconds.
  path: Assets/Erufyta/Azerilo
  artifactKey: Guid(432ab211e28731e46897cd1e640edd6c) Importer(815301076,1909f56bfc062723c751e8b465ee728b)
Start importing Assets/Erufyta/Azerilo using Guid(432ab211e28731e46897cd1e640edd6c) Importer(815301076,1909f56bfc062723c751e8b465ee728b) (PreviewImporter) -> (artifact id: 'f84e6a43f26c350d84eb872fa3269d15') in 0.107009 seconds
Number of updated asset objects reloaded before import = 0Number of asset objects unloaded after import = 0

========================================================================
Received Prepare
Assembly reference Packages/com.unity.cinemachine/Editor/Samples/ExposeHDRPInternals/HDRP-Editor-ref.asmref has no target assembly definition
Assembly reference Packages/com.unity.cinemachine/Editor/Samples/ExposeHDRPInternals/HDRP-Editor-ref.asmref has no target assembly definition
Begin MonoManager ReloadAssembly
[Licensing::Client] Successfully resolved entitlement details
Symbol file LoadedFromMemory is not a mono symbol file
- Loaded All Assemblies, in  5.631 seconds
Assembly reference Packages/com.unity.cinemachine/Editor/Samples/ExposeHDRPInternals/HDRP-Editor-ref.asmref has no target assembly definition
'Packages/com.unity.cinemachine/Editor/Obsolete/CinemachineVirtualCameraBaseEditor.cs' contains partial class of Unity.Object, exactly 1 of the partial classes needs to be in a file with the same filename. This is to know the one that can be referenced from ie. GameObjects
'Packages/com.unity.cinemachine/Editor/Editors/CinemachineVirtualCameraBaseEditor.cs' contains partial class of Unity.Object, exactly 1 of the partial classes needs to be in a file with the same filename. This is to know the one that can be referenced from ie. GameObjects
Refreshing native plugins compatible for Editor in 2.29 ms, found 3 plugins.
Native extension for WindowsStandalone target not found
Native extension for WebGL target not found
Assembly reference Packages/com.unity.cinemachine/Editor/Samples/ExposeHDRPInternals/HDRP-Editor-ref.asmref has no target assembly definition
[Package Manager] Failed to launch server process. Reason: Unity was launched with the -noUpm command-line argument
[Package Manager] Unable to send message (not connected to server process).
[Package Manager] Cannot connect to Unity Package Manager local server
[Package Manager] Failed to launch server process. Reason: Unity was launched with the -noUpm command-line argument
[Package Manager] Unable to send message (not connected to server process).
[Package Manager] Cannot connect to Unity Package Manager local server
ScheduleIndexationOnStartup MainProcess:False IndexOnStartup:True
Mono: successfully reloaded assembly
- Finished resetting the current domain, in  2.829 seconds
Domain Reload Profiling: 8490ms
	BeginReloadAssembly (1598ms)
		ExecutionOrderSort (1ms)
		DisableScriptedObjects (59ms)
		BackupInstance (0ms)
		ReleaseScriptingObjects (2ms)
		CreateAndSetChildDomain (661ms)
	RebuildCommonClasses (130ms)
	RebuildNativeTypeToScriptingClass (34ms)
	initialDomainReloadingComplete (102ms)
	LoadAllAssembliesAndSetupDomain (3794ms)
		LoadAssemblies (2842ms)
		RebuildTransferFunctionScriptingTraits (0ms)
		AnalyzeDomain (1322ms)
			TypeCache.Refresh (117ms)
				TypeCache.ScanAssembly (6ms)
			BuildScriptInfoCaches (1100ms)
			ResolveRequiredComponents (45ms)
	FinalizeReload (2832ms)
		ReleaseScriptCaches (0ms)
		RebuildScriptCaches (0ms)
		SetupLoadedEditorAssemblies (2410ms)
			LogAssemblyErrors (0ms)
			InitializePlatformSupportModulesInManaged (5ms)
			SetLoadedEditorAssemblies (11ms)
			BeforeProcessingInitializeOnLoad (435ms)
			ProcessInitializeOnLoadAttributes (1328ms)
			ProcessInitializeOnLoadMethodAttributes (595ms)
			AfterProcessingInitializeOnLoad (34ms)
			EditorAssembliesLoaded (2ms)
		ExecutionOrderSort2 (0ms)
		AwakeInstancesAfterBackupRestoration (64ms)
Refreshing native plugins compatible for Editor in 5.99 ms, found 3 plugins.
Preloading 0 native plugins for Editor in 0.00 ms.
Unloading 22 Unused Serialized files (Serialized files now loaded: 0)
Unloading 6797 unused Assets / (6.2 MB). Loaded Objects now: 7674.
Memory consumption went from 179.0 MB to 172.8 MB.
Total: 48.749700 ms (FindLiveObjects: 3.320300 ms CreateObjectMapping: 3.093500 ms MarkObjects: 27.009600 ms  DeleteObjects: 15.320300 ms)

Prepare: number of updated asset objects reloaded= 14
========================================================================
Received Import Request.
  Time since last request: 440.326761 seconds.
  path: Assets/Erufyta/Flooded_Grounds/PostProcessing/Textures/Lens Dirt
  artifactKey: Guid(705e7922061713741885ae52a3e0bea4) Importer(2089858483,b0f066a214c2f5e87bad3c948f4d605d)
Start importing Assets/Erufyta/Flooded_Grounds/PostProcessing/Textures/Lens Dirt using Guid(705e7922061713741885ae52a3e0bea4) Importer(2089858483,b0f066a214c2f5e87bad3c948f4d605d) (ScriptedImporter) -> (artifact id: '2760aa71a37858224de3eba79b796829') in 0.2026165 seconds
Number of updated asset objects reloaded before import = 0Number of asset objects unloaded after import = 1

========================================================================
Received Import Request.
  Time since last request: 0.000072 seconds.
  path: Assets/Erufyta/Flooded_Grounds/PostProcessing/Resources/Shaders/DepthOfField.shader
  artifactKey: Guid(ac8ed710934a3564686a096bb351caee) Importer(2089858483,b0f066a214c2f5e87bad3c948f4d605d)
Start importing Assets/Erufyta/Flooded_Grounds/PostProcessing/Resources/Shaders/DepthOfField.shader using Guid(ac8ed710934a3564686a096bb351caee) Importer(2089858483,b0f066a214c2f5e87bad3c948f4d605d) (ScriptedImporter) -> (artifact id: '6cf5672552b6851a23e14510d47bf5a2') in 0.2192247 seconds
Number of updated asset objects reloaded before import = 0Number of asset objects unloaded after import = 1

========================================================================
Received Import Request.
  Time since last request: 0.000576 seconds.
  path: Assets/Erufyta/Flooded_Grounds/Prefabs/Backgrounds
  artifactKey: Guid(340d2c0eb993f774c8a414025182f933) Importer(2089858483,b0f066a214c2f5e87bad3c948f4d605d)
Start importing Assets/Erufyta/Flooded_Grounds/Prefabs/Backgrounds using Guid(340d2c0eb993f774c8a414025182f933) Importer(2089858483,b0f066a214c2f5e87bad3c948f4d605d) (ScriptedImporter) -> (artifact id: 'c31848d757ad38a8b312066a3372cce0') in 0.0555558 seconds
Number of updated asset objects reloaded before import = 0Number of asset objects unloaded after import = 1

========================================================================
Received Import Request.
  Time since last request: 0.000058 seconds.
  path: Assets/Erufyta/Flooded_Grounds/Content/Meshes/mBuildings/mStructures
  artifactKey: Guid(a3438276b2edb3b46b3d811a5f303934) Importer(2089858483,b0f066a214c2f5e87bad3c948f4d605d)
Start importing Assets/Erufyta/Flooded_Grounds/Content/Meshes/mBuildings/mStructures using Guid(a3438276b2edb3b46b3d811a5f303934) Importer(2089858483,b0f066a214c2f5e87bad3c948f4d605d) (ScriptedImporter) -> (artifact id: '2735e1a3579ce5deac3c5ffcceed338d') in 0.0577181 seconds
Number of updated asset objects reloaded before import = 0Number of asset objects unloaded after import = 1

========================================================================
Received Import Request.
  Time since last request: 0.000051 seconds.
  path: Assets/Erufyta/Flooded_Grounds/Content/Textures
  artifactKey: Guid(f65e913b798083a4a8e3e24e0ec815ce) Importer(2089858483,b0f066a214c2f5e87bad3c948f4d605d)
Start importing Assets/Erufyta/Flooded_Grounds/Content/Textures using Guid(f65e913b798083a4a8e3e24e0ec815ce) Importer(2089858483,b0f066a214c2f5e87bad3c948f4d605d) (ScriptedImporter) -> (artifact id: '50a06d3d259a77b5877894bfad9774b6') in 0.0804626 seconds
Number of updated asset objects reloaded before import = 0Number of asset objects unloaded after import = 1

========================================================================
Received Import Request.
  Time since last request: 0.000065 seconds.
  path: Assets/Erufyta/Flooded_Grounds/Content/Textures/NAT_Grass1_AS.tif
  artifactKey: Guid(91d2eb104975da745b684b83e3cb8553) Importer(2089858483,b0f066a214c2f5e87bad3c948f4d605d)
Start importing Assets/Erufyta/Flooded_Grounds/Content/Textures/NAT_Grass1_AS.tif using Guid(91d2eb104975da745b684b83e3cb8553) Importer(2089858483,b0f066a214c2f5e87bad3c948f4d605d) (ScriptedImporter) -> (artifact id: '39c4b2f9492406faed204a330d84df9c') in 0.3981926 seconds
Number of updated asset objects reloaded before import = 0Number of asset objects unloaded after import = 1

========================================================================
Received Import Request.
  Time since last request: 0.000102 seconds.
  path: Assets/Erufyta/Flooded_Grounds/Prefabs/Buildings/Barns
  artifactKey: Guid(e481a572abbb50643bb10996e2f18d85) Importer(2089858483,b0f066a214c2f5e87bad3c948f4d605d)
Start importing Assets/Erufyta/Flooded_Grounds/Prefabs/Buildings/Barns using Guid(e481a572abbb50643bb10996e2f18d85) Importer(2089858483,b0f066a214c2f5e87bad3c948f4d605d) (ScriptedImporter) -> (artifact id: 'e58551cb45e80b47d782c732ef131758') in 0.0597247 seconds
Number of updated asset objects reloaded before import = 0Number of asset objects unloaded after import = 1

========================================================================
Received Import Request.
  Time since last request: 0.000122 seconds.
  path: Assets/Erufyta/Flooded_Grounds/Prefabs/Buildings/BrickHouse
  artifactKey: Guid(3d604d1df35d3224f911dbc38e82c129) Importer(2089858483,b0f066a214c2f5e87bad3c948f4d605d)
Start importing Assets/Erufyta/Flooded_Grounds/Prefabs/Buildings/BrickHouse using Guid(3d604d1df35d3224f911dbc38e82c129) Importer(2089858483,b0f066a214c2f5e87bad3c948f4d605d) (ScriptedImporter) -> (artifact id: 'a239fba53d1d66f0df1dc3745fb9734c') in 0.0584814 seconds
Number of updated asset objects reloaded before import = 0Number of asset objects unloaded after import = 1

========================================================================
Received Import Request.
  Time since last request: 0.000135 seconds.
  path: Assets/Erufyta/Flooded_Grounds/Content/Meshes/mBuildings/mChurches
  artifactKey: Guid(4f3538be3c9892b41b72a772be429bbc) Importer(2089858483,b0f066a214c2f5e87bad3c948f4d605d)
Start importing Assets/Erufyta/Flooded_Grounds/Content/Meshes/mBuildings/mChurches using Guid(4f3538be3c9892b41b72a772be429bbc) Importer(2089858483,b0f066a214c2f5e87bad3c948f4d605d) (ScriptedImporter) -> (artifact id: '8a4e4c270e50804f7ad3e9055f73435b') in 0.0577778 seconds
Number of updated asset objects reloaded before import = 0Number of asset objects unloaded after import = 1

========================================================================
Received Import Request.
  Time since last request: 0.000043 seconds.
  path: Assets/Erufyta/Flooded_Grounds/Scripts
  artifactKey: Guid(236776a4fe168de408d852a32dc02f04) Importer(2089858483,b0f066a214c2f5e87bad3c948f4d605d)
Start importing Assets/Erufyta/Flooded_Grounds/Scripts using Guid(236776a4fe168de408d852a32dc02f04) Importer(2089858483,b0f066a214c2f5e87bad3c948f4d605d) (ScriptedImporter) -> (artifact id: '3a259fc992e9b07a5116cc331ccf28f5') in 0.0408607 seconds
Number of updated asset objects reloaded before import = 0Number of asset objects unloaded after import = 1

========================================================================
Received Import Request.
  Time since last request: 0.000119 seconds.
  path: Assets/Erufyta/Flooded_Grounds/PostProcessing/Editor
  artifactKey: Guid(e0e418747b892364db5c5f4451e67ede) Importer(2089858483,b0f066a214c2f5e87bad3c948f4d605d)
Start importing Assets/Erufyta/Flooded_Grounds/PostProcessing/Editor using Guid(e0e418747b892364db5c5f4451e67ede) Importer(2089858483,b0f066a214c2f5e87bad3c948f4d605d) (ScriptedImporter) -> (artifact id: '02e5de6c47e5c8de0d3111a544f4d3ea') in 0.0453573 seconds
Number of updated asset objects reloaded before import = 0Number of asset objects unloaded after import = 1

========================================================================
Received Import Request.
  Time since last request: 0.000064 seconds.
  path: Assets/Erufyta/Flooded_Grounds/Prefabs/Buildings/IndBuilding1
  artifactKey: Guid(925ae77514072bd48a2a63bd5ab6e24a) Importer(2089858483,b0f066a214c2f5e87bad3c948f4d605d)
Start importing Assets/Erufyta/Flooded_Grounds/Prefabs/Buildings/IndBuilding1 using Guid(925ae77514072bd48a2a63bd5ab6e24a) Importer(2089858483,b0f066a214c2f5e87bad3c948f4d605d) (ScriptedImporter) -> (artifact id: 'e510397124c82191155901ccd96700a0') in 0.0411627 seconds
Number of updated asset objects reloaded before import = 0Number of asset objects unloaded after import = 1

========================================================================
Received Import Request.
  Time since last request: 0.000123 seconds.
  path: Assets/Erufyta/Flooded_Grounds/Prefabs/Buildings/Structures1
  artifactKey: Guid(f94134f37fa37334c886174cfd96b05f) Importer(2089858483,b0f066a214c2f5e87bad3c948f4d605d)
Start importing Assets/Erufyta/Flooded_Grounds/Prefabs/Buildings/Structures1 using Guid(f94134f37fa37334c886174cfd96b05f) Importer(2089858483,b0f066a214c2f5e87bad3c948f4d605d) (ScriptedImporter) -> (artifact id: 'c7e5201968ab278d5278701b2dd50694') in 0.0379839 seconds
Number of updated asset objects reloaded before import = 0Number of asset objects unloaded after import = 1

========================================================================
Received Import Request.
  Time since last request: 0.000060 seconds.
  path: Assets/Erufyta/Flooded_Grounds/Prefabs/Buildings/Churches
  artifactKey: Guid(57eced2b5a5e91a46a254c4ff0fd82f4) Importer(2089858483,b0f066a214c2f5e87bad3c948f4d605d)
Start importing Assets/Erufyta/Flooded_Grounds/Prefabs/Buildings/Churches using Guid(57eced2b5a5e91a46a254c4ff0fd82f4) Importer(2089858483,b0f066a214c2f5e87bad3c948f4d605d) (ScriptedImporter) -> (artifact id: 'ca779d8cde08ba72fedc418167325724') in 0.0429345 seconds
Number of updated asset objects reloaded before import = 0Number of asset objects unloaded after import = 1

========================================================================
Received Import Request.
  Time since last request: 0.000063 seconds.
  path: Assets/Erufyta/Flooded_Grounds/Content/Trees/SrcMeshes/Branch1.fbx
  artifactKey: Guid(7cc61490a77472b4782ecb5659f88274) Importer(2089858483,b0f066a214c2f5e87bad3c948f4d605d)
Start importing Assets/Erufyta/Flooded_Grounds/Content/Trees/SrcMeshes/Branch1.fbx using Guid(7cc61490a77472b4782ecb5659f88274) Importer(2089858483,b0f066a214c2f5e87bad3c948f4d605d) (ScriptedImporter) -> (artifact id: '367c58a2b1c6b50fbe2cb435867987d1') in 0.2202746 seconds
Number of updated asset objects reloaded before import = 0Number of asset objects unloaded after import = 7

========================================================================
Received Import Request.
  Time since last request: 0.000050 seconds.
  path: Assets/Erufyta/Flooded_Grounds/PostProcessing/Textures/Spectral LUTs
  artifactKey: Guid(67d9249960fda4c41b0a23a65573a8a2) Importer(2089858483,b0f066a214c2f5e87bad3c948f4d605d)
Start importing Assets/Erufyta/Flooded_Grounds/PostProcessing/Textures/Spectral LUTs using Guid(67d9249960fda4c41b0a23a65573a8a2) Importer(2089858483,b0f066a214c2f5e87bad3c948f4d605d) (ScriptedImporter) -> (artifact id: 'd07931de958bffc69f3d9dc0aad80875') in 0.0348591 seconds
Number of updated asset objects reloaded before import = 0Number of asset objects unloaded after import = 1

========================================================================
Received Prepare
Assembly reference Packages/com.unity.cinemachine/Editor/Samples/ExposeHDRPInternals/HDRP-Editor-ref.asmref has no target assembly definition
Assembly reference Packages/com.unity.cinemachine/Editor/Samples/ExposeHDRPInternals/HDRP-Editor-ref.asmref has no target assembly definition
Begin MonoManager ReloadAssembly
[Licensing::Client] Successfully resolved entitlement details
Symbol file LoadedFromMemory is not a mono symbol file
- Loaded All Assemblies, in  4.068 seconds
Assembly reference Packages/com.unity.cinemachine/Editor/Samples/ExposeHDRPInternals/HDRP-Editor-ref.asmref has no target assembly definition
'Packages/com.unity.cinemachine/Editor/Obsolete/CinemachineVirtualCameraBaseEditor.cs' contains partial class of Unity.Object, exactly 1 of the partial classes needs to be in a file with the same filename. This is to know the one that can be referenced from ie. GameObjects
'Packages/com.unity.cinemachine/Editor/Editors/CinemachineVirtualCameraBaseEditor.cs' contains partial class of Unity.Object, exactly 1 of the partial classes needs to be in a file with the same filename. This is to know the one that can be referenced from ie. GameObjects
Refreshing native plugins compatible for Editor in 5.14 ms, found 3 plugins.
Native extension for WindowsStandalone target not found
Native extension for WebGL target not found
Assembly reference Packages/com.unity.cinemachine/Editor/Samples/ExposeHDRPInternals/HDRP-Editor-ref.asmref has no target assembly definition
[Package Manager] Failed to launch server process. Reason: Unity was launched with the -noUpm command-line argument
[Package Manager] Unable to send message (not connected to server process).
[Package Manager] Cannot connect to Unity Package Manager local server
[Package Manager] Failed to launch server process. Reason: Unity was launched with the -noUpm command-line argument
[Package Manager] Unable to send message (not connected to server process).
[Package Manager] Cannot connect to Unity Package Manager local server
ScheduleIndexationOnStartup MainProcess:False IndexOnStartup:True
Mono: successfully reloaded assembly
- Finished resetting the current domain, in  3.220 seconds
Domain Reload Profiling: 7266ms
	BeginReloadAssembly (690ms)
		ExecutionOrderSort (0ms)
		DisableScriptedObjects (15ms)
		BackupInstance (0ms)
		ReleaseScriptingObjects (1ms)
		CreateAndSetChildDomain (228ms)
	RebuildCommonClasses (106ms)
	RebuildNativeTypeToScriptingClass (53ms)
	initialDomainReloadingComplete (150ms)
	LoadAllAssembliesAndSetupDomain (3046ms)
		LoadAssemblies (2134ms)
		RebuildTransferFunctionScriptingTraits (0ms)
		AnalyzeDomain (1186ms)
			TypeCache.Refresh (59ms)
				TypeCache.ScanAssembly (0ms)
			BuildScriptInfoCaches (1083ms)
			ResolveRequiredComponents (30ms)
	FinalizeReload (3221ms)
		ReleaseScriptCaches (0ms)
		RebuildScriptCaches (0ms)
		SetupLoadedEditorAssemblies (2762ms)
			LogAssemblyErrors (0ms)
			InitializePlatformSupportModulesInManaged (7ms)
			SetLoadedEditorAssemblies (18ms)
			BeforeProcessingInitializeOnLoad (652ms)
			ProcessInitializeOnLoadAttributes (1912ms)
			ProcessInitializeOnLoadMethodAttributes (148ms)
			AfterProcessingInitializeOnLoad (23ms)
			EditorAssembliesLoaded (1ms)
		ExecutionOrderSort2 (0ms)
		AwakeInstancesAfterBackupRestoration (47ms)
Refreshing native plugins compatible for Editor in 45.08 ms, found 3 plugins.
Preloading 0 native plugins for Editor in 0.00 ms.
Unloading 22 Unused Serialized files (Serialized files now loaded: 0)
Unloading 6797 unused Assets / (5.0 MB). Loaded Objects now: 7677.
Memory consumption went from 179.1 MB to 174.2 MB.
Total: 220.661000 ms (FindLiveObjects: 30.164000 ms CreateObjectMapping: 6.961700 ms MarkObjects: 110.100600 ms  DeleteObjects: 73.343500 ms)

Prepare: number of updated asset objects reloaded= 0
========================================================================
Received Import Request.
  Time since last request: 509.969164 seconds.
  path: Assets/New Terrain 1.asset
  artifactKey: Guid(54d9134d3c3c9664f89ad13b31511a39) Importer(815301076,1909f56bfc062723c751e8b465ee728b)
Start importing Assets/New Terrain 1.asset using Guid(54d9134d3c3c9664f89ad13b31511a39) Importer(815301076,1909f56bfc062723c751e8b465ee728b) (PreviewImporter) -> (artifact id: '724af6ba160eb5a0817c1a46d3663903') in 2.530921 seconds
Number of updated asset objects reloaded before import = 0Number of asset objects unloaded after import = 5

========================================================================
Received Import Request.
  Time since last request: 56.553652 seconds.
  path: Assets/TerrainData_1b19177e-fb15-4808-8afc-e59efc42df36.asset
  artifactKey: Guid(c074d9729e95e054cbc4a70f843f5d04) Importer(815301076,1909f56bfc062723c751e8b465ee728b)
Start importing Assets/TerrainData_1b19177e-fb15-4808-8afc-e59efc42df36.asset using Guid(c074d9729e95e054cbc4a70f843f5d04) Importer(815301076,1909f56bfc062723c751e8b465ee728b) (PreviewImporter) -> (artifact id: '75c5f9ed3e586067d014e431875297f6') in 0.2138428 seconds
Number of updated asset objects reloaded before import = 0Number of asset objects unloaded after import = 3

========================================================================
Received Import Request.
  Time since last request: 142.849057 seconds.
  path: Assets/Erufyta/Flooded_Grounds/Prefabs/Buildings/IndBuilding2
  artifactKey: Guid(d498a6c01cfbdbe4d924b207d5944871) Importer(2089858483,b0f066a214c2f5e87bad3c948f4d605d)
Start importing Assets/Erufyta/Flooded_Grounds/Prefabs/Buildings/IndBuilding2 using Guid(d498a6c01cfbdbe4d924b207d5944871) Importer(2089858483,b0f066a214c2f5e87bad3c948f4d605d) (ScriptedImporter) -> (artifact id: '820a951d2f206b0d43443c22d77d7b16') in 0.6028895 seconds
Number of updated asset objects reloaded before import = 0Number of asset objects unloaded after import = 1

========================================================================
Received Import Request.
  Time since last request: 0.000032 seconds.
  path: Assets/Erufyta/Flooded_Grounds/Prefabs/Buildings/IndBuilding1/IndBuilding1_Deco_IntColumn_Mid.prefab
  artifactKey: Guid(dc203fb0cc8d7e34c8a64e7cba631d02) Importer(2089858483,b0f066a214c2f5e87bad3c948f4d605d)
Start importing Assets/Erufyta/Flooded_Grounds/Prefabs/Buildings/IndBuilding1/IndBuilding1_Deco_IntColumn_Mid.prefab using Guid(dc203fb0cc8d7e34c8a64e7cba631d02) Importer(2089858483,b0f066a214c2f5e87bad3c948f4d605d) (ScriptedImporter) -> (artifact id: '9f154d21e4b8791ac1f7130370521dde') in 0.6605274 seconds
Number of updated asset objects reloaded before import = 0Number of asset objects unloaded after import = 7

========================================================================
Received Import Request.
  Time since last request: 0.000055 seconds.
  path: Assets/Erufyta/Flooded_Grounds/Prefabs/Buildings/BrickHouse/BrickHouse_Floor_Mid_A.prefab
  artifactKey: Guid(241fefb01734dcb4bb0b659e97880922) Importer(2089858483,b0f066a214c2f5e87bad3c948f4d605d)
Start importing Assets/Erufyta/Flooded_Grounds/Prefabs/Buildings/BrickHouse/BrickHouse_Floor_Mid_A.prefab using Guid(241fefb01734dcb4bb0b659e97880922) Importer(2089858483,b0f066a214c2f5e87bad3c948f4d605d) (ScriptedImporter) -> (artifact id: '72c7db6db7bc9ca3156fc5fcda492734') in 0.0861958 seconds
Number of updated asset objects reloaded before import = 0Number of asset objects unloaded after import = 8

========================================================================
Received Import Request.
  Time since last request: 0.000032 seconds.
  path: Assets/Erufyta/Flooded_Grounds/PostProcessing/Editor/Models/BloomModelEditor.cs
  artifactKey: Guid(a95f3f10e7e437c49ade656f531b30d2) Importer(2089858483,b0f066a214c2f5e87bad3c948f4d605d)
Start importing Assets/Erufyta/Flooded_Grounds/PostProcessing/Editor/Models/BloomModelEditor.cs using Guid(a95f3f10e7e437c49ade656f531b30d2) Importer(2089858483,b0f066a214c2f5e87bad3c948f4d605d) (ScriptedImporter) -> (artifact id: 'c94b0c4e2825ee64ec61e50a8b9025cd') in 0.0704451 seconds
Number of updated asset objects reloaded before import = 0Number of asset objects unloaded after import = 0

========================================================================
Received Import Request.
  Time since last request: 0.000034 seconds.
  path: Assets/Erufyta/Flooded_Grounds
  artifactKey: Guid(a940be87c29b09248bf766b3ab5a8372) Importer(2089858483,b0f066a214c2f5e87bad3c948f4d605d)
Start importing Assets/Erufyta/Flooded_Grounds using Guid(a940be87c29b09248bf766b3ab5a8372) Importer(2089858483,b0f066a214c2f5e87bad3c948f4d605d) (ScriptedImporter) -> (artifact id: '07a3b01c9a0060e7d3dca292d970c716') in 0.0786866 seconds
Number of updated asset objects reloaded before import = 0Number of asset objects unloaded after import = 1

========================================================================
Received Import Request.
  Time since last request: 0.000024 seconds.
  path: Assets/Erufyta/Flooded_Grounds/Prefabs/Sounds
  artifactKey: Guid(1838b351770f5db4e864448dc7387a07) Importer(2089858483,b0f066a214c2f5e87bad3c948f4d605d)
Start importing Assets/Erufyta/Flooded_Grounds/Prefabs/Sounds using Guid(1838b351770f5db4e864448dc7387a07) Importer(2089858483,b0f066a214c2f5e87bad3c948f4d605d) (ScriptedImporter) -> (artifact id: 'a8a2c473042678cb8dad00501a9b2b86') in 0.068795 seconds
Number of updated asset objects reloaded before import = 0Number of asset objects unloaded after import = 1

========================================================================
Received Import Request.
  Time since last request: 0.000077 seconds.
  path: Assets/Erufyta/Flooded_Grounds/Content/Textures/BLD_Structures2_A.tif
  artifactKey: Guid(8ce9e8e0e51197740b72b5431107c730) Importer(2089858483,b0f066a214c2f5e87bad3c948f4d605d)
Start importing Assets/Erufyta/Flooded_Grounds/Content/Textures/BLD_Structures2_A.tif using Guid(8ce9e8e0e51197740b72b5431107c730) Importer(2089858483,b0f066a214c2f5e87bad3c948f4d605d) (ScriptedImporter) -> (artifact id: '48c23a4d321608b1639c62611c1d3c65') in 0.3368833 seconds
Number of updated asset objects reloaded before import = 0Number of asset objects unloaded after import = 1

========================================================================
Received Import Request.
  Time since last request: 0.000024 seconds.
  path: Assets/Erufyta/Flooded_Grounds/PostProcessing/Resources/Shaders/FXAA.shader
  artifactKey: Guid(291f0d5b6045f4646847c59b4ce13ac5) Importer(2089858483,b0f066a214c2f5e87bad3c948f4d605d)
Start importing Assets/Erufyta/Flooded_Grounds/PostProcessing/Resources/Shaders/FXAA.shader using Guid(291f0d5b6045f4646847c59b4ce13ac5) Importer(2089858483,b0f066a214c2f5e87bad3c948f4d605d) (ScriptedImporter) -> (artifact id: 'fbfb2ce62a938ae4a7db3b53d914e3bd') in 0.0442859 seconds
Number of updated asset objects reloaded before import = 0Number of asset objects unloaded after import = 1

========================================================================
Received Import Request.
  Time since last request: 0.000036 seconds.
  path: Assets/Erufyta/Flooded_Grounds/Prefabs/Nature/Trees/TreeCreator_Crinkly_B_Textures
  artifactKey: Guid(30d36c47d9abcc848ba4be2f64828fa5) Importer(2089858483,b0f066a214c2f5e87bad3c948f4d605d)
Start importing Assets/Erufyta/Flooded_Grounds/Prefabs/Nature/Trees/TreeCreator_Crinkly_B_Textures using Guid(30d36c47d9abcc848ba4be2f64828fa5) Importer(2089858483,b0f066a214c2f5e87bad3c948f4d605d) (ScriptedImporter) -> (artifact id: '3a320a7522919fd1f7e0c5ab081c3ed1') in 0.0329547 seconds
Number of updated asset objects reloaded before import = 0Number of asset objects unloaded after import = 1

========================================================================
Received Prepare
Assembly reference Packages/com.unity.cinemachine/Editor/Samples/ExposeHDRPInternals/HDRP-Editor-ref.asmref has no target assembly definition
Assembly reference Packages/com.unity.cinemachine/Editor/Samples/ExposeHDRPInternals/HDRP-Editor-ref.asmref has no target assembly definition
Begin MonoManager ReloadAssembly
[Licensing::Client] Successfully resolved entitlement details
Symbol file LoadedFromMemory is not a mono symbol file
- Loaded All Assemblies, in 12.369 seconds
Assembly reference Packages/com.unity.cinemachine/Editor/Samples/ExposeHDRPInternals/HDRP-Editor-ref.asmref has no target assembly definition
'Packages/com.unity.cinemachine/Editor/Obsolete/CinemachineVirtualCameraBaseEditor.cs' contains partial class of Unity.Object, exactly 1 of the partial classes needs to be in a file with the same filename. This is to know the one that can be referenced from ie. GameObjects
'Packages/com.unity.cinemachine/Editor/Editors/CinemachineVirtualCameraBaseEditor.cs' contains partial class of Unity.Object, exactly 1 of the partial classes needs to be in a file with the same filename. This is to know the one that can be referenced from ie. GameObjects
Refreshing native plugins compatible for Editor in 3.20 ms, found 3 plugins.
Native extension for WindowsStandalone target not found
Native extension for WebGL target not found
Assembly reference Packages/com.unity.cinemachine/Editor/Samples/ExposeHDRPInternals/HDRP-Editor-ref.asmref has no target assembly definition
[Package Manager] Failed to launch server process. Reason: Unity was launched with the -noUpm command-line argument
[Package Manager] Unable to send message (not connected to server process).
[Package Manager] Cannot connect to Unity Package Manager local server
[Package Manager] Failed to launch server process. Reason: Unity was launched with the -noUpm command-line argument
[Package Manager] Unable to send message (not connected to server process).
[Package Manager] Cannot connect to Unity Package Manager local server
ScheduleIndexationOnStartup MainProcess:False IndexOnStartup:True
Mono: successfully reloaded assembly
- Finished resetting the current domain, in  5.585 seconds
Domain Reload Profiling: 17992ms
	BeginReloadAssembly (3839ms)
		ExecutionOrderSort (0ms)
		DisableScriptedObjects (89ms)
		BackupInstance (0ms)
		ReleaseScriptingObjects (7ms)
		CreateAndSetChildDomain (2559ms)
	RebuildCommonClasses (198ms)
	RebuildNativeTypeToScriptingClass (56ms)
	initialDomainReloadingComplete (206ms)
	LoadAllAssembliesAndSetupDomain (8107ms)
		LoadAssemblies (5529ms)
		RebuildTransferFunctionScriptingTraits (0ms)
		AnalyzeDomain (3237ms)
			TypeCache.Refresh (134ms)
				TypeCache.ScanAssembly (0ms)
			BuildScriptInfoCaches (2929ms)
			ResolveRequiredComponents (55ms)
	FinalizeReload (5586ms)
		ReleaseScriptCaches (0ms)
		RebuildScriptCaches (0ms)
		SetupLoadedEditorAssemblies (4971ms)
			LogAssemblyErrors (0ms)
			InitializePlatformSupportModulesInManaged (11ms)
			SetLoadedEditorAssemblies (25ms)
			BeforeProcessingInitializeOnLoad (835ms)
			ProcessInitializeOnLoadAttributes (3725ms)
			ProcessInitializeOnLoadMethodAttributes (343ms)
			AfterProcessingInitializeOnLoad (28ms)
			EditorAssembliesLoaded (4ms)
		ExecutionOrderSort2 (0ms)
		AwakeInstancesAfterBackupRestoration (56ms)
Refreshing native plugins compatible for Editor in 34.67 ms, found 3 plugins.
Preloading 0 native plugins for Editor in 0.00 ms.
Unloading 22 Unused Serialized files (Serialized files now loaded: 0)
Unloading 6797 unused Assets / (5.3 MB). Loaded Objects now: 7683.
Memory consumption went from 179.5 MB to 174.2 MB.
Total: 150.079800 ms (FindLiveObjects: 17.075000 ms CreateObjectMapping: 3.512900 ms MarkObjects: 101.017100 ms  DeleteObjects: 27.692400 ms)

Prepare: number of updated asset objects reloaded= 0
========================================================================
Received Import Request.
  Time since last request: 157.723124 seconds.
  path: Assets/Erufyta/Flooded_Grounds/Content/Meshes/mNature/mBushes
  artifactKey: Guid(955d649fb90c8e14a984ef31f97a97b8) Importer(2089858483,b0f066a214c2f5e87bad3c948f4d605d)
Start importing Assets/Erufyta/Flooded_Grounds/Content/Meshes/mNature/mBushes using Guid(955d649fb90c8e14a984ef31f97a97b8) Importer(2089858483,b0f066a214c2f5e87bad3c948f4d605d) (ScriptedImporter) -> (artifact id: '680adee1593f69f7e7221b1d0c489913') in 1.2927567 seconds
Number of updated asset objects reloaded before import = 0Number of asset objects unloaded after import = 1

========================================================================
Received Import Request.
  Time since last request: 0.000901 seconds.
  path: Assets/Erufyta/Flooded_Grounds/PostProcessing/Resources/Bluenoise64/LDR_LLL1_55.png
  artifactKey: Guid(5e542d0126a2c7848b66bffc428905fd) Importer(2089858483,b0f066a214c2f5e87bad3c948f4d605d)
Start importing Assets/Erufyta/Flooded_Grounds/PostProcessing/Resources/Bluenoise64/LDR_LLL1_55.png using Guid(5e542d0126a2c7848b66bffc428905fd) Importer(2089858483,b0f066a214c2f5e87bad3c948f4d605d) (ScriptedImporter) -> (artifact id: '451b02aaf68fe2fad120f84b83eeda37') in 0.50413 seconds
Number of updated asset objects reloaded before import = 0Number of asset objects unloaded after import = 1

========================================================================
Received Import Request.
  Time since last request: 0.000213 seconds.
  path: Assets/Erufyta/Flooded_Grounds/Prefabs/Nature/Trees/TreeCreator_Small_A_Textures/translucency_gloss.png
  artifactKey: Guid(04f2c1f076e4bdc458bdb08eea9b7911) Importer(2089858483,b0f066a214c2f5e87bad3c948f4d605d)
Start importing Assets/Erufyta/Flooded_Grounds/Prefabs/Nature/Trees/TreeCreator_Small_A_Textures/translucency_gloss.png using Guid(04f2c1f076e4bdc458bdb08eea9b7911) Importer(2089858483,b0f066a214c2f5e87bad3c948f4d605d) (ScriptedImporter) -> (artifact id: '7d86c2ea665cd4f7e389bca962e007b7') in 0.2126485 seconds
Number of updated asset objects reloaded before import = 0Number of asset objects unloaded after import = 1

========================================================================
Received Import Request.
  Time since last request: 0.000056 seconds.
  path: Assets/Erufyta/Flooded_Grounds/PostProcessing/Textures/LUTs
  artifactKey: Guid(499867e2df2e54e4aad0b9333221f875) Importer(2089858483,b0f066a214c2f5e87bad3c948f4d605d)
Start importing Assets/Erufyta/Flooded_Grounds/PostProcessing/Textures/LUTs using Guid(499867e2df2e54e4aad0b9333221f875) Importer(2089858483,b0f066a214c2f5e87bad3c948f4d605d) (ScriptedImporter) -> (artifact id: '56eb6f2345f98e0831763bcd486cc71d') in 0.0989013 seconds
Number of updated asset objects reloaded before import = 0Number of asset objects unloaded after import = 1

========================================================================
Received Import Request.
  Time since last request: 0.000095 seconds.
  path: Assets/Erufyta/Flooded_Grounds/PostProcessing/Utilities/CustomMotionTexture/Shaders
  artifactKey: Guid(8e565c240745c49628f96f0573adfa76) Importer(2089858483,b0f066a214c2f5e87bad3c948f4d605d)
Start importing Assets/Erufyta/Flooded_Grounds/PostProcessing/Utilities/CustomMotionTexture/Shaders using Guid(8e565c240745c49628f96f0573adfa76) Importer(2089858483,b0f066a214c2f5e87bad3c948f4d605d) (ScriptedImporter) -> (artifact id: '8c7c9f9ad12e9b3c7ba2d9fe2352deb7') in 0.0460885 seconds
Number of updated asset objects reloaded before import = 0Number of asset objects unloaded after import = 1

========================================================================
Received Import Request.
  Time since last request: 0.000077 seconds.
  path: Assets/Erufyta/Flooded_Grounds/Prefabs/Buildings/Villa2/Villa2_Base_Ext_A.prefab
  artifactKey: Guid(58212b31b018cdb4d8b7ef95d6a1c5c9) Importer(2089858483,b0f066a214c2f5e87bad3c948f4d605d)
Start importing Assets/Erufyta/Flooded_Grounds/Prefabs/Buildings/Villa2/Villa2_Base_Ext_A.prefab using Guid(58212b31b018cdb4d8b7ef95d6a1c5c9) Importer(2089858483,b0f066a214c2f5e87bad3c948f4d605d) (ScriptedImporter) -> (artifact id: 'a215a11c60dc43fa54f092a2440b59dd') in 0.7901054 seconds
Number of updated asset objects reloaded before import = 0Number of asset objects unloaded after import = 7

========================================================================
Received Import Request.
  Time since last request: 0.000048 seconds.
  path: Assets/Erufyta/Flooded_Grounds/Content/Materials
  artifactKey: Guid(5c3f1ab731e541841b79f7a5d2f1b27e) Importer(2089858483,b0f066a214c2f5e87bad3c948f4d605d)
Start importing Assets/Erufyta/Flooded_Grounds/Content/Materials using Guid(5c3f1ab731e541841b79f7a5d2f1b27e) Importer(2089858483,b0f066a214c2f5e87bad3c948f4d605d) (ScriptedImporter) -> (artifact id: '87833ad8fb3883d094237770704772d5') in 0.0223837 seconds
Number of updated asset objects reloaded before import = 0Number of asset objects unloaded after import = 1

========================================================================
Received Import Request.
  Time since last request: 0.000023 seconds.
  path: Assets/Erufyta/Flooded_Grounds/Prefabs/Buildings/Villa2/Villa2_IntStairs_B.prefab
  artifactKey: Guid(4b7d9b40e1557ad478dd49cbeb97696a) Importer(2089858483,b0f066a214c2f5e87bad3c948f4d605d)
Start importing Assets/Erufyta/Flooded_Grounds/Prefabs/Buildings/Villa2/Villa2_IntStairs_B.prefab using Guid(4b7d9b40e1557ad478dd49cbeb97696a) Importer(2089858483,b0f066a214c2f5e87bad3c948f4d605d) (ScriptedImporter) -> (artifact id: 'c6c8296840b8b9c20edc9d56dbb249cd') in 0.0456 seconds
Number of updated asset objects reloaded before import = 0Number of asset objects unloaded after import = 7

========================================================================
Received Import Request.
  Time since last request: 0.455914 seconds.
  path: Assets/Erufyta/Flooded_Grounds/PostProcessing/Utilities/CustomMotionTexture/ExampleScene.unity
  artifactKey: Guid(ed3a9f41209f84f6db99e07013da9628) Importer(2089858483,b0f066a214c2f5e87bad3c948f4d605d)
Start importing Assets/Erufyta/Flooded_Grounds/PostProcessing/Utilities/CustomMotionTexture/ExampleScene.unity using Guid(ed3a9f41209f84f6db99e07013da9628) Importer(2089858483,b0f066a214c2f5e87bad3c948f4d605d) (ScriptedImporter) -> (artifact id: 'adb4a8142cbf1e9522aeac624b475ab9') in 0.0722498 seconds
Number of updated asset objects reloaded before import = 0Number of asset objects unloaded after import = 1

========================================================================
Received Import Request.
  Time since last request: 0.000049 seconds.
  path: Assets/Erufyta/Flooded_Grounds/PostProcessing/Runtime/Components/BuiltinDebugViewsComponent.cs
  artifactKey: Guid(fd834b6165e82e64f9da2d4ed9f4e236) Importer(2089858483,b0f066a214c2f5e87bad3c948f4d605d)
Start importing Assets/Erufyta/Flooded_Grounds/PostProcessing/Runtime/Components/BuiltinDebugViewsComponent.cs using Guid(fd834b6165e82e64f9da2d4ed9f4e236) Importer(2089858483,b0f066a214c2f5e87bad3c948f4d605d) (ScriptedImporter) -> (artifact id: '693bccbc7694ed9f9bc84e05f759ae46') in 0.115922 seconds
Number of updated asset objects reloaded before import = 0Number of asset objects unloaded after import = 0

========================================================================
Received Import Request.
  Time since last request: 0.000173 seconds.
  path: Assets/Erufyta/Flooded_Grounds/Content/Meshes/mNature/mGrass/Grass_Tall_C.fbx
  artifactKey: Guid(b88efc51f73550a428a72844ccd19b72) Importer(2089858483,b0f066a214c2f5e87bad3c948f4d605d)
Start importing Assets/Erufyta/Flooded_Grounds/Content/Meshes/mNature/mGrass/Grass_Tall_C.fbx using Guid(b88efc51f73550a428a72844ccd19b72) Importer(2089858483,b0f066a214c2f5e87bad3c948f4d605d) (ScriptedImporter) -> (artifact id: '9952caf7fea2b28e7dde8bf0a23c7f99') in 0.3066477 seconds
Number of updated asset objects reloaded before import = 0Number of asset objects unloaded after import = 7

========================================================================
Received Import Request.
  Time since last request: 0.000223 seconds.
  path: Assets/Erufyta/Flooded_Grounds/PostProcessing/Textures/Spectral LUTs/SpectralLut_PurpleGreen.tga
  artifactKey: Guid(42183971d24cfe443a346e7ec6e83bbb) Importer(2089858483,b0f066a214c2f5e87bad3c948f4d605d)
Start importing Assets/Erufyta/Flooded_Grounds/PostProcessing/Textures/Spectral LUTs/SpectralLut_PurpleGreen.tga using Guid(42183971d24cfe443a346e7ec6e83bbb) Importer(2089858483,b0f066a214c2f5e87bad3c948f4d605d) (ScriptedImporter) -> (artifact id: 'ab89cfa43ce8968f81203a49ee033b72') in 0.1003268 seconds
Number of updated asset objects reloaded before import = 0Number of asset objects unloaded after import = 1

========================================================================
Received Import Request.
  Time since last request: 0.000225 seconds.
  path: Assets/Erufyta/Flooded_Grounds/Prefabs/Buildings/IndBuilding1/IndBuilding1_IntStairs_A.prefab
  artifactKey: Guid(8a201771cc9ff174098d36a9f9bca350) Importer(2089858483,b0f066a214c2f5e87bad3c948f4d605d)
Start importing Assets/Erufyta/Flooded_Grounds/Prefabs/Buildings/IndBuilding1/IndBuilding1_IntStairs_A.prefab using Guid(8a201771cc9ff174098d36a9f9bca350) Importer(2089858483,b0f066a214c2f5e87bad3c948f4d605d) (ScriptedImporter) -> (artifact id: '069e97f39d998b896794e59d5e5774a8') in 0.1107827 seconds
Number of updated asset objects reloaded before import = 0Number of asset objects unloaded after import = 7

========================================================================
Received Import Request.
  Time since last request: 0.000078 seconds.
  path: Assets/Erufyta/Flooded_Grounds/PostProcessing/Resources/Shaders/MotionBlur.cginc
  artifactKey: Guid(c83956915580e42489479d2a109470ab) Importer(2089858483,b0f066a214c2f5e87bad3c948f4d605d)
Start importing Assets/Erufyta/Flooded_Grounds/PostProcessing/Resources/Shaders/MotionBlur.cginc using Guid(c83956915580e42489479d2a109470ab) Importer(2089858483,b0f066a214c2f5e87bad3c948f4d605d) (ScriptedImporter) -> (artifact id: 'ef622fc327c7a25539a5aaa5d14468c0') in 0.0822336 seconds
Number of updated asset objects reloaded before import = 0Number of asset objects unloaded after import = 1

========================================================================
Received Import Request.
  Time since last request: 0.000048 seconds.
  path: Assets/Terrain
  artifactKey: Guid(d7c68b2b815684d43bd021b7b370eff6) Importer(815301076,1909f56bfc062723c751e8b465ee728b)
Start importing Assets/Terrain using Guid(d7c68b2b815684d43bd021b7b370eff6) Importer(815301076,1909f56bfc062723c751e8b465ee728b) (PreviewImporter) -> (artifact id: '32b0dfc025f8f8425d42248751f4ee48') in 0.0039821 seconds
Number of updated asset objects reloaded before import = 0Number of asset objects unloaded after import = 0

========================================================================
Received Import Request.
  Time since last request: 0.000120 seconds.
  path: Assets/Erufyta/Flooded_Grounds/Prefabs/Nature/Grass/Grass_Small_C.prefab
  artifactKey: Guid(1d2935b10b358a344ad9cf0a415ea3fb) Importer(2089858483,b0f066a214c2f5e87bad3c948f4d605d)
Start importing Assets/Erufyta/Flooded_Grounds/Prefabs/Nature/Grass/Grass_Small_C.prefab using Guid(1d2935b10b358a344ad9cf0a415ea3fb) Importer(2089858483,b0f066a214c2f5e87bad3c948f4d605d) (ScriptedImporter) -> (artifact id: '0976b40fbe1b3fccfd7f3580b0a57ac6') in 0.1310023 seconds
Number of updated asset objects reloaded before import = 0Number of asset objects unloaded after import = 8

========================================================================
Received Import Request.
  Time since last request: 0.000173 seconds.
  path: Assets/Erufyta/Flooded_Grounds/Prefabs/Buildings/Villa2/Villa2_Wall_Mid_E.prefab
  artifactKey: Guid(972aaba145b0af74a808d2d941ab913b) Importer(2089858483,b0f066a214c2f5e87bad3c948f4d605d)
Start importing Assets/Erufyta/Flooded_Grounds/Prefabs/Buildings/Villa2/Villa2_Wall_Mid_E.prefab using Guid(972aaba145b0af74a808d2d941ab913b) Importer(2089858483,b0f066a214c2f5e87bad3c948f4d605d) (ScriptedImporter) -> (artifact id: '9ad10d479758de4c611acaa35981a9d1') in 0.0834629 seconds
Number of updated asset objects reloaded before import = 0Number of asset objects unloaded after import = 7

========================================================================
Received Import Request.
  Time since last request: 0.000106 seconds.
  path: Assets/Erufyta/Flooded_Grounds/Prefabs/Nature/Grass/Grass_Med_A.prefab
  artifactKey: Guid(5d46f571dcc2a664381f8adff96066b2) Importer(2089858483,b0f066a214c2f5e87bad3c948f4d605d)
Start importing Assets/Erufyta/Flooded_Grounds/Prefabs/Nature/Grass/Grass_Med_A.prefab using Guid(5d46f571dcc2a664381f8adff96066b2) Importer(2089858483,b0f066a214c2f5e87bad3c948f4d605d) (ScriptedImporter) -> (artifact id: '53f752001718656f22980bae31d1dcc9') in 0.0830956 seconds
Number of updated asset objects reloaded before import = 0Number of asset objects unloaded after import = 8

========================================================================
Received Import Request.
  Time since last request: 0.000048 seconds.
  path: Assets/Erufyta/Flooded_Grounds/PostProcessing/Editor/PostProcessingFactory.cs
  artifactKey: Guid(0dfcadb180d67014cb0a6e18d6b11f90) Importer(2089858483,b0f066a214c2f5e87bad3c948f4d605d)
Start importing Assets/Erufyta/Flooded_Grounds/PostProcessing/Editor/PostProcessingFactory.cs using Guid(0dfcadb180d67014cb0a6e18d6b11f90) Importer(2089858483,b0f066a214c2f5e87bad3c948f4d605d) (ScriptedImporter) -> (artifact id: 'e1730daeef14d2dda94483bb94372d21') in 0.0536751 seconds
Number of updated asset objects reloaded before import = 0Number of asset objects unloaded after import = 0

========================================================================
Received Import Request.
  Time since last request: 0.000080 seconds.
  path: Assets/Erufyta/Flooded_Grounds/Prefabs/Nature/Trees/TreeCreator_Tall_B_Textures/diffuse.png
  artifactKey: Guid(509121c1adb7f614b82d9820fedda9fb) Importer(2089858483,b0f066a214c2f5e87bad3c948f4d605d)
Start importing Assets/Erufyta/Flooded_Grounds/Prefabs/Nature/Trees/TreeCreator_Tall_B_Textures/diffuse.png using Guid(509121c1adb7f614b82d9820fedda9fb) Importer(2089858483,b0f066a214c2f5e87bad3c948f4d605d) (ScriptedImporter) -> (artifact id: 'c4a0e34ac6ff6fdd45b859c02852ca6f') in 0.1158034 seconds
Number of updated asset objects reloaded before import = 0Number of asset objects unloaded after import = 1

========================================================================
Received Import Request.
  Time since last request: 0.000078 seconds.
  path: Assets/Erufyta/Flooded_Grounds/PostProcessing/Resources/Shaders/GrainGen.shader
  artifactKey: Guid(11852d1b1b034654bb03e7c8fda28fbf) Importer(2089858483,b0f066a214c2f5e87bad3c948f4d605d)
Start importing Assets/Erufyta/Flooded_Grounds/PostProcessing/Resources/Shaders/GrainGen.shader using Guid(11852d1b1b034654bb03e7c8fda28fbf) Importer(2089858483,b0f066a214c2f5e87bad3c948f4d605d) (ScriptedImporter) -> (artifact id: '17928935d384f4aded454a75cf652c7e') in 0.0690897 seconds
Number of updated asset objects reloaded before import = 0Number of asset objects unloaded after import = 1

========================================================================
Received Import Request.
  Time since last request: 0.000160 seconds.
  path: Assets/Erufyta/Flooded_Grounds/Prefabs/Buildings/IndBuilding1/IndBuilding1_Wall_Int_A.prefab
  artifactKey: Guid(b5c6f1e15b5541a4990e2f0b2715e6be) Importer(2089858483,b0f066a214c2f5e87bad3c948f4d605d)
Start importing Assets/Erufyta/Flooded_Grounds/Prefabs/Buildings/IndBuilding1/IndBuilding1_Wall_Int_A.prefab using Guid(b5c6f1e15b5541a4990e2f0b2715e6be) Importer(2089858483,b0f066a214c2f5e87bad3c948f4d605d) (ScriptedImporter) -> (artifact id: '3811adac23835c78b28cd7e949b5c659') in 0.0830622 seconds
Number of updated asset objects reloaded before import = 0Number of asset objects unloaded after import = 7

========================================================================
Received Import Request.
  Time since last request: 0.000136 seconds.
  path: Assets/Erufyta/Flooded_Grounds/PostProcessing/Resources/Shaders/Bloom.shader
  artifactKey: Guid(4ceb73bc148699b469361531d6062548) Importer(2089858483,b0f066a214c2f5e87bad3c948f4d605d)
Start importing Assets/Erufyta/Flooded_Grounds/PostProcessing/Resources/Shaders/Bloom.shader using Guid(4ceb73bc148699b469361531d6062548) Importer(2089858483,b0f066a214c2f5e87bad3c948f4d605d) (ScriptedImporter) -> (artifact id: '9e1ec01b1747817863f6ddbcd06dcebd') in 0.1038805 seconds
Number of updated asset objects reloaded before import = 0Number of asset objects unloaded after import = 1

========================================================================
Received Import Request.
  Time since last request: 0.000069 seconds.
  path: Assets/Erufyta/Flooded_Grounds/Content/Meshes/mBuildings/mStructures/Struct_FlowerBox_B.fbx
  artifactKey: Guid(19bea72077217b4489a208027faff0f5) Importer(2089858483,b0f066a214c2f5e87bad3c948f4d605d)
Start importing Assets/Erufyta/Flooded_Grounds/Content/Meshes/mBuildings/mStructures/Struct_FlowerBox_B.fbx using Guid(19bea72077217b4489a208027faff0f5) Importer(2089858483,b0f066a214c2f5e87bad3c948f4d605d) (ScriptedImporter) -> (artifact id: 'b746a23f6897bd33b12d36059b7d893b') in 0.0954245 seconds
Number of updated asset objects reloaded before import = 0Number of asset objects unloaded after import = 7

========================================================================
Received Import Request.
  Time since last request: 0.000076 seconds.
  path: Assets/Erufyta/Flooded_Grounds/Prefabs/Buildings/Structures1/Struct_Fence1_Gate_A_Door_DM.prefab
  artifactKey: Guid(ae5e9162a10cdef48b4b713665bfee7a) Importer(2089858483,b0f066a214c2f5e87bad3c948f4d605d)
Start importing Assets/Erufyta/Flooded_Grounds/Prefabs/Buildings/Structures1/Struct_Fence1_Gate_A_Door_DM.prefab using Guid(ae5e9162a10cdef48b4b713665bfee7a) Importer(2089858483,b0f066a214c2f5e87bad3c948f4d605d) (ScriptedImporter) -> (artifact id: '5b1324dbbaa5cba4eb52451a26843675') in 0.1298623 seconds
Number of updated asset objects reloaded before import = 0Number of asset objects unloaded after import = 8

========================================================================
Received Import Request.
  Time since last request: 0.000061 seconds.
  path: Assets/Erufyta/Flooded_Grounds/PostProcessing/Resources/Bluenoise64/LDR_LLL1_20.png
  artifactKey: Guid(6dda07f1420a968449cf4c6620c44d9f) Importer(2089858483,b0f066a214c2f5e87bad3c948f4d605d)
Start importing Assets/Erufyta/Flooded_Grounds/PostProcessing/Resources/Bluenoise64/LDR_LLL1_20.png using Guid(6dda07f1420a968449cf4c6620c44d9f) Importer(2089858483,b0f066a214c2f5e87bad3c948f4d605d) (ScriptedImporter) -> (artifact id: 'c977461477ecaff61627dd6420b33498') in 0.0896773 seconds
Number of updated asset objects reloaded before import = 0Number of asset objects unloaded after import = 1

========================================================================
Received Import Request.
  Time since last request: 0.000471 seconds.
  path: Assets/Erufyta/Flooded_Grounds/Prefabs/Buildings/Structures1/Struct_Billboard_A_DM.prefab
  artifactKey: Guid(17ad2d2220fb18a4ebe7d676a612bca0) Importer(2089858483,b0f066a214c2f5e87bad3c948f4d605d)
Start importing Assets/Erufyta/Flooded_Grounds/Prefabs/Buildings/Structures1/Struct_Billboard_A_DM.prefab using Guid(17ad2d2220fb18a4ebe7d676a612bca0) Importer(2089858483,b0f066a214c2f5e87bad3c948f4d605d) (ScriptedImporter) -> (artifact id: '030a5dd67801f1898959a20056471534') in 0.1310948 seconds
Number of updated asset objects reloaded before import = 0Number of asset objects unloaded after import = 9

========================================================================
Received Import Request.
  Time since last request: 0.000713 seconds.
  path: Assets/Erufyta/Flooded_Grounds/Prefabs/Buildings/Villa1/Villa1_Wall_Int_B.prefab
  artifactKey: Guid(3f7bd70355e6e0646aad871c1e7859b5) Importer(2089858483,b0f066a214c2f5e87bad3c948f4d605d)
Start importing Assets/Erufyta/Flooded_Grounds/Prefabs/Buildings/Villa1/Villa1_Wall_Int_B.prefab using Guid(3f7bd70355e6e0646aad871c1e7859b5) Importer(2089858483,b0f066a214c2f5e87bad3c948f4d605d) (ScriptedImporter) -> (artifact id: 'dce33ad1dd6b3329290cb0c4a6385f35') in 0.0784628 seconds
Number of updated asset objects reloaded before import = 0Number of asset objects unloaded after import = 7

========================================================================
Received Import Request.
  Time since last request: 0.000042 seconds.
  path: Assets/Erufyta/Flooded_Grounds/Prefabs/Buildings/BrickHouse/BrickHouse_End_B.prefab
  artifactKey: Guid(60a191e2da86e1544948ebd2bc4c7a69) Importer(2089858483,b0f066a214c2f5e87bad3c948f4d605d)
Start importing Assets/Erufyta/Flooded_Grounds/Prefabs/Buildings/BrickHouse/BrickHouse_End_B.prefab using Guid(60a191e2da86e1544948ebd2bc4c7a69) Importer(2089858483,b0f066a214c2f5e87bad3c948f4d605d) (ScriptedImporter) -> (artifact id: 'ab5cbc2adb3cd0a927e8ede12c40d1a9') in 0.0623229 seconds
Number of updated asset objects reloaded before import = 0Number of asset objects unloaded after import = 8

========================================================================
Received Import Request.
  Time since last request: 0.000145 seconds.
  path: Assets/Erufyta/Flooded_Grounds/PostProcessing/Resources/Bluenoise64/LDR_LLL1_54.png
  artifactKey: Guid(936dea238abb0864ab3985a995e16a29) Importer(2089858483,b0f066a214c2f5e87bad3c948f4d605d)
Start importing Assets/Erufyta/Flooded_Grounds/PostProcessing/Resources/Bluenoise64/LDR_LLL1_54.png using Guid(936dea238abb0864ab3985a995e16a29) Importer(2089858483,b0f066a214c2f5e87bad3c948f4d605d) (ScriptedImporter) -> (artifact id: '84ead4682315b75466e679efd0ae56f1') in 0.1020169 seconds
Number of updated asset objects reloaded before import = 0Number of asset objects unloaded after import = 1

========================================================================
Received Import Request.
  Time since last request: 0.000066 seconds.
  path: Assets/Erufyta/Flooded_Grounds/PostProcessing/Textures/LUTs/NeutralLUT_16.png
  artifactKey: Guid(e45483e270a314c4bbc6e317771d56ab) Importer(2089858483,b0f066a214c2f5e87bad3c948f4d605d)
Start importing Assets/Erufyta/Flooded_Grounds/PostProcessing/Textures/LUTs/NeutralLUT_16.png using Guid(e45483e270a314c4bbc6e317771d56ab) Importer(2089858483,b0f066a214c2f5e87bad3c948f4d605d) (ScriptedImporter) -> (artifact id: '449474ea135a27942ef6b0ad5f08015a') in 0.1082658 seconds
Number of updated asset objects reloaded before import = 0Number of asset objects unloaded after import = 1

========================================================================
Received Import Request.
  Time since last request: 0.000105 seconds.
  path: Assets/Erufyta/Flooded_Grounds/Content/Meshes/mNature/mGrass/Grass_Med_C.fbx
  artifactKey: Guid(de0566628568cba439f3bac219290d25) Importer(2089858483,b0f066a214c2f5e87bad3c948f4d605d)
Start importing Assets/Erufyta/Flooded_Grounds/Content/Meshes/mNature/mGrass/Grass_Med_C.fbx using Guid(de0566628568cba439f3bac219290d25) Importer(2089858483,b0f066a214c2f5e87bad3c948f4d605d) (ScriptedImporter) -> (artifact id: '577f3f83f71e544151afdf1a9d3f7f7d') in 0.0703944 seconds
Number of updated asset objects reloaded before import = 0Number of asset objects unloaded after import = 7

========================================================================
Received Import Request.
  Time since last request: 0.000125 seconds.
  path: Assets/Erufyta/Flooded_Grounds/Content/Meshes/mBuildings/mStructures/Struct_BillBoard_A.fbx
  artifactKey: Guid(9e67cf32e669f5b40ae00136f4fc5fb8) Importer(2089858483,b0f066a214c2f5e87bad3c948f4d605d)
Start importing Assets/Erufyta/Flooded_Grounds/Content/Meshes/mBuildings/mStructures/Struct_BillBoard_A.fbx using Guid(9e67cf32e669f5b40ae00136f4fc5fb8) Importer(2089858483,b0f066a214c2f5e87bad3c948f4d605d) (ScriptedImporter) -> (artifact id: '5e34b3442a744e02c96fcaa518152915') in 0.1054742 seconds
Number of updated asset objects reloaded before import = 0Number of asset objects unloaded after import = 20

========================================================================
Received Import Request.
  Time since last request: 0.000120 seconds.
  path: Assets/Erufyta/Flooded_Grounds/PostProcessing/Resources/Bluenoise64/LDR_LLL1_48.png
  artifactKey: Guid(aff59c63d25d43f4c938f248837c30fb) Importer(2089858483,b0f066a214c2f5e87bad3c948f4d605d)
Start importing Assets/Erufyta/Flooded_Grounds/PostProcessing/Resources/Bluenoise64/LDR_LLL1_48.png using Guid(aff59c63d25d43f4c938f248837c30fb) Importer(2089858483,b0f066a214c2f5e87bad3c948f4d605d) (ScriptedImporter) -> (artifact id: '98b10f584c3f180ef6891e8ea0de8220') in 0.0871718 seconds
Number of updated asset objects reloaded before import = 0Number of asset objects unloaded after import = 1

========================================================================
Received Import Request.
  Time since last request: 0.000170 seconds.
  path: Assets/Erufyta/Flooded_Grounds/Readme.pdf
  artifactKey: Guid(a623147395f2b7645a1c77457f15736f) Importer(2089858483,b0f066a214c2f5e87bad3c948f4d605d)
Start importing Assets/Erufyta/Flooded_Grounds/Readme.pdf using Guid(a623147395f2b7645a1c77457f15736f) Importer(2089858483,b0f066a214c2f5e87bad3c948f4d605d) (ScriptedImporter) -> (artifact id: '596e613e517b32c0ab48b8999096343e') in 0.0276057 seconds
Number of updated asset objects reloaded before import = 0Number of asset objects unloaded after import = 1

========================================================================
Received Import Request.
  Time since last request: 0.000097 seconds.
  path: Assets/Erufyta/Flooded_Grounds/Content/Meshes/mNature/mBushes/DecoBush_C.fbx
  artifactKey: Guid(2f0bb1032b48d5845966aa580a118718) Importer(2089858483,b0f066a214c2f5e87bad3c948f4d605d)
Start importing Assets/Erufyta/Flooded_Grounds/Content/Meshes/mNature/mBushes/DecoBush_C.fbx using Guid(2f0bb1032b48d5845966aa580a118718) Importer(2089858483,b0f066a214c2f5e87bad3c948f4d605d) (ScriptedImporter) -> (artifact id: '79039e04d07b54b7a0d6e6c48924a2ed') in 0.0596123 seconds
Number of updated asset objects reloaded before import = 0Number of asset objects unloaded after import = 7

========================================================================
Received Import Request.
  Time since last request: 0.000078 seconds.
  path: Assets/Erufyta/Flooded_Grounds/PostProcessing/Utilities/CustomMotionTexture/Shaders/CustomMotionVectorTexture.shader
  artifactKey: Guid(9189229324e2342b8b69f7c1904dceba) Importer(2089858483,b0f066a214c2f5e87bad3c948f4d605d)
Start importing Assets/Erufyta/Flooded_Grounds/PostProcessing/Utilities/CustomMotionTexture/Shaders/CustomMotionVectorTexture.shader using Guid(9189229324e2342b8b69f7c1904dceba) Importer(2089858483,b0f066a214c2f5e87bad3c948f4d605d) (ScriptedImporter) -> (artifact id: '8248ba80602a6ede810c5d94d7970dbb') in 0.046324 seconds
Number of updated asset objects reloaded before import = 0Number of asset objects unloaded after import = 1

========================================================================
Received Import Request.
  Time since last request: 0.000155 seconds.
  path: Assets/Erufyta/Flooded_Grounds/PostProcessing/Editor/Utils/FxStyles.cs
  artifactKey: Guid(8f31cf52f05e80c4ea48570d0c3c8f59) Importer(2089858483,b0f066a214c2f5e87bad3c948f4d605d)
Start importing Assets/Erufyta/Flooded_Grounds/PostProcessing/Editor/Utils/FxStyles.cs using Guid(8f31cf52f05e80c4ea48570d0c3c8f59) Importer(2089858483,b0f066a214c2f5e87bad3c948f4d605d) (ScriptedImporter) -> (artifact id: '35016a771c8a9a884734f54035c4d39d') in 0.0442532 seconds
Number of updated asset objects reloaded before import = 0Number of asset objects unloaded after import = 0

========================================================================
Received Import Request.
  Time since last request: 0.000069 seconds.
  path: Assets/Erufyta/Flooded_Grounds/Content/Meshes/mBuildings/mStructures/Struct_Fence1_Column_A_DM.fbx
  artifactKey: Guid(47fe2ca370ffa17488cf7c19d3031ccc) Importer(2089858483,b0f066a214c2f5e87bad3c948f4d605d)
Start importing Assets/Erufyta/Flooded_Grounds/Content/Meshes/mBuildings/mStructures/Struct_Fence1_Column_A_DM.fbx using Guid(47fe2ca370ffa17488cf7c19d3031ccc) Importer(2089858483,b0f066a214c2f5e87bad3c948f4d605d) (ScriptedImporter) -> (artifact id: '52b88d862aa44136ef45fbf841073d84') in 0.0436875 seconds
Number of updated asset objects reloaded before import = 0Number of asset objects unloaded after import = 7

========================================================================
Received Import Request.
  Time since last request: 0.000123 seconds.
  path: Assets/Erufyta/Flooded_Grounds/Prefabs/Nature/Trees/TreeCreator_Tall_C.prefab
  artifactKey: Guid(1833ba93709e80944b9f2627881f3f4c) Importer(2089858483,b0f066a214c2f5e87bad3c948f4d605d)
Start importing Assets/Erufyta/Flooded_Grounds/Prefabs/Nature/Trees/TreeCreator_Tall_C.prefab using Guid(1833ba93709e80944b9f2627881f3f4c) Importer(2089858483,b0f066a214c2f5e87bad3c948f4d605d) (ScriptedImporter) -> (artifact id: '58d78238238753881e66cd181de35486') in 0.8924505 seconds
Number of updated asset objects reloaded before import = 0Number of asset objects unloaded after import = 27

========================================================================
Received Import Request.
  Time since last request: 0.000041 seconds.
  path: Assets/Erufyta/Flooded_Grounds/Prefabs/Buildings/Structures1/Struct_BillBoard_A.prefab
  artifactKey: Guid(96d3d3f155ce5f945b77b4bfd101f7c3) Importer(2089858483,b0f066a214c2f5e87bad3c948f4d605d)
Start importing Assets/Erufyta/Flooded_Grounds/Prefabs/Buildings/Structures1/Struct_BillBoard_A.prefab using Guid(96d3d3f155ce5f945b77b4bfd101f7c3) Importer(2089858483,b0f066a214c2f5e87bad3c948f4d605d) (ScriptedImporter) -> (artifact id: '7672c28a39030f37f81086c929e26090') in 0.0836001 seconds
Number of updated asset objects reloaded before import = 0Number of asset objects unloaded after import = 23

========================================================================
Received Import Request.
  Time since last request: 0.000088 seconds.
  path: Assets/Erufyta/Flooded_Grounds/Resources/TreeCreator/TreeCreatorBark.shader
  artifactKey: Guid(c42ce9a27ea6fb444ae87b49dc21c23e) Importer(2089858483,b0f066a214c2f5e87bad3c948f4d605d)
Start importing Assets/Erufyta/Flooded_Grounds/Resources/TreeCreator/TreeCreatorBark.shader using Guid(c42ce9a27ea6fb444ae87b49dc21c23e) Importer(2089858483,b0f066a214c2f5e87bad3c948f4d605d) (ScriptedImporter) -> (artifact id: '67b79010e9cdbdf8dc3794a4248ff2be') in 0.063986 seconds
Number of updated asset objects reloaded before import = 0Number of asset objects unloaded after import = 1

========================================================================
Received Import Request.
  Time since last request: 0.000098 seconds.
  path: Assets/Erufyta/Flooded_Grounds/Content/Materials/BLD_Doors1.mat
  artifactKey: Guid(7a8d6bb394f243445b9377162ba792a8) Importer(2089858483,b0f066a214c2f5e87bad3c948f4d605d)
Start importing Assets/Erufyta/Flooded_Grounds/Content/Materials/BLD_Doors1.mat using Guid(7a8d6bb394f243445b9377162ba792a8) Importer(2089858483,b0f066a214c2f5e87bad3c948f4d605d) (ScriptedImporter) -> (artifact id: '50588e9d031f30db6fbf2507cdbe7bd9') in 0.5179892 seconds
Number of updated asset objects reloaded before import = 0Number of asset objects unloaded after import = 6

========================================================================
Received Import Request.
  Time since last request: 0.000055 seconds.
  path: Assets/Erufyta/Flooded_Grounds/Content/Trees/SrcTextures/FOL_Branch1_N.tif
  artifactKey: Guid(8eab5014992a02147bca0eda9e602f53) Importer(2089858483,b0f066a214c2f5e87bad3c948f4d605d)
Start importing Assets/Erufyta/Flooded_Grounds/Content/Trees/SrcTextures/FOL_Branch1_N.tif using Guid(8eab5014992a02147bca0eda9e602f53) Importer(2089858483,b0f066a214c2f5e87bad3c948f4d605d) (ScriptedImporter) -> (artifact id: 'd714040a0c837b526190f8b5162cc5c2') in 0.0811218 seconds
Number of updated asset objects reloaded before import = 0Number of asset objects unloaded after import = 1

========================================================================
Received Import Request.
  Time since last request: 0.000041 seconds.
  path: Assets/Erufyta/Flooded_Grounds/PostProcessing/Resources/Shaders/UberSecondPass.cginc
  artifactKey: Guid(b6e42614562a56445ba4b5d90301f06f) Importer(2089858483,b0f066a214c2f5e87bad3c948f4d605d)
Start importing Assets/Erufyta/Flooded_Grounds/PostProcessing/Resources/Shaders/UberSecondPass.cginc using Guid(b6e42614562a56445ba4b5d90301f06f) Importer(2089858483,b0f066a214c2f5e87bad3c948f4d605d) (ScriptedImporter) -> (artifact id: '47288ba53f79b8f326671ae44670609c') in 0.0719138 seconds
Number of updated asset objects reloaded before import = 0Number of asset objects unloaded after import = 1

========================================================================
Received Import Request.
  Time since last request: 0.000138 seconds.
  path: Assets/Erufyta/Flooded_Grounds/Prefabs/Buildings/Structures1/Struct_Fence1_Mid_C.prefab
  artifactKey: Guid(953345a209e4fe7428046236259c9c7f) Importer(2089858483,b0f066a214c2f5e87bad3c948f4d605d)
Start importing Assets/Erufyta/Flooded_Grounds/Prefabs/Buildings/Structures1/Struct_Fence1_Mid_C.prefab using Guid(953345a209e4fe7428046236259c9c7f) Importer(2089858483,b0f066a214c2f5e87bad3c948f4d605d) (ScriptedImporter) -> (artifact id: '1abd4fdf3924dcf339a9ac2311ee9b3b') in 0.1063425 seconds
Number of updated asset objects reloaded before import = 0Number of asset objects unloaded after import = 23

========================================================================
Received Import Request.
  Time since last request: 0.000095 seconds.
  path: Assets/Erufyta/Flooded_Grounds/Content/Meshes/mNature/mBushes/DecoBush_A.fbx
  artifactKey: Guid(2ec06634d560e75429179e080d686b96) Importer(2089858483,b0f066a214c2f5e87bad3c948f4d605d)
Start importing Assets/Erufyta/Flooded_Grounds/Content/Meshes/mNature/mBushes/DecoBush_A.fbx using Guid(2ec06634d560e75429179e080d686b96) Importer(2089858483,b0f066a214c2f5e87bad3c948f4d605d) (ScriptedImporter) -> (artifact id: '17768ee154cf1de0749ffc8321323919') in 0.0764209 seconds
Number of updated asset objects reloaded before import = 0Number of asset objects unloaded after import = 7

========================================================================
Received Import Request.
  Time since last request: 0.000133 seconds.
  path: Assets/Erufyta/Flooded_Grounds/Prefabs/Buildings/GreenHouse/GreenHouse1_Deco_RoofPiece_B.prefab
  artifactKey: Guid(53e8e843102523b459d75c4b0ca32ad9) Importer(2089858483,b0f066a214c2f5e87bad3c948f4d605d)
Start importing Assets/Erufyta/Flooded_Grounds/Prefabs/Buildings/GreenHouse/GreenHouse1_Deco_RoofPiece_B.prefab using Guid(53e8e843102523b459d75c4b0ca32ad9) Importer(2089858483,b0f066a214c2f5e87bad3c948f4d605d) (ScriptedImporter) -> (artifact id: '4b1cf09412eefd1ff8b6efa0af68fa6f') in 0.0538909 seconds
Number of updated asset objects reloaded before import = 0Number of asset objects unloaded after import = 6

========================================================================
Received Import Request.
  Time since last request: 0.000158 seconds.
  path: Assets/Erufyta/Flooded_Grounds/PostProcessing/Editor/Models/FogModelEditor.cs
  artifactKey: Guid(44a64b44ec891d24b96ed84d958c3d4f) Importer(2089858483,b0f066a214c2f5e87bad3c948f4d605d)
Start importing Assets/Erufyta/Flooded_Grounds/PostProcessing/Editor/Models/FogModelEditor.cs using Guid(44a64b44ec891d24b96ed84d958c3d4f) Importer(2089858483,b0f066a214c2f5e87bad3c948f4d605d) (ScriptedImporter) -> (artifact id: '9930aa265ed594d70f678760dab8dc0f') in 0.0362905 seconds
Number of updated asset objects reloaded before import = 0Number of asset objects unloaded after import = 0

========================================================================
Received Import Request.
  Time since last request: 0.000142 seconds.
  path: Assets/Erufyta/Flooded_Grounds/PostProcessing/Resources/Bluenoise64/LDR_LLL1_14.png
  artifactKey: Guid(f6439b54b28f3884eb67579dec0b6f21) Importer(2089858483,b0f066a214c2f5e87bad3c948f4d605d)
Start importing Assets/Erufyta/Flooded_Grounds/PostProcessing/Resources/Bluenoise64/LDR_LLL1_14.png using Guid(f6439b54b28f3884eb67579dec0b6f21) Importer(2089858483,b0f066a214c2f5e87bad3c948f4d605d) (ScriptedImporter) -> (artifact id: 'dc90b50eb4326358fe4db3dfbafcfad3') in 0.0808204 seconds
Number of updated asset objects reloaded before import = 0Number of asset objects unloaded after import = 1

========================================================================
Received Import Request.
  Time since last request: 0.000077 seconds.
  path: Assets/Erufyta/Flooded_Grounds/PostProcessing/Resources/Bluenoise64/LDR_LLL1_29.png
  artifactKey: Guid(aa80dc44aa4fe4c43bb9d51d90cf2958) Importer(2089858483,b0f066a214c2f5e87bad3c948f4d605d)
Start importing Assets/Erufyta/Flooded_Grounds/PostProcessing/Resources/Bluenoise64/LDR_LLL1_29.png using Guid(aa80dc44aa4fe4c43bb9d51d90cf2958) Importer(2089858483,b0f066a214c2f5e87bad3c948f4d605d) (ScriptedImporter) -> (artifact id: '7192370ac7d7165ca289aa11809e38da') in 0.0515668 seconds
Number of updated asset objects reloaded before import = 0Number of asset objects unloaded after import = 1

========================================================================
Received Import Request.
  Time since last request: 0.000074 seconds.
  path: Assets/Erufyta/Flooded_Grounds/PostProcessing/Resources/Bluenoise64/LDR_LLL1_40.png
  artifactKey: Guid(1a9ce5640cde5934aae0022f020464a6) Importer(2089858483,b0f066a214c2f5e87bad3c948f4d605d)
Start importing Assets/Erufyta/Flooded_Grounds/PostProcessing/Resources/Bluenoise64/LDR_LLL1_40.png using Guid(1a9ce5640cde5934aae0022f020464a6) Importer(2089858483,b0f066a214c2f5e87bad3c948f4d605d) (ScriptedImporter) -> (artifact id: '579a744344aa3d5e9fb5408c95361817') in 0.0576857 seconds
Number of updated asset objects reloaded before import = 0Number of asset objects unloaded after import = 1

========================================================================
Received Import Request.
  Time since last request: 0.000180 seconds.
  path: Assets/Erufyta/Flooded_Grounds/Prefabs/Props/Prop_Gravestone_E.prefab
  artifactKey: Guid(73a46d03e13dd2b4ebddaeb829191c7d) Importer(2089858483,b0f066a214c2f5e87bad3c948f4d605d)
Start importing Assets/Erufyta/Flooded_Grounds/Prefabs/Props/Prop_Gravestone_E.prefab using Guid(73a46d03e13dd2b4ebddaeb829191c7d) Importer(2089858483,b0f066a214c2f5e87bad3c948f4d605d) (ScriptedImporter) -> (artifact id: '9202478c316da7178aed2dedb00f64dc') in 0.0658713 seconds
Number of updated asset objects reloaded before import = 0Number of asset objects unloaded after import = 9

========================================================================
Received Import Request.
  Time since last request: 0.000084 seconds.
  path: Assets/Erufyta/Flooded_Grounds/Prefabs/Buildings/Cabins/Cabin2_Ext1.prefab
  artifactKey: Guid(c391fb740f9eb854b8f5f65fdee0e866) Importer(2089858483,b0f066a214c2f5e87bad3c948f4d605d)
Start importing Assets/Erufyta/Flooded_Grounds/Prefabs/Buildings/Cabins/Cabin2_Ext1.prefab using Guid(c391fb740f9eb854b8f5f65fdee0e866) Importer(2089858483,b0f066a214c2f5e87bad3c948f4d605d) (ScriptedImporter) -> (artifact id: 'eccc9dc17eb1f13c5af2c6267e8a22bb') in 0.0658183 seconds
Number of updated asset objects reloaded before import = 0Number of asset objects unloaded after import = 7

========================================================================
Received Import Request.
  Time since last request: 0.000060 seconds.
  path: Assets/Erufyta/Flooded_Grounds/Prefabs/Buildings/Villa2/Villa2_Roof_Mid_A.prefab
  artifactKey: Guid(02492b235225b7241a6610af36faa921) Importer(2089858483,b0f066a214c2f5e87bad3c948f4d605d)
Start importing Assets/Erufyta/Flooded_Grounds/Prefabs/Buildings/Villa2/Villa2_Roof_Mid_A.prefab using Guid(02492b235225b7241a6610af36faa921) Importer(2089858483,b0f066a214c2f5e87bad3c948f4d605d) (ScriptedImporter) -> (artifact id: 'd10a489a1db0fa884fe13798c5a35c7f') in 0.0705686 seconds
Number of updated asset objects reloaded before import = 0Number of asset objects unloaded after import = 7

========================================================================
Received Import Request.
  Time since last request: 0.000191 seconds.
  path: Assets/Erufyta/Flooded_Grounds/PostProcessing/Runtime/Models/BuiltinDebugViewsModel.cs
  artifactKey: Guid(33d6d1a4b7b3dec40819019a25605191) Importer(2089858483,b0f066a214c2f5e87bad3c948f4d605d)
Start importing Assets/Erufyta/Flooded_Grounds/PostProcessing/Runtime/Models/BuiltinDebugViewsModel.cs using Guid(33d6d1a4b7b3dec40819019a25605191) Importer(2089858483,b0f066a214c2f5e87bad3c948f4d605d) (ScriptedImporter) -> (artifact id: 'bde9ee5816c0b65ec5cfda55cc549aaa') in 0.0406123 seconds
Number of updated asset objects reloaded before import = 0Number of asset objects unloaded after import = 0

========================================================================
Received Import Request.
  Time since last request: 0.000080 seconds.
  path: Assets/Erufyta/Flooded_Grounds/Content/Trees/SrcTextures/FOL_Trunk1_A.tif
  artifactKey: Guid(36d142a4a8dda2746bfa4cfa29630d71) Importer(2089858483,b0f066a214c2f5e87bad3c948f4d605d)
Start importing Assets/Erufyta/Flooded_Grounds/Content/Trees/SrcTextures/FOL_Trunk1_A.tif using Guid(36d142a4a8dda2746bfa4cfa29630d71) Importer(2089858483,b0f066a214c2f5e87bad3c948f4d605d) (ScriptedImporter) -> (artifact id: '8833525cad2ca18bdc8ed06e65c59ebf') in 0.0657811 seconds
Number of updated asset objects reloaded before import = 0Number of asset objects unloaded after import = 1

========================================================================
Received Import Request.
  Time since last request: 0.000117 seconds.
  path: Assets/Erufyta/Flooded_Grounds/Content/Trees/SrcPrefabs/Branch1_Yellow.prefab
  artifactKey: Guid(fac7eeb4110541c41a9d4429e752f33c) Importer(2089858483,b0f066a214c2f5e87bad3c948f4d605d)
Start importing Assets/Erufyta/Flooded_Grounds/Content/Trees/SrcPrefabs/Branch1_Yellow.prefab using Guid(fac7eeb4110541c41a9d4429e752f33c) Importer(2089858483,b0f066a214c2f5e87bad3c948f4d605d) (ScriptedImporter) -> (artifact id: 'fbe1136448b066c0dcd6422f71830c59') in 0.0432621 seconds
Number of updated asset objects reloaded before import = 0Number of asset objects unloaded after import = 8

========================================================================
Received Import Request.
  Time since last request: 0.000119 seconds.
  path: Assets/Erufyta/Flooded_Grounds/Content/Meshes/mBuildings/mStructures/Struct_WoodPath_A.fbx
  artifactKey: Guid(8090ccb464a84444fa067b64fcdd1715) Importer(2089858483,b0f066a214c2f5e87bad3c948f4d605d)
Start importing Assets/Erufyta/Flooded_Grounds/Content/Meshes/mBuildings/mStructures/Struct_WoodPath_A.fbx using Guid(8090ccb464a84444fa067b64fcdd1715) Importer(2089858483,b0f066a214c2f5e87bad3c948f4d605d) (ScriptedImporter) -> (artifact id: '8a6bed2e64ef6b2ecc77afdf0f6e6468') in 0.0770815 seconds
Number of updated asset objects reloaded before import = 0Number of asset objects unloaded after import = 20

========================================================================
Received Import Request.
  Time since last request: 0.000162 seconds.
  path: Assets/Erufyta/Flooded_Grounds/PostProcessing/Editor/PostProcessingModelEditor.cs
  artifactKey: Guid(afe296d4ede60a0479734dc8c7df82c2) Importer(2089858483,b0f066a214c2f5e87bad3c948f4d605d)
Start importing Assets/Erufyta/Flooded_Grounds/PostProcessing/Editor/PostProcessingModelEditor.cs using Guid(afe296d4ede60a0479734dc8c7df82c2) Importer(2089858483,b0f066a214c2f5e87bad3c948f4d605d) (ScriptedImporter) -> (artifact id: '495350f98730d7d3fe10d680d1e45db4') in 0.0361761 seconds
Number of updated asset objects reloaded before import = 0Number of asset objects unloaded after import = 0

========================================================================
Received Import Request.
  Time since last request: 0.000064 seconds.
  path: Assets/Erufyta/Flooded_Grounds/Scripts/FPSController/FpsController.prefab
  artifactKey: Guid(84e1fb248c9ee584a85470162c251253) Importer(2089858483,b0f066a214c2f5e87bad3c948f4d605d)
Start importing Assets/Erufyta/Flooded_Grounds/Scripts/FPSController/FpsController.prefab using Guid(84e1fb248c9ee584a85470162c251253) Importer(2089858483,b0f066a214c2f5e87bad3c948f4d605d) (ScriptedImporter) -> (artifact id: '4448b4fb50104c24eb71fd2ac038959f') in 0.0998073 seconds
Number of updated asset objects reloaded before import = 0Number of asset objects unloaded after import = 12

========================================================================
Received Import Request.
  Time since last request: 0.000149 seconds.
  path: Assets/Erufyta/Flooded_Grounds/Content/Textures/NAT_Rocks1_A.tif
  artifactKey: Guid(d7e7d2f467c11f145b19071766826717) Importer(2089858483,b0f066a214c2f5e87bad3c948f4d605d)
Start importing Assets/Erufyta/Flooded_Grounds/Content/Textures/NAT_Rocks1_A.tif using Guid(d7e7d2f467c11f145b19071766826717) Importer(2089858483,b0f066a214c2f5e87bad3c948f4d605d) (ScriptedImporter) -> (artifact id: '82b80916a39fd1b622bbfa6df43c26de') in 0.07538 seconds
Number of updated asset objects reloaded before import = 0Number of asset objects unloaded after import = 1

========================================================================
Received Import Request.
  Time since last request: 0.000053 seconds.
  path: Assets/Erufyta/Flooded_Grounds/Prefabs/Buildings/Villa1/Villa1_Deco_WindowGlass_A.prefab
  artifactKey: Guid(15694160f3f4559468922f6c406043a6) Importer(2089858483,b0f066a214c2f5e87bad3c948f4d605d)
Start importing Assets/Erufyta/Flooded_Grounds/Prefabs/Buildings/Villa1/Villa1_Deco_WindowGlass_A.prefab using Guid(15694160f3f4559468922f6c406043a6) Importer(2089858483,b0f066a214c2f5e87bad3c948f4d605d) (ScriptedImporter) -> (artifact id: 'd890ef0e72d4cd60c072ac1c923c1810') in 0.1057996 seconds
Number of updated asset objects reloaded before import = 0Number of asset objects unloaded after import = 6

========================================================================
Received Import Request.
  Time since last request: 0.000068 seconds.
  path: Assets/Erufyta/Flooded_Grounds/PostProcessing/Runtime/Attributes/MinAttribute.cs
  artifactKey: Guid(9af2f505033843c46a362e251937acb1) Importer(2089858483,b0f066a214c2f5e87bad3c948f4d605d)
Start importing Assets/Erufyta/Flooded_Grounds/PostProcessing/Runtime/Attributes/MinAttribute.cs using Guid(9af2f505033843c46a362e251937acb1) Importer(2089858483,b0f066a214c2f5e87bad3c948f4d605d) (ScriptedImporter) -> (artifact id: '505a325647ac583c7372a0b00bdd3021') in 0.0580481 seconds
Number of updated asset objects reloaded before import = 0Number of asset objects unloaded after import = 0

========================================================================
Received Import Request.
  Time since last request: 0.000046 seconds.
  path: Assets/Erufyta/Flooded_Grounds/PostProcessing/Editor/Utils/ReflectionUtils.cs
  artifactKey: Guid(71f7e805a7fc35046afbcf5c2639d116) Importer(2089858483,b0f066a214c2f5e87bad3c948f4d605d)
Start importing Assets/Erufyta/Flooded_Grounds/PostProcessing/Editor/Utils/ReflectionUtils.cs using Guid(71f7e805a7fc35046afbcf5c2639d116) Importer(2089858483,b0f066a214c2f5e87bad3c948f4d605d) (ScriptedImporter) -> (artifact id: '2fa7f22f4ec054c522af1761fced8787') in 0.0432277 seconds
Number of updated asset objects reloaded before import = 0Number of asset objects unloaded after import = 0

========================================================================
Received Import Request.
  Time since last request: 0.000207 seconds.
  path: Assets/Erufyta/Flooded_Grounds/Prefabs/Buildings/Cabins/Cabin2_Door_A.prefab
  artifactKey: Guid(ea087b00cc97e5e44bdedeeccb899e05) Importer(2089858483,b0f066a214c2f5e87bad3c948f4d605d)
Start importing Assets/Erufyta/Flooded_Grounds/Prefabs/Buildings/Cabins/Cabin2_Door_A.prefab using Guid(ea087b00cc97e5e44bdedeeccb899e05) Importer(2089858483,b0f066a214c2f5e87bad3c948f4d605d) (ScriptedImporter) -> (artifact id: '2a6593f62cd1264a3db99630bc66dda3') in 0.0648462 seconds
Number of updated asset objects reloaded before import = 0Number of asset objects unloaded after import = 8

========================================================================
Received Import Request.
  Time since last request: 0.000071 seconds.
  path: Assets/Erufyta/Flooded_Grounds/Content/Meshes/mBuildings/mChurches/Church1_Deco_WindowGlass_B.fbx
  artifactKey: Guid(ef54abd295dd2024eb209fe29b573dc1) Importer(2089858483,b0f066a214c2f5e87bad3c948f4d605d)
Start importing Assets/Erufyta/Flooded_Grounds/Content/Meshes/mBuildings/mChurches/Church1_Deco_WindowGlass_B.fbx using Guid(ef54abd295dd2024eb209fe29b573dc1) Importer(2089858483,b0f066a214c2f5e87bad3c948f4d605d) (ScriptedImporter) -> (artifact id: 'ff46862e1cd08f8a82a2d0a99f02d32e') in 0.0816833 seconds
Number of updated asset objects reloaded before import = 0Number of asset objects unloaded after import = 7

========================================================================
Received Import Request.
  Time since last request: 0.000082 seconds.
  path: Assets/Erufyta/Flooded_Grounds/PostProcessing/Editor/Models/ScreenSpaceReflectionModelEditor.cs
  artifactKey: Guid(57bbe1f20eec7bb4d9bc90fc65ef381b) Importer(2089858483,b0f066a214c2f5e87bad3c948f4d605d)
Start importing Assets/Erufyta/Flooded_Grounds/PostProcessing/Editor/Models/ScreenSpaceReflectionModelEditor.cs using Guid(57bbe1f20eec7bb4d9bc90fc65ef381b) Importer(2089858483,b0f066a214c2f5e87bad3c948f4d605d) (ScriptedImporter) -> (artifact id: '4076a16972db443cf26f5ed992db7641') in 0.0414556 seconds
Number of updated asset objects reloaded before import = 0Number of asset objects unloaded after import = 0

========================================================================
Received Import Request.
  Time since last request: 0.000047 seconds.
  path: Assets/Erufyta/Flooded_Grounds/PostProcessing/Resources/Bluenoise64/LDR_LLL1_42.png
  artifactKey: Guid(b266511438fae724f9d3ce6bd26583e8) Importer(2089858483,b0f066a214c2f5e87bad3c948f4d605d)
Start importing Assets/Erufyta/Flooded_Grounds/PostProcessing/Resources/Bluenoise64/LDR_LLL1_42.png using Guid(b266511438fae724f9d3ce6bd26583e8) Importer(2089858483,b0f066a214c2f5e87bad3c948f4d605d) (ScriptedImporter) -> (artifact id: '387cfc79d59013252b9252add491650e') in 0.0669227 seconds
Number of updated asset objects reloaded before import = 0Number of asset objects unloaded after import = 1

========================================================================
Received Import Request.
  Time since last request: 0.000079 seconds.
  path: Assets/Erufyta/Flooded_Grounds/Content/Trees/SrcMeshes/Branch3.fbx
  artifactKey: Guid(674166747f4cccc4e8fe1f7011630989) Importer(2089858483,b0f066a214c2f5e87bad3c948f4d605d)
Start importing Assets/Erufyta/Flooded_Grounds/Content/Trees/SrcMeshes/Branch3.fbx using Guid(674166747f4cccc4e8fe1f7011630989) Importer(2089858483,b0f066a214c2f5e87bad3c948f4d605d) (ScriptedImporter) -> (artifact id: 'd7e1668f5c923284c5a24cc615118459') in 0.0774274 seconds
Number of updated asset objects reloaded before import = 0Number of asset objects unloaded after import = 7

========================================================================
Received Import Request.
  Time since last request: 0.000039 seconds.
  path: Assets/Erufyta/Flooded_Grounds/PostProcessing/Resources/Bluenoise64/LDR_LLL1_51.png
  artifactKey: Guid(d5a51525b27e3ee4aadbeb39cbcf0750) Importer(2089858483,b0f066a214c2f5e87bad3c948f4d605d)
Start importing Assets/Erufyta/Flooded_Grounds/PostProcessing/Resources/Bluenoise64/LDR_LLL1_51.png using Guid(d5a51525b27e3ee4aadbeb39cbcf0750) Importer(2089858483,b0f066a214c2f5e87bad3c948f4d605d) (ScriptedImporter) -> (artifact id: 'e4a010e3f39103a5d16719982a1b4da0') in 0.0591424 seconds
Number of updated asset objects reloaded before import = 0Number of asset objects unloaded after import = 1

========================================================================
Received Import Request.
  Time since last request: 0.000213 seconds.
  path: Assets/Erufyta/Flooded_Grounds/Prefabs/Buildings/BrickHouse/BrickHouse_IntWall_B.prefab
  artifactKey: Guid(b6995a63df49222409e4c1ba3567bb78) Importer(2089858483,b0f066a214c2f5e87bad3c948f4d605d)
Start importing Assets/Erufyta/Flooded_Grounds/Prefabs/Buildings/BrickHouse/BrickHouse_IntWall_B.prefab using Guid(b6995a63df49222409e4c1ba3567bb78) Importer(2089858483,b0f066a214c2f5e87bad3c948f4d605d) (ScriptedImporter) -> (artifact id: '9c51a82a92364174ff1f4263f13bb58e') in 0.06935 seconds
Number of updated asset objects reloaded before import = 0Number of asset objects unloaded after import = 8

========================================================================
Received Import Request.
  Time since last request: 0.000071 seconds.
  path: Assets/Erufyta/Flooded_Grounds/PostProcessing/Resources/Bluenoise64/LDR_LLL1_35.png
  artifactKey: Guid(0a79c155edf9b2d429d4736abee5acdb) Importer(2089858483,b0f066a214c2f5e87bad3c948f4d605d)
Start importing Assets/Erufyta/Flooded_Grounds/PostProcessing/Resources/Bluenoise64/LDR_LLL1_35.png using Guid(0a79c155edf9b2d429d4736abee5acdb) Importer(2089858483,b0f066a214c2f5e87bad3c948f4d605d) (ScriptedImporter) -> (artifact id: '150f7723d64da2ef588d0887c86774b0') in 0.1173294 seconds
Number of updated asset objects reloaded before import = 0Number of asset objects unloaded after import = 1

========================================================================
Received Import Request.
  Time since last request: 0.000073 seconds.
  path: Assets/Erufyta/Flooded_Grounds/Content/Meshes/mBuildings/mStructures/Struct_Fence1_Mid_B_COL.fbx
  artifactKey: Guid(b11ab900ef9cf114d9237ac433eb6e89) Importer(2089858483,b0f066a214c2f5e87bad3c948f4d605d)
Start importing Assets/Erufyta/Flooded_Grounds/Content/Meshes/mBuildings/mStructures/Struct_Fence1_Mid_B_COL.fbx using Guid(b11ab900ef9cf114d9237ac433eb6e89) Importer(2089858483,b0f066a214c2f5e87bad3c948f4d605d) (ScriptedImporter) -> (artifact id: '81aec873fb1388e421262be4ffd4f2ba') in 0.0763353 seconds
Number of updated asset objects reloaded before import = 0Number of asset objects unloaded after import = 7

========================================================================
Received Import Request.
  Time since last request: 0.000106 seconds.
  path: Assets/Erufyta/Flooded_Grounds/Content/Textures/PROP_Gravestones1_AO.tif
  artifactKey: Guid(7ac9436318cb4474dacd369def18c01a) Importer(2089858483,b0f066a214c2f5e87bad3c948f4d605d)
Start importing Assets/Erufyta/Flooded_Grounds/Content/Textures/PROP_Gravestones1_AO.tif using Guid(7ac9436318cb4474dacd369def18c01a) Importer(2089858483,b0f066a214c2f5e87bad3c948f4d605d) (ScriptedImporter) -> (artifact id: 'c40867366a6de335bc1b67cf2c30acaf') in 0.0765269 seconds
Number of updated asset objects reloaded before import = 0Number of asset objects unloaded after import = 1

========================================================================
Received Import Request.
  Time since last request: 0.000066 seconds.
  path: Assets/Erufyta/Flooded_Grounds/PostProcessing/Resources/Bluenoise64/LDR_LLL1_2.png
  artifactKey: Guid(a469f920b21fc7c4fb5b950917ce2fb2) Importer(2089858483,b0f066a214c2f5e87bad3c948f4d605d)
Start importing Assets/Erufyta/Flooded_Grounds/PostProcessing/Resources/Bluenoise64/LDR_LLL1_2.png using Guid(a469f920b21fc7c4fb5b950917ce2fb2) Importer(2089858483,b0f066a214c2f5e87bad3c948f4d605d) (ScriptedImporter) -> (artifact id: 'aa07da49bf1223ed6be55de7ec15fe32') in 0.105955 seconds
Number of updated asset objects reloaded before import = 0Number of asset objects unloaded after import = 1

========================================================================
Received Import Request.
  Time since last request: 0.000081 seconds.
  path: Assets/Erufyta/Flooded_Grounds/PostProcessing/Editor/PropertyDrawers/GetSetDrawer.cs
  artifactKey: Guid(e1a43b92f2bbd914ca2e6b4c6a5dba48) Importer(2089858483,b0f066a214c2f5e87bad3c948f4d605d)
Start importing Assets/Erufyta/Flooded_Grounds/PostProcessing/Editor/PropertyDrawers/GetSetDrawer.cs using Guid(e1a43b92f2bbd914ca2e6b4c6a5dba48) Importer(2089858483,b0f066a214c2f5e87bad3c948f4d605d) (ScriptedImporter) -> (artifact id: 'ff8ec3fd3188629a23014b5e8c016c76') in 0.1355243 seconds
Number of updated asset objects reloaded before import = 0Number of asset objects unloaded after import = 0

========================================================================
Received Import Request.
  Time since last request: 0.000537 seconds.
  path: Assets/Erufyta/Flooded_Grounds/PostProcessing/Runtime/Components/ScreenSpaceReflectionComponent.cs
  artifactKey: Guid(dd75f795d6a798f44a7801082f6a703f) Importer(2089858483,b0f066a214c2f5e87bad3c948f4d605d)
Start importing Assets/Erufyta/Flooded_Grounds/PostProcessing/Runtime/Components/ScreenSpaceReflectionComponent.cs using Guid(dd75f795d6a798f44a7801082f6a703f) Importer(2089858483,b0f066a214c2f5e87bad3c948f4d605d) (ScriptedImporter) -> (artifact id: '298edf785b0ed5b0ab64fb05f9fee0b2') in 0.0474729 seconds
Number of updated asset objects reloaded before import = 0Number of asset objects unloaded after import = 0

========================================================================
Received Import Request.
  Time since last request: 0.000138 seconds.
  path: Assets/Erufyta/Flooded_Grounds/PostProcessing/Runtime/Models/UserLutModel.cs
  artifactKey: Guid(3a7afd753a89c4140b80c855e15f69d6) Importer(2089858483,b0f066a214c2f5e87bad3c948f4d605d)
Start importing Assets/Erufyta/Flooded_Grounds/PostProcessing/Runtime/Models/UserLutModel.cs using Guid(3a7afd753a89c4140b80c855e15f69d6) Importer(2089858483,b0f066a214c2f5e87bad3c948f4d605d) (ScriptedImporter) -> (artifact id: 'e7eccc8c5e5e43b2c49a0b86a5c68b7b') in 0.047764 seconds
Number of updated asset objects reloaded before import = 0Number of asset objects unloaded after import = 0

========================================================================
Received Import Request.
  Time since last request: 0.000145 seconds.
  path: Assets/Erufyta/Flooded_Grounds/Prefabs/Nature/Trees/TreeCreator_Crinkly_A_Textures/diffuse.png
  artifactKey: Guid(751f84b02bf3975469a3bab18df92ab2) Importer(2089858483,b0f066a214c2f5e87bad3c948f4d605d)
Start importing Assets/Erufyta/Flooded_Grounds/Prefabs/Nature/Trees/TreeCreator_Crinkly_A_Textures/diffuse.png using Guid(751f84b02bf3975469a3bab18df92ab2) Importer(2089858483,b0f066a214c2f5e87bad3c948f4d605d) (ScriptedImporter) -> (artifact id: '8c105b3f9009b52e74955f1dcc131153') in 0.0755593 seconds
Number of updated asset objects reloaded before import = 0Number of asset objects unloaded after import = 1

========================================================================
Received Import Request.
  Time since last request: 0.000073 seconds.
  path: Assets/Erufyta/Flooded_Grounds/Content/Meshes/mBuildings/mStructures/Struct_Docking_B_COL.fbx
  artifactKey: Guid(9399cd3246784654d8c22338b24f76a4) Importer(2089858483,b0f066a214c2f5e87bad3c948f4d605d)
Start importing Assets/Erufyta/Flooded_Grounds/Content/Meshes/mBuildings/mStructures/Struct_Docking_B_COL.fbx using Guid(9399cd3246784654d8c22338b24f76a4) Importer(2089858483,b0f066a214c2f5e87bad3c948f4d605d) (ScriptedImporter) -> (artifact id: '2b11bbc2edfc3cc4364036ffa088effc') in 0.0630566 seconds
Number of updated asset objects reloaded before import = 0Number of asset objects unloaded after import = 7

========================================================================
Received Import Request.
  Time since last request: 0.000081 seconds.
  path: Assets/Erufyta/Flooded_Grounds/Content/Trees/SrcPrefabs/Branch1.prefab
  artifactKey: Guid(a9656fb5b2112cb42b81a4b6bd080622) Importer(2089858483,b0f066a214c2f5e87bad3c948f4d605d)
Start importing Assets/Erufyta/Flooded_Grounds/Content/Trees/SrcPrefabs/Branch1.prefab using Guid(a9656fb5b2112cb42b81a4b6bd080622) Importer(2089858483,b0f066a214c2f5e87bad3c948f4d605d) (ScriptedImporter) -> (artifact id: '90d431be509a3552b9acb5277c1a8180') in 0.0570498 seconds
Number of updated asset objects reloaded before import = 0Number of asset objects unloaded after import = 8

========================================================================
Received Import Request.
  Time since last request: 0.000104 seconds.
  path: Assets/Erufyta/Flooded_Grounds/Content/Meshes/mBuildings/mStructures/Struct_Pavilion_A.fbx
  artifactKey: Guid(96bc21f18d784134caccf6246836dcc0) Importer(2089858483,b0f066a214c2f5e87bad3c948f4d605d)
Start importing Assets/Erufyta/Flooded_Grounds/Content/Meshes/mBuildings/mStructures/Struct_Pavilion_A.fbx using Guid(96bc21f18d784134caccf6246836dcc0) Importer(2089858483,b0f066a214c2f5e87bad3c948f4d605d) (ScriptedImporter) -> (artifact id: 'c9c210bc51c5b19696419d9d20c9fcb4') in 0.0605136 seconds
Number of updated asset objects reloaded before import = 0Number of asset objects unloaded after import = 20

========================================================================
Received Import Request.
  Time since last request: 0.000050 seconds.
  path: Assets/Erufyta/Flooded_Grounds/Prefabs/Buildings/Villa1/Villa1_Roof_Mid_B.prefab
  artifactKey: Guid(e479fb829761ad7408092fe346314659) Importer(2089858483,b0f066a214c2f5e87bad3c948f4d605d)
Start importing Assets/Erufyta/Flooded_Grounds/Prefabs/Buildings/Villa1/Villa1_Roof_Mid_B.prefab using Guid(e479fb829761ad7408092fe346314659) Importer(2089858483,b0f066a214c2f5e87bad3c948f4d605d) (ScriptedImporter) -> (artifact id: '2bbc7b2328291d3f156bc28b8011b364') in 0.0720524 seconds
Number of updated asset objects reloaded before import = 0Number of asset objects unloaded after import = 7

========================================================================
Received Import Request.
  Time since last request: 0.000054 seconds.
  path: Assets/Erufyta/Flooded_Grounds/Content/Meshes/mBuildings/mStructures/Struct_Docking_A_DM.fbx
  artifactKey: Guid(4f0b80e5bfd63e848b21c43828f30799) Importer(2089858483,b0f066a214c2f5e87bad3c948f4d605d)
Start importing Assets/Erufyta/Flooded_Grounds/Content/Meshes/mBuildings/mStructures/Struct_Docking_A_DM.fbx using Guid(4f0b80e5bfd63e848b21c43828f30799) Importer(2089858483,b0f066a214c2f5e87bad3c948f4d605d) (ScriptedImporter) -> (artifact id: '4fac3b5c53b846eb74802b3deafd5a75') in 0.0815931 seconds
Number of updated asset objects reloaded before import = 0Number of asset objects unloaded after import = 20

========================================================================
Received Import Request.
  Time since last request: 0.000069 seconds.
  path: Assets/Erufyta/Flooded_Grounds/Content/Meshes/mNature/mGrass/Grass_Small_D.fbx
  artifactKey: Guid(0b1eadd50210bbf489ee17d6376699a3) Importer(2089858483,b0f066a214c2f5e87bad3c948f4d605d)
Start importing Assets/Erufyta/Flooded_Grounds/Content/Meshes/mNature/mGrass/Grass_Small_D.fbx using Guid(0b1eadd50210bbf489ee17d6376699a3) Importer(2089858483,b0f066a214c2f5e87bad3c948f4d605d) (ScriptedImporter) -> (artifact id: '0c6b2bc6e31ae266a14ad2e3013dc239') in 0.078323 seconds
Number of updated asset objects reloaded before import = 0Number of asset objects unloaded after import = 7

========================================================================
Received Import Request.
  Time since last request: 0.000076 seconds.
  path: Assets/Erufyta/Flooded_Grounds/Prefabs/Buildings/Bridge/BLD_Bridge_A.prefab
  artifactKey: Guid(06e456f55e6fa06438fb977ee919a779) Importer(2089858483,b0f066a214c2f5e87bad3c948f4d605d)
Start importing Assets/Erufyta/Flooded_Grounds/Prefabs/Buildings/Bridge/BLD_Bridge_A.prefab using Guid(06e456f55e6fa06438fb977ee919a779) Importer(2089858483,b0f066a214c2f5e87bad3c948f4d605d) (ScriptedImporter) -> (artifact id: 'f2bb52f68fb89d1dc1bef879dce9430c') in 0.0721201 seconds
Number of updated asset objects reloaded before import = 0Number of asset objects unloaded after import = 20

========================================================================
Received Import Request.
  Time since last request: 0.000110 seconds.
  path: Assets/Erufyta/Flooded_Grounds/PostProcessing/Resources/Shaders/BuiltinDebugViews.shader
  artifactKey: Guid(72127ba7dd8c6b04bb3f29c7ee669813) Importer(2089858483,b0f066a214c2f5e87bad3c948f4d605d)
Start importing Assets/Erufyta/Flooded_Grounds/PostProcessing/Resources/Shaders/BuiltinDebugViews.shader using Guid(72127ba7dd8c6b04bb3f29c7ee669813) Importer(2089858483,b0f066a214c2f5e87bad3c948f4d605d) (ScriptedImporter) -> (artifact id: '8d973cac59c9f7b603c1cc3aaf98518a') in 0.0530649 seconds
Number of updated asset objects reloaded before import = 0Number of asset objects unloaded after import = 1

========================================================================
Received Import Request.
  Time since last request: 0.000097 seconds.
  path: Assets/Erufyta/Flooded_Grounds/Prefabs/Buildings/Villa1/Villa1_Roof_Mid_A.prefab
  artifactKey: Guid(6c1222a5c1b101d4b8780debc7845431) Importer(2089858483,b0f066a214c2f5e87bad3c948f4d605d)
Start importing Assets/Erufyta/Flooded_Grounds/Prefabs/Buildings/Villa1/Villa1_Roof_Mid_A.prefab using Guid(6c1222a5c1b101d4b8780debc7845431) Importer(2089858483,b0f066a214c2f5e87bad3c948f4d605d) (ScriptedImporter) -> (artifact id: '90083de06210b7877a3df57806cec740') in 0.0622034 seconds
Number of updated asset objects reloaded before import = 0Number of asset objects unloaded after import = 7

========================================================================
Received Import Request.
  Time since last request: 0.000159 seconds.
  path: Assets/Erufyta/Flooded_Grounds/Content/Meshes/mBuildings/mStructures/Struct_Fence1_Mid_B.fbx
  artifactKey: Guid(3ba2d426b1f399a4a9cfaa5e362e5b97) Importer(2089858483,b0f066a214c2f5e87bad3c948f4d605d)
Start importing Assets/Erufyta/Flooded_Grounds/Content/Meshes/mBuildings/mStructures/Struct_Fence1_Mid_B.fbx using Guid(3ba2d426b1f399a4a9cfaa5e362e5b97) Importer(2089858483,b0f066a214c2f5e87bad3c948f4d605d) (ScriptedImporter) -> (artifact id: '8eede09aa833b150ca51728db5e3e7e4') in 0.0695547 seconds
Number of updated asset objects reloaded before import = 0Number of asset objects unloaded after import = 20

========================================================================
Received Import Request.
  Time since last request: 0.000096 seconds.
  path: Assets/Erufyta/Flooded_Grounds/Content/Textures/DET_Rust1_N.tif
  artifactKey: Guid(e1302a654ba0d9c49b645d40bedd313d) Importer(2089858483,b0f066a214c2f5e87bad3c948f4d605d)
Start importing Assets/Erufyta/Flooded_Grounds/Content/Textures/DET_Rust1_N.tif using Guid(e1302a654ba0d9c49b645d40bedd313d) Importer(2089858483,b0f066a214c2f5e87bad3c948f4d605d) (ScriptedImporter) -> (artifact id: '099fcd18c57e695c3b0332ef6eee09b1') in 0.0903676 seconds
Number of updated asset objects reloaded before import = 0Number of asset objects unloaded after import = 1

========================================================================
Received Import Request.
  Time since last request: 0.000121 seconds.
  path: Assets/Erufyta/Flooded_Grounds/Content/Textures/BLD_Structures1_MS.tif
  artifactKey: Guid(ffebb5e12a0e7bc4f8538c69b1a21684) Importer(2089858483,b0f066a214c2f5e87bad3c948f4d605d)
Start importing Assets/Erufyta/Flooded_Grounds/Content/Textures/BLD_Structures1_MS.tif using Guid(ffebb5e12a0e7bc4f8538c69b1a21684) Importer(2089858483,b0f066a214c2f5e87bad3c948f4d605d) (ScriptedImporter) -> (artifact id: '620812bde1d1a21683a70f940509fcd1') in 0.1285235 seconds
Number of updated asset objects reloaded before import = 0Number of asset objects unloaded after import = 1

========================================================================
Received Import Request.
  Time since last request: 0.000042 seconds.
  path: Assets/Erufyta/Flooded_Grounds/PostProcessing/Resources/Bluenoise64/LDR_LLL1_44.png
  artifactKey: Guid(15e54aa23a938444389469d53765d741) Importer(2089858483,b0f066a214c2f5e87bad3c948f4d605d)
Start importing Assets/Erufyta/Flooded_Grounds/PostProcessing/Resources/Bluenoise64/LDR_LLL1_44.png using Guid(15e54aa23a938444389469d53765d741) Importer(2089858483,b0f066a214c2f5e87bad3c948f4d605d) (ScriptedImporter) -> (artifact id: '047003f8f573f6dc5efdbc10aa0d6e2c') in 0.1016573 seconds
Number of updated asset objects reloaded before import = 0Number of asset objects unloaded after import = 1

========================================================================
Received Import Request.
  Time since last request: 0.000092 seconds.
  path: Assets/Erufyta/Flooded_Grounds/Content/Textures/PROP_SmallProps2_A.tif
  artifactKey: Guid(30c023364e8dfc34dab4688662c13698) Importer(2089858483,b0f066a214c2f5e87bad3c948f4d605d)
Start importing Assets/Erufyta/Flooded_Grounds/Content/Textures/PROP_SmallProps2_A.tif using Guid(30c023364e8dfc34dab4688662c13698) Importer(2089858483,b0f066a214c2f5e87bad3c948f4d605d) (ScriptedImporter) -> (artifact id: '7f9a3168b9f825027023a28fa211a155') in 0.2072266 seconds
Number of updated asset objects reloaded before import = 0Number of asset objects unloaded after import = 1

========================================================================
Received Import Request.
  Time since last request: 0.000050 seconds.
  path: Assets/Erufyta/Flooded_Grounds/Content/Meshes/mNature/mRocks/lo_CobbleRock_B.fbx
  artifactKey: Guid(89bf544328b22bc4da0d56896518402a) Importer(2089858483,b0f066a214c2f5e87bad3c948f4d605d)
Start importing Assets/Erufyta/Flooded_Grounds/Content/Meshes/mNature/mRocks/lo_CobbleRock_B.fbx using Guid(89bf544328b22bc4da0d56896518402a) Importer(2089858483,b0f066a214c2f5e87bad3c948f4d605d) (ScriptedImporter) -> (artifact id: 'bf46ce8077f5f5fa3edb58570d42911a') in 0.0980159 seconds
Number of updated asset objects reloaded before import = 0Number of asset objects unloaded after import = 20

========================================================================
Received Import Request.
  Time since last request: 0.000073 seconds.
  path: Assets/Erufyta/Flooded_Grounds/Prefabs/Nature/Trees/TreeCreator_Tall_B.prefab
  artifactKey: Guid(bf68be3621a129c48b56c6ffde6f3f7f) Importer(2089858483,b0f066a214c2f5e87bad3c948f4d605d)
Start importing Assets/Erufyta/Flooded_Grounds/Prefabs/Nature/Trees/TreeCreator_Tall_B.prefab using Guid(bf68be3621a129c48b56c6ffde6f3f7f) Importer(2089858483,b0f066a214c2f5e87bad3c948f4d605d) (ScriptedImporter) -> (artifact id: 'ad2a24e0a1944569764b22badb124b05') in 0.2704367 seconds
Number of updated asset objects reloaded before import = 0Number of asset objects unloaded after import = 27

========================================================================
Received Import Request.
  Time since last request: 0.000061 seconds.
  path: Assets/Erufyta/Flooded_Grounds/Content/Meshes/mBuildings/mStructures/Struct_Roundabout_A.fbx
  artifactKey: Guid(252ea566efa16964db6209b227a7281d) Importer(2089858483,b0f066a214c2f5e87bad3c948f4d605d)
Start importing Assets/Erufyta/Flooded_Grounds/Content/Meshes/mBuildings/mStructures/Struct_Roundabout_A.fbx using Guid(252ea566efa16964db6209b227a7281d) Importer(2089858483,b0f066a214c2f5e87bad3c948f4d605d) (ScriptedImporter) -> (artifact id: '922c044c891a6ccfbf4e84489f8151f9') in 0.0913463 seconds
Number of updated asset objects reloaded before import = 0Number of asset objects unloaded after import = 7

========================================================================
Received Import Request.
  Time since last request: 0.000062 seconds.
  path: Assets/Erufyta/Flooded_Grounds/PostProcessing/Resources/Bluenoise64/LDR_LLL1_45.png
  artifactKey: Guid(b9960364038cbfa4aa49d7b2032d3110) Importer(2089858483,b0f066a214c2f5e87bad3c948f4d605d)
Start importing Assets/Erufyta/Flooded_Grounds/PostProcessing/Resources/Bluenoise64/LDR_LLL1_45.png using Guid(b9960364038cbfa4aa49d7b2032d3110) Importer(2089858483,b0f066a214c2f5e87bad3c948f4d605d) (ScriptedImporter) -> (artifact id: 'aa7c837146d9f436db5f32f54fa9cc2a') in 0.0545686 seconds
Number of updated asset objects reloaded before import = 0Number of asset objects unloaded after import = 1

========================================================================
Received Import Request.
  Time since last request: 0.000052 seconds.
  path: Assets/Erufyta/Flooded_Grounds/Content/Textures/BGR_Sky1.tif
  artifactKey: Guid(8888999060e5b7f4399b58f65d814847) Importer(2089858483,b0f066a214c2f5e87bad3c948f4d605d)
Start importing Assets/Erufyta/Flooded_Grounds/Content/Textures/BGR_Sky1.tif using Guid(8888999060e5b7f4399b58f65d814847) Importer(2089858483,b0f066a214c2f5e87bad3c948f4d605d) (ScriptedImporter) -> (artifact id: '70a529b57ddfc8de52102ce00693dbe8') in 0.0678585 seconds
Number of updated asset objects reloaded before import = 0Number of asset objects unloaded after import = 1

========================================================================
Received Import Request.
  Time since last request: 0.000070 seconds.
  path: Assets/Erufyta/Flooded_Grounds/Prefabs/Buildings/Churches/Church1_Door_C.prefab
  artifactKey: Guid(44822f52b3d42e7419e7730aa641a6c2) Importer(2089858483,b0f066a214c2f5e87bad3c948f4d605d)
Start importing Assets/Erufyta/Flooded_Grounds/Prefabs/Buildings/Churches/Church1_Door_C.prefab using Guid(44822f52b3d42e7419e7730aa641a6c2) Importer(2089858483,b0f066a214c2f5e87bad3c948f4d605d) (ScriptedImporter) -> (artifact id: '51ddc2aa00a527040ce49bc63b443782') in 0.0793728 seconds
Number of updated asset objects reloaded before import = 0Number of asset objects unloaded after import = 9

========================================================================
Received Import Request.
  Time since last request: 0.000058 seconds.
  path: Assets/Erufyta/Flooded_Grounds/Prefabs/Buildings/Villa2/Villa2_Deco_RoofPiece_A.prefab
  artifactKey: Guid(482a6ff30818ebf4890f53b9a90c7e79) Importer(2089858483,b0f066a214c2f5e87bad3c948f4d605d)
Start importing Assets/Erufyta/Flooded_Grounds/Prefabs/Buildings/Villa2/Villa2_Deco_RoofPiece_A.prefab using Guid(482a6ff30818ebf4890f53b9a90c7e79) Importer(2089858483,b0f066a214c2f5e87bad3c948f4d605d) (ScriptedImporter) -> (artifact id: '8a315e0617b27995f549828baa85c902') in 0.0887342 seconds
Number of updated asset objects reloaded before import = 0Number of asset objects unloaded after import = 7

========================================================================
Received Import Request.
  Time since last request: 0.000123 seconds.
  path: Assets/Erufyta/Flooded_Grounds/Prefabs/Buildings/IndBuilding1/IndBuilding1_Top_Mid_A.prefab
  artifactKey: Guid(4364c4769d122564abbf7277ef60854f) Importer(2089858483,b0f066a214c2f5e87bad3c948f4d605d)
Start importing Assets/Erufyta/Flooded_Grounds/Prefabs/Buildings/IndBuilding1/IndBuilding1_Top_Mid_A.prefab using Guid(4364c4769d122564abbf7277ef60854f) Importer(2089858483,b0f066a214c2f5e87bad3c948f4d605d) (ScriptedImporter) -> (artifact id: '798ac193783e4c9a89cb4503c6b56b19') in 0.0599501 seconds
Number of updated asset objects reloaded before import = 0Number of asset objects unloaded after import = 7

========================================================================
Received Import Request.
  Time since last request: 0.000080 seconds.
  path: Assets/Erufyta/Flooded_Grounds/Prefabs/Helpers/_BLOCKERCUBE.prefab
  artifactKey: Guid(4884e3768e9a2544a85d07afad356d87) Importer(2089858483,b0f066a214c2f5e87bad3c948f4d605d)
Start importing Assets/Erufyta/Flooded_Grounds/Prefabs/Helpers/_BLOCKERCUBE.prefab using Guid(4884e3768e9a2544a85d07afad356d87) Importer(2089858483,b0f066a214c2f5e87bad3c948f4d605d) (ScriptedImporter) -> (artifact id: '6de639cedd5f496dcd405116131d9534') in 0.1110886 seconds
Number of updated asset objects reloaded before import = 0Number of asset objects unloaded after import = 8

========================================================================
Received Import Request.
  Time since last request: 0.000135 seconds.
  path: Assets/Erufyta/Flooded_Grounds/Content/Meshes/mProps/lo_Prop_ParkBench_A.fbx
  artifactKey: Guid(ac768e201f97ed847a2a9fd96cac3557) Importer(2089858483,b0f066a214c2f5e87bad3c948f4d605d)
Start importing Assets/Erufyta/Flooded_Grounds/Content/Meshes/mProps/lo_Prop_ParkBench_A.fbx using Guid(ac768e201f97ed847a2a9fd96cac3557) Importer(2089858483,b0f066a214c2f5e87bad3c948f4d605d) (ScriptedImporter) -> (artifact id: '9dddb6dc8fbba6c072f94fefd2799970') in 0.0816329 seconds
Number of updated asset objects reloaded before import = 0Number of asset objects unloaded after import = 20

========================================================================
Received Import Request.
  Time since last request: 0.000082 seconds.
  path: Assets/Erufyta/Flooded_Grounds/Content/Meshes/mBuildings/mStructures/Struct_ExtStairs_A_COL.fbx
  artifactKey: Guid(0996fca634a0d444d8317fb999f971c0) Importer(2089858483,b0f066a214c2f5e87bad3c948f4d605d)
Start importing Assets/Erufyta/Flooded_Grounds/Content/Meshes/mBuildings/mStructures/Struct_ExtStairs_A_COL.fbx using Guid(0996fca634a0d444d8317fb999f971c0) Importer(2089858483,b0f066a214c2f5e87bad3c948f4d605d) (ScriptedImporter) -> (artifact id: '484434ffc0d8ff9cd1c613f1c2c70120') in 0.0784033 seconds
Number of updated asset objects reloaded before import = 0Number of asset objects unloaded after import = 7

========================================================================
Received Import Request.
  Time since last request: 0.000065 seconds.
  path: Assets/Erufyta/Flooded_Grounds/Scripts/FPSDisplay.cs
  artifactKey: Guid(54ad3e86c03a17243aeb93461e5fd054) Importer(2089858483,b0f066a214c2f5e87bad3c948f4d605d)
Start importing Assets/Erufyta/Flooded_Grounds/Scripts/FPSDisplay.cs using Guid(54ad3e86c03a17243aeb93461e5fd054) Importer(2089858483,b0f066a214c2f5e87bad3c948f4d605d) (ScriptedImporter) -> (artifact id: '39cac08f592767844658cefd479ccbd4') in 0.0384686 seconds
Number of updated asset objects reloaded before import = 0Number of asset objects unloaded after import = 0

========================================================================
Received Import Request.
  Time since last request: 0.000058 seconds.
  path: Assets/Erufyta/Flooded_Grounds/Prefabs/Buildings/Villa2/Villa2_Wall_Int_B.prefab
  artifactKey: Guid(5d4f7bb6ba9a6da4cab8ff0db61e4e59) Importer(2089858483,b0f066a214c2f5e87bad3c948f4d605d)
Start importing Assets/Erufyta/Flooded_Grounds/Prefabs/Buildings/Villa2/Villa2_Wall_Int_B.prefab using Guid(5d4f7bb6ba9a6da4cab8ff0db61e4e59) Importer(2089858483,b0f066a214c2f5e87bad3c948f4d605d) (ScriptedImporter) -> (artifact id: 'e165fe53ff83c0e907a2690962941c7a') in 0.0665362 seconds
Number of updated asset objects reloaded before import = 0Number of asset objects unloaded after import = 7

========================================================================
Received Import Request.
  Time since last request: 0.000217 seconds.
  path: Assets/Erufyta/Flooded_Grounds/Content/Meshes/mBuildings/mStructures/Struct_Billboard_C.fbx
  artifactKey: Guid(c6f8b1e6328df5c4da4eb3ca2d663008) Importer(2089858483,b0f066a214c2f5e87bad3c948f4d605d)
Start importing Assets/Erufyta/Flooded_Grounds/Content/Meshes/mBuildings/mStructures/Struct_Billboard_C.fbx using Guid(c6f8b1e6328df5c4da4eb3ca2d663008) Importer(2089858483,b0f066a214c2f5e87bad3c948f4d605d) (ScriptedImporter) -> (artifact id: '8c61dad597e9520132ebe36ec9fdfc93') in 0.0673567 seconds
Number of updated asset objects reloaded before import = 0Number of asset objects unloaded after import = 20

========================================================================
Received Import Request.
  Time since last request: 0.000974 seconds.
  path: Assets/Erufyta/Flooded_Grounds/Content/Sounds/WindHowl.mp3
  artifactKey: Guid(232fa66632b579d4cb807897eb2a1c60) Importer(2089858483,b0f066a214c2f5e87bad3c948f4d605d)
Start importing Assets/Erufyta/Flooded_Grounds/Content/Sounds/WindHowl.mp3 using Guid(232fa66632b579d4cb807897eb2a1c60) Importer(2089858483,b0f066a214c2f5e87bad3c948f4d605d) (ScriptedImporter) -> (artifact id: 'c669390d1409088317516e3bb0de5649') in 0.3216063 seconds
Number of updated asset objects reloaded before import = 0Number of asset objects unloaded after import = 1

========================================================================
Received Import Request.
  Time since last request: 0.000093 seconds.
  path: Assets/Erufyta/Flooded_Grounds/Resources/TreeCreator/TreeCreatorBarkOptimized.shader
  artifactKey: Guid(db6aa165e16df4c468e10d58b72a89b0) Importer(2089858483,b0f066a214c2f5e87bad3c948f4d605d)
Start importing Assets/Erufyta/Flooded_Grounds/Resources/TreeCreator/TreeCreatorBarkOptimized.shader using Guid(db6aa165e16df4c468e10d58b72a89b0) Importer(2089858483,b0f066a214c2f5e87bad3c948f4d605d) (ScriptedImporter) -> (artifact id: 'db1f61e51a81b4696ec1926c3bd67d9c') in 0.0570757 seconds
Number of updated asset objects reloaded before import = 0Number of asset objects unloaded after import = 1

========================================================================
Received Import Request.
  Time since last request: 0.000084 seconds.
  path: Assets/Erufyta/Flooded_Grounds/PostProcessing/Resources/Bluenoise64/LDR_LLL1_3.png
  artifactKey: Guid(373f9bf6b0841af4ebf26d25e4a3f4e2) Importer(2089858483,b0f066a214c2f5e87bad3c948f4d605d)
Start importing Assets/Erufyta/Flooded_Grounds/PostProcessing/Resources/Bluenoise64/LDR_LLL1_3.png using Guid(373f9bf6b0841af4ebf26d25e4a3f4e2) Importer(2089858483,b0f066a214c2f5e87bad3c948f4d605d) (ScriptedImporter) -> (artifact id: '63df2c946c5354367c8c77d48dab8689') in 0.1089635 seconds
Number of updated asset objects reloaded before import = 0Number of asset objects unloaded after import = 1

========================================================================
Received Import Request.
  Time since last request: 0.000122 seconds.
  path: Assets/Erufyta/Flooded_Grounds/Content/Meshes/mBuildings/mStructures/Struct_Fence1_Gate_B_COL.fbx
  artifactKey: Guid(ea265c625487e4c4b8cd87df549d2ec4) Importer(2089858483,b0f066a214c2f5e87bad3c948f4d605d)
Start importing Assets/Erufyta/Flooded_Grounds/Content/Meshes/mBuildings/mStructures/Struct_Fence1_Gate_B_COL.fbx using Guid(ea265c625487e4c4b8cd87df549d2ec4) Importer(2089858483,b0f066a214c2f5e87bad3c948f4d605d) (ScriptedImporter) -> (artifact id: '70163e933bd0247953509605c6100836') in 0.0960325 seconds
Number of updated asset objects reloaded before import = 0Number of asset objects unloaded after import = 7

========================================================================
Received Import Request.
  Time since last request: 0.000043 seconds.
  path: Assets/Erufyta/Flooded_Grounds/Prefabs/Nature/Trees/TreeCreator_Tall_B_Textures/translucency_gloss.png
  artifactKey: Guid(f80f7c95c474aa946bf84f9fcc3db256) Importer(2089858483,b0f066a214c2f5e87bad3c948f4d605d)
Start importing Assets/Erufyta/Flooded_Grounds/Prefabs/Nature/Trees/TreeCreator_Tall_B_Textures/translucency_gloss.png using Guid(f80f7c95c474aa946bf84f9fcc3db256) Importer(2089858483,b0f066a214c2f5e87bad3c948f4d605d) (ScriptedImporter) -> (artifact id: '6b329fdd228b9a5c6fad80b6d5633f8d') in 0.0565518 seconds
Number of updated asset objects reloaded before import = 0Number of asset objects unloaded after import = 1

========================================================================
Received Import Request.
  Time since last request: 0.000130 seconds.
  path: Assets/Erufyta/Flooded_Grounds/PostProcessing/Resources/Bluenoise64/LDR_LLL1_4.png
  artifactKey: Guid(6fa5cf178eaaa5f42b820f636bb6e0bd) Importer(2089858483,b0f066a214c2f5e87bad3c948f4d605d)
Start importing Assets/Erufyta/Flooded_Grounds/PostProcessing/Resources/Bluenoise64/LDR_LLL1_4.png using Guid(6fa5cf178eaaa5f42b820f636bb6e0bd) Importer(2089858483,b0f066a214c2f5e87bad3c948f4d605d) (ScriptedImporter) -> (artifact id: 'fc19bbf8a561314908b4dfd6dab6e2a0') in 0.0648404 seconds
Number of updated asset objects reloaded before import = 0Number of asset objects unloaded after import = 1

========================================================================
Received Import Request.
  Time since last request: 0.000049 seconds.
  path: Assets/Erufyta/Flooded_Grounds/Prefabs/Buildings/Villa2/Villa2_Top_Mid_A.prefab
  artifactKey: Guid(50ff0fc5eb0bbaa48af93f9714e2d631) Importer(2089858483,b0f066a214c2f5e87bad3c948f4d605d)
Start importing Assets/Erufyta/Flooded_Grounds/Prefabs/Buildings/Villa2/Villa2_Top_Mid_A.prefab using Guid(50ff0fc5eb0bbaa48af93f9714e2d631) Importer(2089858483,b0f066a214c2f5e87bad3c948f4d605d) (ScriptedImporter) -> (artifact id: '4f25fbc9e8299237fc74f5be86b2feb7') in 0.0633193 seconds
Number of updated asset objects reloaded before import = 0Number of asset objects unloaded after import = 7

========================================================================
Received Import Request.
  Time since last request: 0.000069 seconds.
  path: Assets/Erufyta/Flooded_Grounds/Prefabs/Buildings/Villa2/Villa2_Deco_Handrail1_Mid_A.prefab
  artifactKey: Guid(9b5083471b3ef954a9643ff70f6fa3ac) Importer(2089858483,b0f066a214c2f5e87bad3c948f4d605d)
Start importing Assets/Erufyta/Flooded_Grounds/Prefabs/Buildings/Villa2/Villa2_Deco_Handrail1_Mid_A.prefab using Guid(9b5083471b3ef954a9643ff70f6fa3ac) Importer(2089858483,b0f066a214c2f5e87bad3c948f4d605d) (ScriptedImporter) -> (artifact id: 'f37beb1ccd36da3292fb28e07e0e5707') in 0.0617703 seconds
Number of updated asset objects reloaded before import = 0Number of asset objects unloaded after import = 7

========================================================================
Received Import Request.
  Time since last request: 0.000066 seconds.
  path: Assets/Erufyta/Flooded_Grounds/Content/Meshes/mProps/lo_Prop_ChurchBench_A_DM.fbx
  artifactKey: Guid(cf186547dc2647147bc8703966249057) Importer(2089858483,b0f066a214c2f5e87bad3c948f4d605d)
Start importing Assets/Erufyta/Flooded_Grounds/Content/Meshes/mProps/lo_Prop_ChurchBench_A_DM.fbx using Guid(cf186547dc2647147bc8703966249057) Importer(2089858483,b0f066a214c2f5e87bad3c948f4d605d) (ScriptedImporter) -> (artifact id: '8173546b89691e0e5b6424c593cde72a') in 0.0449629 seconds
Number of updated asset objects reloaded before import = 0Number of asset objects unloaded after import = 15

========================================================================
Received Import Request.
  Time since last request: 0.000142 seconds.
  path: Assets/Erufyta/Flooded_Grounds/Prefabs/Buildings/Structures1/Struct_Docking_B.prefab
  artifactKey: Guid(839d15f594053604a9e89b5145396cdd) Importer(2089858483,b0f066a214c2f5e87bad3c948f4d605d)
Start importing Assets/Erufyta/Flooded_Grounds/Prefabs/Buildings/Structures1/Struct_Docking_B.prefab using Guid(839d15f594053604a9e89b5145396cdd) Importer(2089858483,b0f066a214c2f5e87bad3c948f4d605d) (ScriptedImporter) -> (artifact id: '597631facc474e47c87cc3f71ebf59e3') in 0.0557919 seconds
Number of updated asset objects reloaded before import = 0Number of asset objects unloaded after import = 23

========================================================================
Received Import Request.
  Time since last request: 0.000078 seconds.
  path: Assets/Erufyta/Flooded_Grounds/Prefabs/Nature/Bushes/DecoBush_D.prefab
  artifactKey: Guid(ae4e40571a130a0459daec567e503f34) Importer(2089858483,b0f066a214c2f5e87bad3c948f4d605d)
Start importing Assets/Erufyta/Flooded_Grounds/Prefabs/Nature/Bushes/DecoBush_D.prefab using Guid(ae4e40571a130a0459daec567e503f34) Importer(2089858483,b0f066a214c2f5e87bad3c948f4d605d) (ScriptedImporter) -> (artifact id: 'b7d48f3b0f1520a799fa5a7bf20417bf') in 0.0546772 seconds
Number of updated asset objects reloaded before import = 0Number of asset objects unloaded after import = 8

========================================================================
Received Import Request.
  Time since last request: 0.000073 seconds.
  path: Assets/Erufyta/Flooded_Grounds/Prefabs/Nature/Trees/TreeCreator_Tall_C_Dead_Textures/normal_specular.png
  artifactKey: Guid(31c8b057acd918343a5dddb96bfa3ae8) Importer(2089858483,b0f066a214c2f5e87bad3c948f4d605d)
Start importing Assets/Erufyta/Flooded_Grounds/Prefabs/Nature/Trees/TreeCreator_Tall_C_Dead_Textures/normal_specular.png using Guid(31c8b057acd918343a5dddb96bfa3ae8) Importer(2089858483,b0f066a214c2f5e87bad3c948f4d605d) (ScriptedImporter) -> (artifact id: '0f10ec2bbd2bc6f13de6af3617de5ec7') in 0.0547526 seconds
Number of updated asset objects reloaded before import = 0Number of asset objects unloaded after import = 1

========================================================================
Received Import Request.
  Time since last request: 0.000046 seconds.
  path: Assets/Erufyta/Flooded_Grounds/PostProcessing/Resources/Bluenoise64/LDR_LLL1_34.png
  artifactKey: Guid(319b8e66db3faa4438cf6982e9c89b2f) Importer(2089858483,b0f066a214c2f5e87bad3c948f4d605d)
Start importing Assets/Erufyta/Flooded_Grounds/PostProcessing/Resources/Bluenoise64/LDR_LLL1_34.png using Guid(319b8e66db3faa4438cf6982e9c89b2f) Importer(2089858483,b0f066a214c2f5e87bad3c948f4d605d) (ScriptedImporter) -> (artifact id: 'ec9af8ecd84815cd8fc767b3307c1c86') in 0.1011751 seconds
Number of updated asset objects reloaded before import = 0Number of asset objects unloaded after import = 1

========================================================================
Received Import Request.
  Time since last request: 0.000045 seconds.
  path: Assets/Erufyta/Flooded_Grounds/Prefabs/Nature/Bushes/DecoBush_B.prefab
  artifactKey: Guid(c2ff9755149cab74697bc0b26d23c0b0) Importer(2089858483,b0f066a214c2f5e87bad3c948f4d605d)
Start importing Assets/Erufyta/Flooded_Grounds/Prefabs/Nature/Bushes/DecoBush_B.prefab using Guid(c2ff9755149cab74697bc0b26d23c0b0) Importer(2089858483,b0f066a214c2f5e87bad3c948f4d605d) (ScriptedImporter) -> (artifact id: '96e36c00e8b6dbcbee6dc763fcd5a452') in 0.0848461 seconds
Number of updated asset objects reloaded before import = 0Number of asset objects unloaded after import = 8

========================================================================
Received Import Request.
  Time since last request: 0.000055 seconds.
  path: Assets/Erufyta/Flooded_Grounds/PostProcessing/Runtime/Models/MotionBlurModel.cs
  artifactKey: Guid(bb4df227c906dd342bd34767914d292c) Importer(2089858483,b0f066a214c2f5e87bad3c948f4d605d)
Start importing Assets/Erufyta/Flooded_Grounds/PostProcessing/Runtime/Models/MotionBlurModel.cs using Guid(bb4df227c906dd342bd34767914d292c) Importer(2089858483,b0f066a214c2f5e87bad3c948f4d605d) (ScriptedImporter) -> (artifact id: 'cf1b303937fc3ac5cac04843eb81d316') in 0.0307592 seconds
Number of updated asset objects reloaded before import = 0Number of asset objects unloaded after import = 0

========================================================================
Received Import Request.
  Time since last request: 0.000128 seconds.
  path: Assets/Erufyta/Flooded_Grounds/PostProcessing/Runtime/Utils/ColorGradingCurve.cs
  artifactKey: Guid(1bb6f2275f7eff940b6f0d72681e7877) Importer(2089858483,b0f066a214c2f5e87bad3c948f4d605d)
Start importing Assets/Erufyta/Flooded_Grounds/PostProcessing/Runtime/Utils/ColorGradingCurve.cs using Guid(1bb6f2275f7eff940b6f0d72681e7877) Importer(2089858483,b0f066a214c2f5e87bad3c948f4d605d) (ScriptedImporter) -> (artifact id: '86b32b00368c6fa41e82d8d5e15a181e') in 0.0291905 seconds
Number of updated asset objects reloaded before import = 0Number of asset objects unloaded after import = 0

========================================================================
Received Import Request.
  Time since last request: 0.000047 seconds.
  path: Assets/Erufyta/Flooded_Grounds/PostProcessing/Editor/PostProcessingBehaviourEditor.cs
  artifactKey: Guid(0c12e797b02402246a52aa270c45059b) Importer(2089858483,b0f066a214c2f5e87bad3c948f4d605d)
Start importing Assets/Erufyta/Flooded_Grounds/PostProcessing/Editor/PostProcessingBehaviourEditor.cs using Guid(0c12e797b02402246a52aa270c45059b) Importer(2089858483,b0f066a214c2f5e87bad3c948f4d605d) (ScriptedImporter) -> (artifact id: 'f19f491b02e0a3e46593b81755bd14be') in 0.0423902 seconds
Number of updated asset objects reloaded before import = 0Number of asset objects unloaded after import = 0

========================================================================
Received Import Request.
  Time since last request: 0.000164 seconds.
  path: Assets/Erufyta/Flooded_Grounds/Prefabs/Nature/Rocks/CobbleRock_F.prefab
  artifactKey: Guid(758be797b2a1f0e48a305f88f9784d43) Importer(2089858483,b0f066a214c2f5e87bad3c948f4d605d)
Start importing Assets/Erufyta/Flooded_Grounds/Prefabs/Nature/Rocks/CobbleRock_F.prefab using Guid(758be797b2a1f0e48a305f88f9784d43) Importer(2089858483,b0f066a214c2f5e87bad3c948f4d605d) (ScriptedImporter) -> (artifact id: '936951ab1457f3667c3905380e6f8e3e') in 0.0874677 seconds
Number of updated asset objects reloaded before import = 0Number of asset objects unloaded after import = 20

========================================================================
Received Import Request.
  Time since last request: 0.000080 seconds.
  path: Assets/Erufyta/Flooded_Grounds/PostProcessing/Editor/Models/DefaultPostFxModelEditor.cs
  artifactKey: Guid(c15016a7fef58974f91a6a4d6b132d94) Importer(2089858483,b0f066a214c2f5e87bad3c948f4d605d)
Start importing Assets/Erufyta/Flooded_Grounds/PostProcessing/Editor/Models/DefaultPostFxModelEditor.cs using Guid(c15016a7fef58974f91a6a4d6b132d94) Importer(2089858483,b0f066a214c2f5e87bad3c948f4d605d) (ScriptedImporter) -> (artifact id: '43a689a7075abc5d2b85d78b1e0be73b') in 0.0584654 seconds
Number of updated asset objects reloaded before import = 0Number of asset objects unloaded after import = 0

========================================================================
Received Import Request.
  Time since last request: 0.000108 seconds.
  path: Assets/Erufyta/Flooded_Grounds/PostProcessing/Resources/Bluenoise64/LDR_LLL1_1.png
  artifactKey: Guid(3c2f1fb7e4b66e74191b7c328ada52d9) Importer(2089858483,b0f066a214c2f5e87bad3c948f4d605d)
Start importing Assets/Erufyta/Flooded_Grounds/PostProcessing/Resources/Bluenoise64/LDR_LLL1_1.png using Guid(3c2f1fb7e4b66e74191b7c328ada52d9) Importer(2089858483,b0f066a214c2f5e87bad3c948f4d605d) (ScriptedImporter) -> (artifact id: 'd51cfc40313ca187556b13690c4d8c63') in 0.0769349 seconds
Number of updated asset objects reloaded before import = 0Number of asset objects unloaded after import = 1

========================================================================
Received Import Request.
  Time since last request: 0.000095 seconds.
  path: Assets/Erufyta/Flooded_Grounds/Prefabs/Buildings/Churches/Church1_Deco_WindowGlass_B.prefab
  artifactKey: Guid(8bdc869548e29fd4fbdf4c6b361ce4ce) Importer(2089858483,b0f066a214c2f5e87bad3c948f4d605d)
Start importing Assets/Erufyta/Flooded_Grounds/Prefabs/Buildings/Churches/Church1_Deco_WindowGlass_B.prefab using Guid(8bdc869548e29fd4fbdf4c6b361ce4ce) Importer(2089858483,b0f066a214c2f5e87bad3c948f4d605d) (ScriptedImporter) -> (artifact id: 'd6982c07a0baff084434f2710aa95319') in 0.0756119 seconds
Number of updated asset objects reloaded before import = 0Number of asset objects unloaded after import = 7

========================================================================
Received Import Request.
  Time since last request: 0.000154 seconds.
  path: Assets/Erufyta/Flooded_Grounds/Prefabs/Buildings/Villa2/Villa2_Base_Mid_B.prefab
  artifactKey: Guid(996c6dd75e116554ea1985a8c9e8c8d2) Importer(2089858483,b0f066a214c2f5e87bad3c948f4d605d)
Start importing Assets/Erufyta/Flooded_Grounds/Prefabs/Buildings/Villa2/Villa2_Base_Mid_B.prefab using Guid(996c6dd75e116554ea1985a8c9e8c8d2) Importer(2089858483,b0f066a214c2f5e87bad3c948f4d605d) (ScriptedImporter) -> (artifact id: 'db5b34ccf4c50129ea98f6517de00099') in 0.0624891 seconds
Number of updated asset objects reloaded before import = 0Number of asset objects unloaded after import = 7

========================================================================
Received Import Request.
  Time since last request: 0.000106 seconds.
  path: Assets/Erufyta/Flooded_Grounds/PostProcessing/Runtime/Components/AmbientOcclusionComponent.cs
  artifactKey: Guid(c6e33ce72d3776b408121f946283403d) Importer(2089858483,b0f066a214c2f5e87bad3c948f4d605d)
Start importing Assets/Erufyta/Flooded_Grounds/PostProcessing/Runtime/Components/AmbientOcclusionComponent.cs using Guid(c6e33ce72d3776b408121f946283403d) Importer(2089858483,b0f066a214c2f5e87bad3c948f4d605d) (ScriptedImporter) -> (artifact id: '59a9054c1be8ec7c33b63e3ba2c10aee') in 0.0421627 seconds
Number of updated asset objects reloaded before import = 0Number of asset objects unloaded after import = 0

========================================================================
Received Import Request.
  Time since last request: 0.000116 seconds.
  path: Assets/Erufyta/Flooded_Grounds/Content/Textures/FOL_Hedge1_N.tif
  artifactKey: Guid(d90049466cf0ab8438d398546b028b67) Importer(2089858483,b0f066a214c2f5e87bad3c948f4d605d)
Start importing Assets/Erufyta/Flooded_Grounds/Content/Textures/FOL_Hedge1_N.tif using Guid(d90049466cf0ab8438d398546b028b67) Importer(2089858483,b0f066a214c2f5e87bad3c948f4d605d) (ScriptedImporter) -> (artifact id: '47b5db99ab9f6c9741aab2d3a0508ce4') in 0.1234023 seconds
Number of updated asset objects reloaded before import = 0Number of asset objects unloaded after import = 1

========================================================================
Received Import Request.
  Time since last request: 0.000052 seconds.
  path: Assets/Erufyta/Flooded_Grounds/PostProcessing/Resources/Bluenoise64/LDR_LLL1_24.png
  artifactKey: Guid(32c6a5f7143b86c44bd5cdee2ff3f8ad) Importer(2089858483,b0f066a214c2f5e87bad3c948f4d605d)
Start importing Assets/Erufyta/Flooded_Grounds/PostProcessing/Resources/Bluenoise64/LDR_LLL1_24.png using Guid(32c6a5f7143b86c44bd5cdee2ff3f8ad) Importer(2089858483,b0f066a214c2f5e87bad3c948f4d605d) (ScriptedImporter) -> (artifact id: 'a7d4857fd1aafa79aee6222d20460180') in 0.0724315 seconds
Number of updated asset objects reloaded before import = 0Number of asset objects unloaded after import = 1

========================================================================
Received Import Request.
  Time since last request: 0.000088 seconds.
  path: Assets/Erufyta/Flooded_Grounds/Prefabs/Buildings/Villa1/Villa1_Base_Mid_A.prefab
  artifactKey: Guid(eb76103868aa7dc4c8e39613a5835fb5) Importer(2089858483,b0f066a214c2f5e87bad3c948f4d605d)
Start importing Assets/Erufyta/Flooded_Grounds/Prefabs/Buildings/Villa1/Villa1_Base_Mid_A.prefab using Guid(eb76103868aa7dc4c8e39613a5835fb5) Importer(2089858483,b0f066a214c2f5e87bad3c948f4d605d) (ScriptedImporter) -> (artifact id: 'e9d9609b6d9b3386ff12bdb3d201fd8f') in 0.0842044 seconds
Number of updated asset objects reloaded before import = 0Number of asset objects unloaded after import = 7

========================================================================
Received Import Request.
  Time since last request: 0.000060 seconds.
  path: Assets/Erufyta/Flooded_Grounds/Prefabs/Buildings/Structures1/Struct_Fence3_Mid_A.prefab
  artifactKey: Guid(6c2bb458d4ac1614485f1c8ba5adb8f9) Importer(2089858483,b0f066a214c2f5e87bad3c948f4d605d)
Start importing Assets/Erufyta/Flooded_Grounds/Prefabs/Buildings/Structures1/Struct_Fence3_Mid_A.prefab using Guid(6c2bb458d4ac1614485f1c8ba5adb8f9) Importer(2089858483,b0f066a214c2f5e87bad3c948f4d605d) (ScriptedImporter) -> (artifact id: '110532874d2f7493e8be58df7ad052a8') in 0.0804934 seconds
Number of updated asset objects reloaded before import = 0Number of asset objects unloaded after import = 23

========================================================================
Received Import Request.
  Time since last request: 0.000078 seconds.
  path: Assets/Erufyta/Flooded_Grounds/PostProcessing/Editor/Models/DitheringModelEditor.cs
  artifactKey: Guid(87377c86d84f49a4e912d37d28353e7f) Importer(2089858483,b0f066a214c2f5e87bad3c948f4d605d)
Start importing Assets/Erufyta/Flooded_Grounds/PostProcessing/Editor/Models/DitheringModelEditor.cs using Guid(87377c86d84f49a4e912d37d28353e7f) Importer(2089858483,b0f066a214c2f5e87bad3c948f4d605d) (ScriptedImporter) -> (artifact id: '5c4c30e45c7f36e5eca22075662b07b6') in 0.0630893 seconds
Number of updated asset objects reloaded before import = 0Number of asset objects unloaded after import = 0

========================================================================
Received Import Request.
  Time since last request: 0.000116 seconds.
  path: Assets/Erufyta/Flooded_Grounds/Prefabs/Nature/Bushes/DecoBush_C.prefab
  artifactKey: Guid(4d42826861e3f864c8c01be559eeb48a) Importer(2089858483,b0f066a214c2f5e87bad3c948f4d605d)
Start importing Assets/Erufyta/Flooded_Grounds/Prefabs/Nature/Bushes/DecoBush_C.prefab using Guid(4d42826861e3f864c8c01be559eeb48a) Importer(2089858483,b0f066a214c2f5e87bad3c948f4d605d) (ScriptedImporter) -> (artifact id: '6d6f2f5ef16bc1ae4daf50cbc8272546') in 0.1735139 seconds
Number of updated asset objects reloaded before import = 0Number of asset objects unloaded after import = 8

========================================================================
Received Import Request.
  Time since last request: 0.000068 seconds.
  path: Assets/Erufyta/Flooded_Grounds/PostProcessing/Resources/Shaders/Common.cginc
  artifactKey: Guid(eb88496804341c648b32a75843d92ccb) Importer(2089858483,b0f066a214c2f5e87bad3c948f4d605d)
Start importing Assets/Erufyta/Flooded_Grounds/PostProcessing/Resources/Shaders/Common.cginc using Guid(eb88496804341c648b32a75843d92ccb) Importer(2089858483,b0f066a214c2f5e87bad3c948f4d605d) (ScriptedImporter) -> (artifact id: '8d49d8322fe417e87c8c37a3fbdd2e07') in 0.095272 seconds
Number of updated asset objects reloaded before import = 0Number of asset objects unloaded after import = 1

========================================================================
Received Import Request.
  Time since last request: 0.000048 seconds.
  path: Assets/Erufyta/Flooded_Grounds/Prefabs/Buildings/Structures1/Struct_FlowerBox_A.prefab
  artifactKey: Guid(8996c8680be073342a111a684ca95e17) Importer(2089858483,b0f066a214c2f5e87bad3c948f4d605d)
Start importing Assets/Erufyta/Flooded_Grounds/Prefabs/Buildings/Structures1/Struct_FlowerBox_A.prefab using Guid(8996c8680be073342a111a684ca95e17) Importer(2089858483,b0f066a214c2f5e87bad3c948f4d605d) (ScriptedImporter) -> (artifact id: '27c6c6877850fddc620ebe77ade8739e') in 0.12458 seconds
Number of updated asset objects reloaded before import = 0Number of asset objects unloaded after import = 10

========================================================================
Received Import Request.
  Time since last request: 0.000123 seconds.
  path: Assets/Erufyta/Flooded_Grounds/Content/Trees/SrcMaterials/Branch1.mat
  artifactKey: Guid(e2b1787858919764498bf5efb8d00efe) Importer(2089858483,b0f066a214c2f5e87bad3c948f4d605d)
Start importing Assets/Erufyta/Flooded_Grounds/Content/Trees/SrcMaterials/Branch1.mat using Guid(e2b1787858919764498bf5efb8d00efe) Importer(2089858483,b0f066a214c2f5e87bad3c948f4d605d) (ScriptedImporter) -> (artifact id: 'fec5fea38dae905f253004c825604d17') in 0.0981307 seconds
Number of updated asset objects reloaded before import = 0Number of asset objects unloaded after import = 3

========================================================================
Received Import Request.
  Time since last request: 0.000048 seconds.
  path: Assets/Erufyta/Flooded_Grounds/Content/Textures/DET_Wood1_N.tif
  artifactKey: Guid(71125a98538a1fc47baccad99640157e) Importer(2089858483,b0f066a214c2f5e87bad3c948f4d605d)
Start importing Assets/Erufyta/Flooded_Grounds/Content/Textures/DET_Wood1_N.tif using Guid(71125a98538a1fc47baccad99640157e) Importer(2089858483,b0f066a214c2f5e87bad3c948f4d605d) (ScriptedImporter) -> (artifact id: '76540bca0de1cb031f823770103332c4') in 0.1337318 seconds
Number of updated asset objects reloaded before import = 0Number of asset objects unloaded after import = 1

========================================================================
Received Import Request.
  Time since last request: 0.000069 seconds.
  path: Assets/Erufyta/Flooded_Grounds/Content/Trees/SrcTextures/FOL_BushFlower1_D.tif
  artifactKey: Guid(5390c10622b90f94989de9ff0a2d2520) Importer(2089858483,b0f066a214c2f5e87bad3c948f4d605d)
Start importing Assets/Erufyta/Flooded_Grounds/Content/Trees/SrcTextures/FOL_BushFlower1_D.tif using Guid(5390c10622b90f94989de9ff0a2d2520) Importer(2089858483,b0f066a214c2f5e87bad3c948f4d605d) (ScriptedImporter) -> (artifact id: '532901293d25f7a3dd015664f1db34f4') in 0.093693 seconds
Number of updated asset objects reloaded before import = 0Number of asset objects unloaded after import = 1

========================================================================
Received Import Request.
  Time since last request: 0.000086 seconds.
  path: Assets/Erufyta/Flooded_Grounds/PostProcessing/Resources/Bluenoise64/LDR_LLL1_27.png
  artifactKey: Guid(bdd06fb88ef36ed4a85dd506352c2d80) Importer(2089858483,b0f066a214c2f5e87bad3c948f4d605d)
Start importing Assets/Erufyta/Flooded_Grounds/PostProcessing/Resources/Bluenoise64/LDR_LLL1_27.png using Guid(bdd06fb88ef36ed4a85dd506352c2d80) Importer(2089858483,b0f066a214c2f5e87bad3c948f4d605d) (ScriptedImporter) -> (artifact id: 'cf7f09014990fb98727c92ee7f4032d4') in 0.1098152 seconds
Number of updated asset objects reloaded before import = 0Number of asset objects unloaded after import = 1

========================================================================
Received Import Request.
  Time since last request: 0.000055 seconds.
  path: Assets/Erufyta/Flooded_Grounds/PostProcessing/Resources/Bluenoise64/LDR_LLL1_15.png
  artifactKey: Guid(2ee161d8945169243b5698fec114e1b7) Importer(2089858483,b0f066a214c2f5e87bad3c948f4d605d)
Start importing Assets/Erufyta/Flooded_Grounds/PostProcessing/Resources/Bluenoise64/LDR_LLL1_15.png using Guid(2ee161d8945169243b5698fec114e1b7) Importer(2089858483,b0f066a214c2f5e87bad3c948f4d605d) (ScriptedImporter) -> (artifact id: 'ecbc57b439f0e0a9dbd671d3e53bdba7') in 0.136756 seconds
Number of updated asset objects reloaded before import = 0Number of asset objects unloaded after import = 1

========================================================================
Received Import Request.
  Time since last request: 0.000031 seconds.
  path: Assets/Erufyta/Flooded_Grounds/Prefabs/Buildings/Villa2/Villa2_Deco_Handrail1_Cor_B.prefab
  artifactKey: Guid(6c76f7e8b93342a4b93a121c3afd2823) Importer(2089858483,b0f066a214c2f5e87bad3c948f4d605d)
Start importing Assets/Erufyta/Flooded_Grounds/Prefabs/Buildings/Villa2/Villa2_Deco_Handrail1_Cor_B.prefab using Guid(6c76f7e8b93342a4b93a121c3afd2823) Importer(2089858483,b0f066a214c2f5e87bad3c948f4d605d) (ScriptedImporter) -> (artifact id: '0d0db199b8251c54fbdab5309c3202df') in 0.1469192 seconds
Number of updated asset objects reloaded before import = 0Number of asset objects unloaded after import = 7

========================================================================
Received Import Request.
  Time since last request: 0.000095 seconds.
  path: Assets/Erufyta/Flooded_Grounds/Prefabs/Props/Prop_Gravestone_D.prefab
  artifactKey: Guid(7e6af4e8360e4b342840a974109fcaed) Importer(2089858483,b0f066a214c2f5e87bad3c948f4d605d)
Start importing Assets/Erufyta/Flooded_Grounds/Prefabs/Props/Prop_Gravestone_D.prefab using Guid(7e6af4e8360e4b342840a974109fcaed) Importer(2089858483,b0f066a214c2f5e87bad3c948f4d605d) (ScriptedImporter) -> (artifact id: '035692f31586ee85498de81cdc1bbe7b') in 0.1463868 seconds
Number of updated asset objects reloaded before import = 0Number of asset objects unloaded after import = 9

========================================================================
Received Import Request.
  Time since last request: 0.000044 seconds.
  path: Assets/Erufyta/Flooded_Grounds/PostProcessing/Utilities/CustomMotionTexture/Materials/WheelMotionVectors.mat
  artifactKey: Guid(055f7217f136349d9b68e82b9e987dae) Importer(2089858483,b0f066a214c2f5e87bad3c948f4d605d)
Start importing Assets/Erufyta/Flooded_Grounds/PostProcessing/Utilities/CustomMotionTexture/Materials/WheelMotionVectors.mat using Guid(055f7217f136349d9b68e82b9e987dae) Importer(2089858483,b0f066a214c2f5e87bad3c948f4d605d) (ScriptedImporter) -> (artifact id: '4d9d5510d757c7aa0a44048235af1a6b') in 0.129112 seconds
Number of updated asset objects reloaded before import = 0Number of asset objects unloaded after import = 2

========================================================================
Received Import Request.
  Time since last request: 0.000115 seconds.
  path: Assets/Erufyta/Flooded_Grounds/PostProcessing/Resources/Bluenoise64/COPYING.txt
  artifactKey: Guid(fa3fc398fe396744c9299e70b63bfdd7) Importer(2089858483,b0f066a214c2f5e87bad3c948f4d605d)
Start importing Assets/Erufyta/Flooded_Grounds/PostProcessing/Resources/Bluenoise64/COPYING.txt using Guid(fa3fc398fe396744c9299e70b63bfdd7) Importer(2089858483,b0f066a214c2f5e87bad3c948f4d605d) (ScriptedImporter) -> (artifact id: 'a743ee727dd7a4abc5ecd90c0e6582d4') in 0.0720723 seconds
Number of updated asset objects reloaded before import = 0Number of asset objects unloaded after import = 1

========================================================================
Received Import Request.
  Time since last request: 0.000044 seconds.
  path: Assets/Erufyta/Flooded_Grounds/Content/Materials/BLD_BrickHouse1.mat
  artifactKey: Guid(47922826feb9d49488af116a75bc66c4) Importer(2089858483,b0f066a214c2f5e87bad3c948f4d605d)
Start importing Assets/Erufyta/Flooded_Grounds/Content/Materials/BLD_BrickHouse1.mat using Guid(47922826feb9d49488af116a75bc66c4) Importer(2089858483,b0f066a214c2f5e87bad3c948f4d605d) (ScriptedImporter) -> (artifact id: '38a2726acc79aba6105109e0df8396e5') in 0.0493017 seconds
Number of updated asset objects reloaded before import = 0Number of asset objects unloaded after import = 3

========================================================================
Received Import Request.
  Time since last request: 0.000144 seconds.
  path: Assets/Erufyta/Flooded_Grounds/PostProcessing/Resources/Bluenoise64/LDR_LLL1_5.png
  artifactKey: Guid(a1ae041906217ae44a774d4ca139af50) Importer(2089858483,b0f066a214c2f5e87bad3c948f4d605d)
Start importing Assets/Erufyta/Flooded_Grounds/PostProcessing/Resources/Bluenoise64/LDR_LLL1_5.png using Guid(a1ae041906217ae44a774d4ca139af50) Importer(2089858483,b0f066a214c2f5e87bad3c948f4d605d) (ScriptedImporter) -> (artifact id: '397826e4455161f92de1a5deae553d83') in 0.0848544 seconds
Number of updated asset objects reloaded before import = 0Number of asset objects unloaded after import = 1

========================================================================
Received Import Request.
  Time since last request: 0.000048 seconds.
  path: Assets/Erufyta/Flooded_Grounds/Prefabs/Buildings/Villa1/Villa1_Wall_Mid_A.prefab
  artifactKey: Guid(5d6e0b09bf6588c4194b0574def66713) Importer(2089858483,b0f066a214c2f5e87bad3c948f4d605d)
Start importing Assets/Erufyta/Flooded_Grounds/Prefabs/Buildings/Villa1/Villa1_Wall_Mid_A.prefab using Guid(5d6e0b09bf6588c4194b0574def66713) Importer(2089858483,b0f066a214c2f5e87bad3c948f4d605d) (ScriptedImporter) -> (artifact id: '469c54f2ecdef71f07c37f968e40cec3') in 0.0566387 seconds
Number of updated asset objects reloaded before import = 0Number of asset objects unloaded after import = 7

========================================================================
Received Import Request.
  Time since last request: 0.000140 seconds.
  path: Assets/Erufyta/Flooded_Grounds/Prefabs/Buildings/Cabins/Cabin2_Mid1.prefab
  artifactKey: Guid(72d5913900bb94349b98a1b5a5340e17) Importer(2089858483,b0f066a214c2f5e87bad3c948f4d605d)
Start importing Assets/Erufyta/Flooded_Grounds/Prefabs/Buildings/Cabins/Cabin2_Mid1.prefab using Guid(72d5913900bb94349b98a1b5a5340e17) Importer(2089858483,b0f066a214c2f5e87bad3c948f4d605d) (ScriptedImporter) -> (artifact id: '924890f30c207c394a82268d08a5c4ad') in 0.0710253 seconds
Number of updated asset objects reloaded before import = 0Number of asset objects unloaded after import = 7

========================================================================
Received Import Request.
  Time since last request: 0.000157 seconds.
  path: Assets/Erufyta/Flooded_Grounds/Prefabs/Nature/Trees/TreeCreator_Bush_A.prefab
  artifactKey: Guid(2c33c759b6bfb1448a79429a0c761b44) Importer(2089858483,b0f066a214c2f5e87bad3c948f4d605d)
Start importing Assets/Erufyta/Flooded_Grounds/Prefabs/Nature/Trees/TreeCreator_Bush_A.prefab using Guid(2c33c759b6bfb1448a79429a0c761b44) Importer(2089858483,b0f066a214c2f5e87bad3c948f4d605d) (ScriptedImporter) -> (artifact id: '77d810ef1867cc1c6d9d0045fe2f6655') in 0.2321107 seconds
Number of updated asset objects reloaded before import = 0Number of asset objects unloaded after import = 23

========================================================================
Received Import Request.
  Time since last request: 0.000131 seconds.
  path: Assets/Erufyta/Flooded_Grounds/Prefabs/Buildings/BrickHouse/BrickHouse_Deco_WindowGlass_B.prefab
  artifactKey: Guid(eaaa713946d21c349acbc0f8b739f316) Importer(2089858483,b0f066a214c2f5e87bad3c948f4d605d)
Start importing Assets/Erufyta/Flooded_Grounds/Prefabs/Buildings/BrickHouse/BrickHouse_Deco_WindowGlass_B.prefab using Guid(eaaa713946d21c349acbc0f8b739f316) Importer(2089858483,b0f066a214c2f5e87bad3c948f4d605d) (ScriptedImporter) -> (artifact id: '51e395118441a565e6249b31610a300f') in 0.1230371 seconds
Number of updated asset objects reloaded before import = 0Number of asset objects unloaded after import = 6

========================================================================
Received Import Request.
  Time since last request: 0.000068 seconds.
  path: Assets/Erufyta/Flooded_Grounds/Prefabs/Buildings/IndBuilding1/IndBuilding1_Floor_Mid_A.prefab
  artifactKey: Guid(812c9b36537fa8146bed44183a36cf7a) Importer(2089858483,b0f066a214c2f5e87bad3c948f4d605d)
Start importing Assets/Erufyta/Flooded_Grounds/Prefabs/Buildings/IndBuilding1/IndBuilding1_Floor_Mid_A.prefab using Guid(812c9b36537fa8146bed44183a36cf7a) Importer(2089858483,b0f066a214c2f5e87bad3c948f4d605d) (ScriptedImporter) -> (artifact id: '95f23169a2873323c21bca1dd5855fd3') in 0.1032458 seconds
Number of updated asset objects reloaded before import = 0Number of asset objects unloaded after import = 7

========================================================================
Received Import Request.
  Time since last request: 0.000055 seconds.
  path: Assets/Erufyta/Flooded_Grounds/Prefabs/Nature/Trees/TreeCreator_Small_B_Textures/shadow.png
  artifactKey: Guid(650e346907fc2e14b9d690e0bc60c184) Importer(2089858483,b0f066a214c2f5e87bad3c948f4d605d)
Start importing Assets/Erufyta/Flooded_Grounds/Prefabs/Nature/Trees/TreeCreator_Small_B_Textures/shadow.png using Guid(650e346907fc2e14b9d690e0bc60c184) Importer(2089858483,b0f066a214c2f5e87bad3c948f4d605d) (ScriptedImporter) -> (artifact id: 'e69a34c40562c367db59be10f60a1801') in 0.0490473 seconds
Number of updated asset objects reloaded before import = 0Number of asset objects unloaded after import = 1

========================================================================
Received Import Request.
  Time since last request: 0.000039 seconds.
  path: Assets/Erufyta/Flooded_Grounds/Content/Meshes/mBuildings/mStructures/Struct_ExtStairs_A.fbx
  artifactKey: Guid(c0c8486998ea7fc489a69424202b8299) Importer(2089858483,b0f066a214c2f5e87bad3c948f4d605d)
Start importing Assets/Erufyta/Flooded_Grounds/Content/Meshes/mBuildings/mStructures/Struct_ExtStairs_A.fbx using Guid(c0c8486998ea7fc489a69424202b8299) Importer(2089858483,b0f066a214c2f5e87bad3c948f4d605d) (ScriptedImporter) -> (artifact id: '609fb6cb234b0ef77b1acd9fc04e87e6') in 0.0866256 seconds
Number of updated asset objects reloaded before import = 0Number of asset objects unloaded after import = 20

========================================================================
Received Import Request.
  Time since last request: 0.000049 seconds.
  path: Assets/Erufyta/Flooded_Grounds/Prefabs/Buildings/Barns/Barn2_End_B.prefab
  artifactKey: Guid(9503dd374b0a87e4b8739d2906cd3f6f) Importer(2089858483,b0f066a214c2f5e87bad3c948f4d605d)
Start importing Assets/Erufyta/Flooded_Grounds/Prefabs/Buildings/Barns/Barn2_End_B.prefab using Guid(9503dd374b0a87e4b8739d2906cd3f6f) Importer(2089858483,b0f066a214c2f5e87bad3c948f4d605d) (ScriptedImporter) -> (artifact id: 'c2511bd32a9b3cc8bf23ad0869ba1332') in 0.0764694 seconds
Number of updated asset objects reloaded before import = 0Number of asset objects unloaded after import = 7

========================================================================
Received Import Request.
  Time since last request: 0.000036 seconds.
  path: Assets/Erufyta/Flooded_Grounds/Prefabs/Buildings/Villa1/Villa1_Deco_Handrail1_Cap_A.prefab
  artifactKey: Guid(19c68d79f0c9834478587f0dc3a6d944) Importer(2089858483,b0f066a214c2f5e87bad3c948f4d605d)
Start importing Assets/Erufyta/Flooded_Grounds/Prefabs/Buildings/Villa1/Villa1_Deco_Handrail1_Cap_A.prefab using Guid(19c68d79f0c9834478587f0dc3a6d944) Importer(2089858483,b0f066a214c2f5e87bad3c948f4d605d) (ScriptedImporter) -> (artifact id: 'fb85d97a0077e896f054cd6054e2f35d') in 0.0691047 seconds
Number of updated asset objects reloaded before import = 0Number of asset objects unloaded after import = 7

========================================================================
Received Import Request.
  Time since last request: 0.000086 seconds.
  path: Assets/Erufyta/Flooded_Grounds/Content/Meshes/mBuildings/mStructures/Struct_FloodWall_A_COL.fbx
  artifactKey: Guid(9b8fc7a98811fbb42af918ad62747767) Importer(2089858483,b0f066a214c2f5e87bad3c948f4d605d)
Start importing Assets/Erufyta/Flooded_Grounds/Content/Meshes/mBuildings/mStructures/Struct_FloodWall_A_COL.fbx using Guid(9b8fc7a98811fbb42af918ad62747767) Importer(2089858483,b0f066a214c2f5e87bad3c948f4d605d) (ScriptedImporter) -> (artifact id: '47b421f90014f6f28119a1aa989b65f7') in 0.0486896 seconds
Number of updated asset objects reloaded before import = 0Number of asset objects unloaded after import = 7

========================================================================
Received Import Request.
  Time since last request: 0.000049 seconds.
  path: Assets/Erufyta/Flooded_Grounds/PostProcessing/Utilities/CustomMotionTexture/CustomMotionVectorDebugProfile.asset
  artifactKey: Guid(d982e879ff67b4d3fb6522d08c3cd5af) Importer(2089858483,b0f066a214c2f5e87bad3c948f4d605d)
Start importing Assets/Erufyta/Flooded_Grounds/PostProcessing/Utilities/CustomMotionTexture/CustomMotionVectorDebugProfile.asset using Guid(d982e879ff67b4d3fb6522d08c3cd5af) Importer(2089858483,b0f066a214c2f5e87bad3c948f4d605d) (ScriptedImporter) -> (artifact id: '06703ec2a0a72bf4b94a1fc3c1bb8acb') in 0.1248884 seconds
Number of updated asset objects reloaded before import = 0Number of asset objects unloaded after import = 1

========================================================================
Received Import Request.
  Time since last request: 0.000106 seconds.
  path: Assets/Erufyta/Flooded_Grounds/Content/Trees/SrcPrefabs/Branch2.prefab
  artifactKey: Guid(66173db9fd0bb3f4183154fc0776711b) Importer(2089858483,b0f066a214c2f5e87bad3c948f4d605d)
Start importing Assets/Erufyta/Flooded_Grounds/Content/Trees/SrcPrefabs/Branch2.prefab using Guid(66173db9fd0bb3f4183154fc0776711b) Importer(2089858483,b0f066a214c2f5e87bad3c948f4d605d) (ScriptedImporter) -> (artifact id: '696afc3f176b651ca88441a8efaf6d96') in 0.0678223 seconds
Number of updated asset objects reloaded before import = 0Number of asset objects unloaded after import = 8

========================================================================
Received Import Request.
  Time since last request: 0.000107 seconds.
  path: Assets/Erufyta/Flooded_Grounds/Content/Textures/NAT_Rocks1_AO.tif
  artifactKey: Guid(9122d63617accac4cb8caf6e99dfc67f) Importer(2089858483,b0f066a214c2f5e87bad3c948f4d605d)
Start importing Assets/Erufyta/Flooded_Grounds/Content/Textures/NAT_Rocks1_AO.tif using Guid(9122d63617accac4cb8caf6e99dfc67f) Importer(2089858483,b0f066a214c2f5e87bad3c948f4d605d) (ScriptedImporter) -> (artifact id: 'f8efbc97a67bb36e38241152ed0bb93f') in 0.119896 seconds
Number of updated asset objects reloaded before import = 0Number of asset objects unloaded after import = 1

========================================================================
Received Import Request.
  Time since last request: 0.000157 seconds.
  path: Assets/Erufyta/Flooded_Grounds/PostProcessing/Resources/Shaders/Bloom.cginc
  artifactKey: Guid(7d1f4dd94c8e6e940b0730076ea7d6d9) Importer(2089858483,b0f066a214c2f5e87bad3c948f4d605d)
Start importing Assets/Erufyta/Flooded_Grounds/PostProcessing/Resources/Shaders/Bloom.cginc using Guid(7d1f4dd94c8e6e940b0730076ea7d6d9) Importer(2089858483,b0f066a214c2f5e87bad3c948f4d605d) (ScriptedImporter) -> (artifact id: '69beed19f00178af1144e67f560620f0') in 0.0494739 seconds
Number of updated asset objects reloaded before import = 0Number of asset objects unloaded after import = 1

========================================================================
Received Import Request.
  Time since last request: 0.000071 seconds.
  path: Assets/Erufyta/Flooded_Grounds/Prefabs/Buildings/Bridge/BLD_Bridge_B.prefab
  artifactKey: Guid(6f60540659e8d0040aaae31620c1ac44) Importer(2089858483,b0f066a214c2f5e87bad3c948f4d605d)
Start importing Assets/Erufyta/Flooded_Grounds/Prefabs/Buildings/Bridge/BLD_Bridge_B.prefab using Guid(6f60540659e8d0040aaae31620c1ac44) Importer(2089858483,b0f066a214c2f5e87bad3c948f4d605d) (ScriptedImporter) -> (artifact id: '128b86e0bd18981ba920ccbcb20715f6') in 0.059849 seconds
Number of updated asset objects reloaded before import = 0Number of asset objects unloaded after import = 20

========================================================================
Received Import Request.
  Time since last request: 0.000068 seconds.
  path: Assets/Erufyta/Flooded_Grounds/Content/Meshes/mBuildings/mChurches/Church1_Door_A.fbx
  artifactKey: Guid(b90d65e978fd44a46b96908131df8c0e) Importer(2089858483,b0f066a214c2f5e87bad3c948f4d605d)
Start importing Assets/Erufyta/Flooded_Grounds/Content/Meshes/mBuildings/mChurches/Church1_Door_A.fbx using Guid(b90d65e978fd44a46b96908131df8c0e) Importer(2089858483,b0f066a214c2f5e87bad3c948f4d605d) (ScriptedImporter) -> (artifact id: '186650271491a11479728cefa97aa8c2') in 0.0809691 seconds
Number of updated asset objects reloaded before import = 0Number of asset objects unloaded after import = 7

========================================================================
Received Import Request.
  Time since last request: 0.000050 seconds.
  path: Assets/Erufyta/Flooded_Grounds/Prefabs/Backgrounds/BGR_Factory_A.prefab
  artifactKey: Guid(e5a349e90b7eb7a4a8bb302d1f815dd7) Importer(2089858483,b0f066a214c2f5e87bad3c948f4d605d)
Start importing Assets/Erufyta/Flooded_Grounds/Prefabs/Backgrounds/BGR_Factory_A.prefab using Guid(e5a349e90b7eb7a4a8bb302d1f815dd7) Importer(2089858483,b0f066a214c2f5e87bad3c948f4d605d) (ScriptedImporter) -> (artifact id: '7176d470197a4e505261d5a93e2071c0') in 0.1164398 seconds
Number of updated asset objects reloaded before import = 0Number of asset objects unloaded after import = 6

========================================================================
Received Import Request.
  Time since last request: 0.000086 seconds.
  path: Assets/Erufyta/Flooded_Grounds/Content/Sounds/Horn.mp3
  artifactKey: Guid(560cd90a01d7d4040bfc37a476b2a7a3) Importer(2089858483,b0f066a214c2f5e87bad3c948f4d605d)
Start importing Assets/Erufyta/Flooded_Grounds/Content/Sounds/Horn.mp3 using Guid(560cd90a01d7d4040bfc37a476b2a7a3) Importer(2089858483,b0f066a214c2f5e87bad3c948f4d605d) (ScriptedImporter) -> (artifact id: 'ae77133cd5e9a5293bfdedfb83ea6ca6') in 0.2520893 seconds
Number of updated asset objects reloaded before import = 0Number of asset objects unloaded after import = 1

========================================================================
Received Import Request.
  Time since last request: 0.000094 seconds.
  path: Assets/Erufyta/Flooded_Grounds/PostProcessing/Runtime/Utils/GraphicsUtils.cs
  artifactKey: Guid(f40f0a1acf6ce2f419f2b71c667e8973) Importer(2089858483,b0f066a214c2f5e87bad3c948f4d605d)
Start importing Assets/Erufyta/Flooded_Grounds/PostProcessing/Runtime/Utils/GraphicsUtils.cs using Guid(f40f0a1acf6ce2f419f2b71c667e8973) Importer(2089858483,b0f066a214c2f5e87bad3c948f4d605d) (ScriptedImporter) -> (artifact id: '274329ee80d8a2db1a97d4a152154636') in 0.0749771 seconds
Number of updated asset objects reloaded before import = 0Number of asset objects unloaded after import = 0

========================================================================
Received Import Request.
  Time since last request: 0.000109 seconds.
  path: Assets/Erufyta/Flooded_Grounds/Content/Textures/GR_Moss1_AS.tif
  artifactKey: Guid(ce793f2aef81aaa4a80a1d6ec615e92b) Importer(2089858483,b0f066a214c2f5e87bad3c948f4d605d)
Start importing Assets/Erufyta/Flooded_Grounds/Content/Textures/GR_Moss1_AS.tif using Guid(ce793f2aef81aaa4a80a1d6ec615e92b) Importer(2089858483,b0f066a214c2f5e87bad3c948f4d605d) (ScriptedImporter) -> (artifact id: '85954fc218164839172efb41870b9840') in 0.1148233 seconds
Number of updated asset objects reloaded before import = 0Number of asset objects unloaded after import = 1

========================================================================
Received Import Request.
  Time since last request: 0.000057 seconds.
  path: Assets/Erufyta/Flooded_Grounds/Prefabs/Buildings/Cabins/Cabin1_Deco_WindowGlass_A.prefab
  artifactKey: Guid(715fd63a46fbdbe4aaa1d6f63749e896) Importer(2089858483,b0f066a214c2f5e87bad3c948f4d605d)
Start importing Assets/Erufyta/Flooded_Grounds/Prefabs/Buildings/Cabins/Cabin1_Deco_WindowGlass_A.prefab using Guid(715fd63a46fbdbe4aaa1d6f63749e896) Importer(2089858483,b0f066a214c2f5e87bad3c948f4d605d) (ScriptedImporter) -> (artifact id: '00cebcb0cb7884d80f363afb289611c7') in 0.1148883 seconds
Number of updated asset objects reloaded before import = 0Number of asset objects unloaded after import = 6

========================================================================
Received Import Request.
  Time since last request: 0.000067 seconds.
  path: Assets/Erufyta/Flooded_Grounds/PostProcessing/Textures/Lens Dirt/LensDirt01.png
  artifactKey: Guid(3884f7a2d04ffe8409ad9200b275896f) Importer(2089858483,b0f066a214c2f5e87bad3c948f4d605d)
Start importing Assets/Erufyta/Flooded_Grounds/PostProcessing/Textures/Lens Dirt/LensDirt01.png using Guid(3884f7a2d04ffe8409ad9200b275896f) Importer(2089858483,b0f066a214c2f5e87bad3c948f4d605d) (ScriptedImporter) -> (artifact id: '60812534246e43837b2443049f317111') in 0.1635081 seconds
Number of updated asset objects reloaded before import = 0Number of asset objects unloaded after import = 1

========================================================================
Received Import Request.
  Time since last request: 0.000073 seconds.
  path: Assets/Erufyta/Flooded_Grounds/Prefabs/Backgrounds/BGR_Pipe_B.prefab
  artifactKey: Guid(89d3804ae1d951b42a266ad900c34eaf) Importer(2089858483,b0f066a214c2f5e87bad3c948f4d605d)
Start importing Assets/Erufyta/Flooded_Grounds/Prefabs/Backgrounds/BGR_Pipe_B.prefab using Guid(89d3804ae1d951b42a266ad900c34eaf) Importer(2089858483,b0f066a214c2f5e87bad3c948f4d605d) (ScriptedImporter) -> (artifact id: 'f1f582af63dd64b681213040d54252f3') in 0.0799847 seconds
Number of updated asset objects reloaded before import = 0Number of asset objects unloaded after import = 6

========================================================================
Received Import Request.
  Time since last request: 0.000188 seconds.
  path: Assets/Erufyta/Flooded_Grounds/PostProcessing/Editor/Monitors/HistogramMonitor.cs
  artifactKey: Guid(4581c45ac4aa2264187087659a4cc252) Importer(2089858483,b0f066a214c2f5e87bad3c948f4d605d)
Start importing Assets/Erufyta/Flooded_Grounds/PostProcessing/Editor/Monitors/HistogramMonitor.cs using Guid(4581c45ac4aa2264187087659a4cc252) Importer(2089858483,b0f066a214c2f5e87bad3c948f4d605d) (ScriptedImporter) -> (artifact id: '3750bf5622988255a3137e8407c2b439') in 0.0604184 seconds
Number of updated asset objects reloaded before import = 0Number of asset objects unloaded after import = 0

========================================================================
Received Import Request.
  Time since last request: 0.000043 seconds.
  path: Assets/Erufyta/Flooded_Grounds/Content/Meshes/mNature/mGrass/Grass_Small_A.fbx
  artifactKey: Guid(07482563e336d994abdc831e53431ccb) Importer(2089858483,b0f066a214c2f5e87bad3c948f4d605d)
Start importing Assets/Erufyta/Flooded_Grounds/Content/Meshes/mNature/mGrass/Grass_Small_A.fbx using Guid(07482563e336d994abdc831e53431ccb) Importer(2089858483,b0f066a214c2f5e87bad3c948f4d605d) (ScriptedImporter) -> (artifact id: '318dc9a1bd5e3f1b4c548825aadcd89f') in 0.1086758 seconds
Number of updated asset objects reloaded before import = 0Number of asset objects unloaded after import = 7

========================================================================
Received Import Request.
  Time since last request: 0.000284 seconds.
  path: Assets/Erufyta/Flooded_Grounds/PostProcessing/Runtime/Models/FogModel.cs
  artifactKey: Guid(1e20e66aa2deb7943993c444137d9acd) Importer(2089858483,b0f066a214c2f5e87bad3c948f4d605d)
Start importing Assets/Erufyta/Flooded_Grounds/PostProcessing/Runtime/Models/FogModel.cs using Guid(1e20e66aa2deb7943993c444137d9acd) Importer(2089858483,b0f066a214c2f5e87bad3c948f4d605d) (ScriptedImporter) -> (artifact id: '6b7977f959414ab20f7f3776451fc4b8') in 0.039493 seconds
Number of updated asset objects reloaded before import = 0Number of asset objects unloaded after import = 0

========================================================================
Received Import Request.
  Time since last request: 0.000614 seconds.
  path: Assets/Erufyta/Flooded_Grounds/Content/Meshes/mBuildings/mStructures/Struct_ExtStairs_B.fbx
  artifactKey: Guid(764b6b7a024ad3b40b3a881d7894f522) Importer(2089858483,b0f066a214c2f5e87bad3c948f4d605d)
Start importing Assets/Erufyta/Flooded_Grounds/Content/Meshes/mBuildings/mStructures/Struct_ExtStairs_B.fbx using Guid(764b6b7a024ad3b40b3a881d7894f522) Importer(2089858483,b0f066a214c2f5e87bad3c948f4d605d) (ScriptedImporter) -> (artifact id: '4ee1b2e879e2b7365a8d7b5630d049d6') in 0.0687017 seconds
Number of updated asset objects reloaded before import = 0Number of asset objects unloaded after import = 20

========================================================================
Received Import Request.
  Time since last request: 0.000067 seconds.
  path: Assets/Erufyta/Flooded_Grounds/Content/Materials/NAT_Grass.mat
  artifactKey: Guid(c6d8319ab8e4fb64494c4a9e3b97dc9d) Importer(2089858483,b0f066a214c2f5e87bad3c948f4d605d)
Start importing Assets/Erufyta/Flooded_Grounds/Content/Materials/NAT_Grass.mat using Guid(c6d8319ab8e4fb64494c4a9e3b97dc9d) Importer(2089858483,b0f066a214c2f5e87bad3c948f4d605d) (ScriptedImporter) -> (artifact id: 'ca782ae1102c1b82000dd0733b35efe6') in 0.1151545 seconds
Number of updated asset objects reloaded before import = 0Number of asset objects unloaded after import = 3

========================================================================
Received Import Request.
  Time since last request: 0.000067 seconds.
  path: Assets/Erufyta/Flooded_Grounds/Prefabs/Buildings/Villa2/Villa2_Wall_Cor_B.prefab
  artifactKey: Guid(26fea809091653d4c852426788e55284) Importer(2089858483,b0f066a214c2f5e87bad3c948f4d605d)
Start importing Assets/Erufyta/Flooded_Grounds/Prefabs/Buildings/Villa2/Villa2_Wall_Cor_B.prefab using Guid(26fea809091653d4c852426788e55284) Importer(2089858483,b0f066a214c2f5e87bad3c948f4d605d) (ScriptedImporter) -> (artifact id: '52f5ae5c7440f6b904766cb7cec30922') in 0.0971093 seconds
Number of updated asset objects reloaded before import = 0Number of asset objects unloaded after import = 7

========================================================================
Received Import Request.
  Time since last request: 0.000104 seconds.
  path: Assets/Erufyta/Flooded_Grounds/Prefabs/Backgrounds/BGR_Pipe_A.prefab
  artifactKey: Guid(babcc1aaacfd18a43aa346a87c9002f0) Importer(2089858483,b0f066a214c2f5e87bad3c948f4d605d)
Start importing Assets/Erufyta/Flooded_Grounds/Prefabs/Backgrounds/BGR_Pipe_A.prefab using Guid(babcc1aaacfd18a43aa346a87c9002f0) Importer(2089858483,b0f066a214c2f5e87bad3c948f4d605d) (ScriptedImporter) -> (artifact id: '78469957423ad4e6c21afa1cbaf08422') in 0.0496884 seconds
Number of updated asset objects reloaded before import = 0Number of asset objects unloaded after import = 6

========================================================================
Received Import Request.
  Time since last request: 0.000041 seconds.
  path: Assets/Erufyta/Flooded_Grounds/Prefabs/Nature/Trees/TreeCreator_Tall_C_Textures/diffuse.png
  artifactKey: Guid(d7f9639a9987293409af61852e3395c7) Importer(2089858483,b0f066a214c2f5e87bad3c948f4d605d)
Start importing Assets/Erufyta/Flooded_Grounds/Prefabs/Nature/Trees/TreeCreator_Tall_C_Textures/diffuse.png using Guid(d7f9639a9987293409af61852e3395c7) Importer(2089858483,b0f066a214c2f5e87bad3c948f4d605d) (ScriptedImporter) -> (artifact id: '0d72e35bc5287fa86c492223d5aa7866') in 0.1045272 seconds
Number of updated asset objects reloaded before import = 0Number of asset objects unloaded after import = 1

========================================================================
Received Import Request.
  Time since last request: 0.000054 seconds.
  path: Assets/Erufyta/Flooded_Grounds/Prefabs/Nature/Rocks/Rock_B.prefab
  artifactKey: Guid(f39758d3d915d104080c0e3321b8c75b) Importer(2089858483,b0f066a214c2f5e87bad3c948f4d605d)
Start importing Assets/Erufyta/Flooded_Grounds/Prefabs/Nature/Rocks/Rock_B.prefab using Guid(f39758d3d915d104080c0e3321b8c75b) Importer(2089858483,b0f066a214c2f5e87bad3c948f4d605d) (ScriptedImporter) -> (artifact id: 'aef40cc9307e9259fb743f40905bf99c') in 0.0529829 seconds
Number of updated asset objects reloaded before import = 0Number of asset objects unloaded after import = 23

========================================================================
Received Import Request.
  Time since last request: 0.000171 seconds.
  path: Assets/Erufyta/Flooded_Grounds/Prefabs/Buildings/IndBuilding1/IndBuilding1_Floor_Mid_A_4x.prefab
  artifactKey: Guid(0605deaa6afb37547a376b965328a405) Importer(2089858483,b0f066a214c2f5e87bad3c948f4d605d)
Start importing Assets/Erufyta/Flooded_Grounds/Prefabs/Buildings/IndBuilding1/IndBuilding1_Floor_Mid_A_4x.prefab using Guid(0605deaa6afb37547a376b965328a405) Importer(2089858483,b0f066a214c2f5e87bad3c948f4d605d) (ScriptedImporter) -> (artifact id: '2facc804ac8b0352f1ccd428fad91243') in 0.1331819 seconds
Number of updated asset objects reloaded before import = 0Number of asset objects unloaded after import = 7

========================================================================
Received Import Request.
  Time since last request: 0.000062 seconds.
  path: Assets/Erufyta/Flooded_Grounds/Prefabs/Nature/Trees/TreeCreator_Small_B.prefab
  artifactKey: Guid(01643aaa7b23a2a45a76b3dc86715fab) Importer(2089858483,b0f066a214c2f5e87bad3c948f4d605d)
Start importing Assets/Erufyta/Flooded_Grounds/Prefabs/Nature/Trees/TreeCreator_Small_B.prefab using Guid(01643aaa7b23a2a45a76b3dc86715fab) Importer(2089858483,b0f066a214c2f5e87bad3c948f4d605d) (ScriptedImporter) -> (artifact id: '97b54a1085fa552534979a0336df6337') in 0.2158605 seconds
Number of updated asset objects reloaded before import = 0Number of asset objects unloaded after import = 33

========================================================================
Received Import Request.
  Time since last request: 0.000120 seconds.
  path: Assets/Erufyta/Flooded_Grounds/Prefabs/Buildings/Structures1/Pavement1_Side_A.prefab
  artifactKey: Guid(e1e020ca14b039847905ba13f31b33be) Importer(2089858483,b0f066a214c2f5e87bad3c948f4d605d)
Start importing Assets/Erufyta/Flooded_Grounds/Prefabs/Buildings/Structures1/Pavement1_Side_A.prefab using Guid(e1e020ca14b039847905ba13f31b33be) Importer(2089858483,b0f066a214c2f5e87bad3c948f4d605d) (ScriptedImporter) -> (artifact id: 'db3c89716daff1c0a777a44513084f54') in 0.2626114 seconds
Number of updated asset objects reloaded before import = 0Number of asset objects unloaded after import = 8

========================================================================
Received Import Request.
  Time since last request: 0.000057 seconds.
  path: Assets/Erufyta/Flooded_Grounds/PostProcessing/Resources/Shaders/EyeAdaptation.cginc
  artifactKey: Guid(d2f406cad28afda489b94594fb3ce0af) Importer(2089858483,b0f066a214c2f5e87bad3c948f4d605d)
Start importing Assets/Erufyta/Flooded_Grounds/PostProcessing/Resources/Shaders/EyeAdaptation.cginc using Guid(d2f406cad28afda489b94594fb3ce0af) Importer(2089858483,b0f066a214c2f5e87bad3c948f4d605d) (ScriptedImporter) -> (artifact id: 'ac391cedfdf114baf60efaaf560a024f') in 0.0701471 seconds
Number of updated asset objects reloaded before import = 0Number of asset objects unloaded after import = 1

========================================================================
Received Import Request.
  Time since last request: 0.121163 seconds.
  path: Assets/Erufyta/Flooded_Grounds/PostProcessing/Editor/PostProcessingMonitor.cs
  artifactKey: Guid(801186e9e649457469bcddd8ee391c71) Importer(2089858483,b0f066a214c2f5e87bad3c948f4d605d)
Start importing Assets/Erufyta/Flooded_Grounds/PostProcessing/Editor/PostProcessingMonitor.cs using Guid(801186e9e649457469bcddd8ee391c71) Importer(2089858483,b0f066a214c2f5e87bad3c948f4d605d) (ScriptedImporter) -> (artifact id: '0625ec8bf7df138f84bfce19dfad0828') in 0.0306691 seconds
Number of updated asset objects reloaded before import = 0Number of asset objects unloaded after import = 0

========================================================================
Received Import Request.
  Time since last request: 0.000034 seconds.
  path: Assets/Erufyta/Flooded_Grounds/Prefabs/Nature/Rocks/CobbleRock_B.prefab
  artifactKey: Guid(149f31fa3c070bf44a66da3a784cdc43) Importer(2089858483,b0f066a214c2f5e87bad3c948f4d605d)
Start importing Assets/Erufyta/Flooded_Grounds/Prefabs/Nature/Rocks/CobbleRock_B.prefab using Guid(149f31fa3c070bf44a66da3a784cdc43) Importer(2089858483,b0f066a214c2f5e87bad3c948f4d605d) (ScriptedImporter) -> (artifact id: '7510c5adfeab97f1309e34baf1a66596') in 0.0528635 seconds
Number of updated asset objects reloaded before import = 0Number of asset objects unloaded after import = 20

========================================================================
Received Import Request.
  Time since last request: 0.000067 seconds.
  path: Assets/Erufyta/Flooded_Grounds/Prefabs/Nature/Grass/Grass_Med_C.prefab
  artifactKey: Guid(de006beaac36de64d9a2c3569ad1be67) Importer(2089858483,b0f066a214c2f5e87bad3c948f4d605d)
Start importing Assets/Erufyta/Flooded_Grounds/Prefabs/Nature/Grass/Grass_Med_C.prefab using Guid(de006beaac36de64d9a2c3569ad1be67) Importer(2089858483,b0f066a214c2f5e87bad3c948f4d605d) (ScriptedImporter) -> (artifact id: '9daf96420c57b9230a2aaedd8f2fc3e5') in 0.0585616 seconds
Number of updated asset objects reloaded before import = 0Number of asset objects unloaded after import = 8

========================================================================
Received Import Request.
  Time since last request: 0.000051 seconds.
  path: Assets/Erufyta/Flooded_Grounds/Prefabs/Props/Prop_ChurchBench_A_DM.prefab
  artifactKey: Guid(fe816015a58e629439b27ecca9cdb110) Importer(2089858483,b0f066a214c2f5e87bad3c948f4d605d)
Start importing Assets/Erufyta/Flooded_Grounds/Prefabs/Props/Prop_ChurchBench_A_DM.prefab using Guid(fe816015a58e629439b27ecca9cdb110) Importer(2089858483,b0f066a214c2f5e87bad3c948f4d605d) (ScriptedImporter) -> (artifact id: '6124f70105edece5ac6ed0e5678dd678') in 0.0731871 seconds
Number of updated asset objects reloaded before import = 0Number of asset objects unloaded after import = 17

========================================================================
Received Import Request.
  Time since last request: 0.000061 seconds.
  path: Assets/Erufyta/Flooded_Grounds/Content/Meshes/mBuildings/mStructures/Struct_Fence2_Mid_A_DM.fbx
  artifactKey: Guid(6a471e0b8738ece42b18be99f7b29ae5) Importer(2089858483,b0f066a214c2f5e87bad3c948f4d605d)
Start importing Assets/Erufyta/Flooded_Grounds/Content/Meshes/mBuildings/mStructures/Struct_Fence2_Mid_A_DM.fbx using Guid(6a471e0b8738ece42b18be99f7b29ae5) Importer(2089858483,b0f066a214c2f5e87bad3c948f4d605d) (ScriptedImporter) -> (artifact id: '6627e3beeee53535afa2d23206d9a2ec') in 0.1174815 seconds
Number of updated asset objects reloaded before import = 0Number of asset objects unloaded after import = 7

========================================================================
Received Import Request.
  Time since last request: 0.000041 seconds.
  path: Assets/Erufyta/Flooded_Grounds/Content/Meshes/mBuildings/mStructures/Pavement1_Side_A.fbx
  artifactKey: Guid(2d6cc40b7ed23c54aa74bc19352d7122) Importer(2089858483,b0f066a214c2f5e87bad3c948f4d605d)
Start importing Assets/Erufyta/Flooded_Grounds/Content/Meshes/mBuildings/mStructures/Pavement1_Side_A.fbx using Guid(2d6cc40b7ed23c54aa74bc19352d7122) Importer(2089858483,b0f066a214c2f5e87bad3c948f4d605d) (ScriptedImporter) -> (artifact id: '6d0ddcd866366004b332c716317f45b3') in 0.0499732 seconds
Number of updated asset objects reloaded before import = 0Number of asset objects unloaded after import = 7

========================================================================
Received Import Request.
  Time since last request: 0.000056 seconds.
  path: Assets/Erufyta/Flooded_Grounds/Prefabs/Buildings/Cabins/Cabin1_DM.prefab
  artifactKey: Guid(89f79f1bf5f167d4298cf43d900f56c1) Importer(2089858483,b0f066a214c2f5e87bad3c948f4d605d)
Start importing Assets/Erufyta/Flooded_Grounds/Prefabs/Buildings/Cabins/Cabin1_DM.prefab using Guid(89f79f1bf5f167d4298cf43d900f56c1) Importer(2089858483,b0f066a214c2f5e87bad3c948f4d605d) (ScriptedImporter) -> (artifact id: 'f9c79f105c9c7a203fc4c7242db14c5d') in 0.0830697 seconds
Number of updated asset objects reloaded before import = 0Number of asset objects unloaded after import = 7

========================================================================
Received Import Request.
  Time since last request: 0.000046 seconds.
  path: Assets/Erufyta/Flooded_Grounds/PostProcessing/Resources/Bluenoise64/LDR_LLL1_62.png
  artifactKey: Guid(a03c400b0e3959f428ee99dfc6cfc263) Importer(2089858483,b0f066a214c2f5e87bad3c948f4d605d)
Start importing Assets/Erufyta/Flooded_Grounds/PostProcessing/Resources/Bluenoise64/LDR_LLL1_62.png using Guid(a03c400b0e3959f428ee99dfc6cfc263) Importer(2089858483,b0f066a214c2f5e87bad3c948f4d605d) (ScriptedImporter) -> (artifact id: '4f6244f16e7a562e5f1e99e861fcfcdb') in 0.1168732 seconds
Number of updated asset objects reloaded before import = 0Number of asset objects unloaded after import = 1

========================================================================
Received Import Request.
  Time since last request: 0.000113 seconds.
  path: Assets/Erufyta/Flooded_Grounds/Prefabs/Buildings/Villa1/Villa1_Base_Mid_B.prefab
  artifactKey: Guid(113eb02b1f4058248bf628b2fde16564) Importer(2089858483,b0f066a214c2f5e87bad3c948f4d605d)
Start importing Assets/Erufyta/Flooded_Grounds/Prefabs/Buildings/Villa1/Villa1_Base_Mid_B.prefab using Guid(113eb02b1f4058248bf628b2fde16564) Importer(2089858483,b0f066a214c2f5e87bad3c948f4d605d) (ScriptedImporter) -> (artifact id: 'b7239d8a3d287cf86c8eb3bf20f1d851') in 0.1554646 seconds
Number of updated asset objects reloaded before import = 0Number of asset objects unloaded after import = 7

========================================================================
Received Import Request.
  Time since last request: 0.000041 seconds.
  path: Assets/Erufyta/Flooded_Grounds/Prefabs/Nature/Grass/Grass_Tall_C.prefab
  artifactKey: Guid(f3d5432b8ff8c7e4e9aab8ca88060e47) Importer(2089858483,b0f066a214c2f5e87bad3c948f4d605d)
Start importing Assets/Erufyta/Flooded_Grounds/Prefabs/Nature/Grass/Grass_Tall_C.prefab using Guid(f3d5432b8ff8c7e4e9aab8ca88060e47) Importer(2089858483,b0f066a214c2f5e87bad3c948f4d605d) (ScriptedImporter) -> (artifact id: '2acc2222bc670eddf9427184ac96e7fe') in 0.1295946 seconds
Number of updated asset objects reloaded before import = 0Number of asset objects unloaded after import = 8

========================================================================
Received Import Request.
  Time since last request: 0.000058 seconds.
  path: Assets/Erufyta/Flooded_Grounds/Content/Meshes/mProps/lo_Prop_Gravestone_B.fbx
  artifactKey: Guid(77f6b03b6e453ae479b40116e9371dba) Importer(2089858483,b0f066a214c2f5e87bad3c948f4d605d)
Start importing Assets/Erufyta/Flooded_Grounds/Content/Meshes/mProps/lo_Prop_Gravestone_B.fbx using Guid(77f6b03b6e453ae479b40116e9371dba) Importer(2089858483,b0f066a214c2f5e87bad3c948f4d605d) (ScriptedImporter) -> (artifact id: '0546a4d8f3a9fd5785ac89106ead60e8') in 0.064006 seconds
Number of updated asset objects reloaded before import = 0Number of asset objects unloaded after import = 7

========================================================================
Received Import Request.
  Time since last request: 0.000044 seconds.
  path: Assets/Erufyta/Flooded_Grounds/Content/Meshes/mProps/lo_Prop_Car_A.fbx
  artifactKey: Guid(320890f06b29ef743af9c7fa85b2ef46) Importer(2089858483,b0f066a214c2f5e87bad3c948f4d605d)
Start importing Assets/Erufyta/Flooded_Grounds/Content/Meshes/mProps/lo_Prop_Car_A.fbx using Guid(320890f06b29ef743af9c7fa85b2ef46) Importer(2089858483,b0f066a214c2f5e87bad3c948f4d605d) (ScriptedImporter) -> (artifact id: '1af3e632dfe6687b9166fba85e273574') in 0.2081034 seconds
Number of updated asset objects reloaded before import = 0Number of asset objects unloaded after import = 20

========================================================================
Received Import Request.
  Time since last request: 0.000068 seconds.
  path: Assets/Erufyta/Flooded_Grounds/Content/Textures/PROP_Gravestones1_N.tif
  artifactKey: Guid(7cd0e8a8815bb0143a259b81bab8c78a) Importer(2089858483,b0f066a214c2f5e87bad3c948f4d605d)
Start importing Assets/Erufyta/Flooded_Grounds/Content/Textures/PROP_Gravestones1_N.tif using Guid(7cd0e8a8815bb0143a259b81bab8c78a) Importer(2089858483,b0f066a214c2f5e87bad3c948f4d605d) (ScriptedImporter) -> (artifact id: 'f4c0f6f2b367005dd362b3e0734a3562') in 0.1144056 seconds
Number of updated asset objects reloaded before import = 0Number of asset objects unloaded after import = 1

========================================================================
Received Prepare
Assembly reference Packages/com.unity.cinemachine/Editor/Samples/ExposeHDRPInternals/HDRP-Editor-ref.asmref has no target assembly definition
Assembly reference Packages/com.unity.cinemachine/Editor/Samples/ExposeHDRPInternals/HDRP-Editor-ref.asmref has no target assembly definition
Begin MonoManager ReloadAssembly
[Licensing::Client] Successfully resolved entitlement details
ADTM: Control thread waiting for realtime thread timed out, have to lock...
Symbol file LoadedFromMemory is not a mono symbol file
- Loaded All Assemblies, in 11.973 seconds
Assembly reference Packages/com.unity.cinemachine/Editor/Samples/ExposeHDRPInternals/HDRP-Editor-ref.asmref has no target assembly definition
'Packages/com.unity.cinemachine/Editor/Obsolete/CinemachineVirtualCameraBaseEditor.cs' contains partial class of Unity.Object, exactly 1 of the partial classes needs to be in a file with the same filename. This is to know the one that can be referenced from ie. GameObjects
'Packages/com.unity.cinemachine/Editor/Editors/CinemachineVirtualCameraBaseEditor.cs' contains partial class of Unity.Object, exactly 1 of the partial classes needs to be in a file with the same filename. This is to know the one that can be referenced from ie. GameObjects
Refreshing native plugins compatible for Editor in 7.23 ms, found 3 plugins.
Native extension for WindowsStandalone target not found
Native extension for WebGL target not found
Assembly reference Packages/com.unity.cinemachine/Editor/Samples/ExposeHDRPInternals/HDRP-Editor-ref.asmref has no target assembly definition
[Package Manager] Failed to launch server process. Reason: Unity was launched with the -noUpm command-line argument
[Package Manager] Unable to send message (not connected to server process).
[Package Manager] Cannot connect to Unity Package Manager local server
[Package Manager] Failed to launch server process. Reason: Unity was launched with the -noUpm command-line argument
[Package Manager] Unable to send message (not connected to server process).
[Package Manager] Cannot connect to Unity Package Manager local server
ScheduleIndexationOnStartup MainProcess:False IndexOnStartup:True
Mono: successfully reloaded assembly
- Finished resetting the current domain, in  6.755 seconds
Domain Reload Profiling: 18739ms
	BeginReloadAssembly (3287ms)
		ExecutionOrderSort (0ms)
		DisableScriptedObjects (87ms)
		BackupInstance (0ms)
		ReleaseScriptingObjects (4ms)
		CreateAndSetChildDomain (2358ms)
	RebuildCommonClasses (117ms)
	RebuildNativeTypeToScriptingClass (38ms)
	initialDomainReloadingComplete (108ms)
	LoadAllAssembliesAndSetupDomain (8429ms)
		LoadAssemblies (6399ms)
		RebuildTransferFunctionScriptingTraits (0ms)
		AnalyzeDomain (2396ms)
			TypeCache.Refresh (256ms)
				TypeCache.ScanAssembly (0ms)
			BuildScriptInfoCaches (2006ms)
			ResolveRequiredComponents (38ms)
	FinalizeReload (6759ms)
		ReleaseScriptCaches (0ms)
		RebuildScriptCaches (0ms)
		SetupLoadedEditorAssemblies (5776ms)
			LogAssemblyErrors (0ms)
			InitializePlatformSupportModulesInManaged (11ms)
			SetLoadedEditorAssemblies (29ms)
			BeforeProcessingInitializeOnLoad (782ms)
			ProcessInitializeOnLoadAttributes (4296ms)
			ProcessInitializeOnLoadMethodAttributes (558ms)
			AfterProcessingInitializeOnLoad (96ms)
			EditorAssembliesLoaded (5ms)
		ExecutionOrderSort2 (0ms)
		AwakeInstancesAfterBackupRestoration (147ms)
Refreshing native plugins compatible for Editor in 2.73 ms, found 3 plugins.
Preloading 0 native plugins for Editor in 0.00 ms.
Unloading 22 Unused Serialized files (Serialized files now loaded: 0)
Unloading 6798 unused Assets / (5.7 MB). Loaded Objects now: 7686.
Memory consumption went from 178.8 MB to 173.1 MB.
Total: 28.426700 ms (FindLiveObjects: 2.125400 ms CreateObjectMapping: 1.853900 ms MarkObjects: 16.563100 ms  DeleteObjects: 7.560400 ms)

Prepare: number of updated asset objects reloaded= 0
========================================================================
Received Prepare
Assembly reference Packages/com.unity.cinemachine/Editor/Samples/ExposeHDRPInternals/HDRP-Editor-ref.asmref has no target assembly definition
Assembly reference Packages/com.unity.cinemachine/Editor/Samples/ExposeHDRPInternals/HDRP-Editor-ref.asmref has no target assembly definition
Begin MonoManager ReloadAssembly
[Licensing::Client] Successfully resolved entitlement details
ADTM: Control thread waiting for realtime thread timed out, have to lock...
Symbol file LoadedFromMemory is not a mono symbol file
- Loaded All Assemblies, in 17.598 seconds
Assembly reference Packages/com.unity.cinemachine/Editor/Samples/ExposeHDRPInternals/HDRP-Editor-ref.asmref has no target assembly definition
'Packages/com.unity.cinemachine/Editor/Obsolete/CinemachineVirtualCameraBaseEditor.cs' contains partial class of Unity.Object, exactly 1 of the partial classes needs to be in a file with the same filename. This is to know the one that can be referenced from ie. GameObjects
'Packages/com.unity.cinemachine/Editor/Editors/CinemachineVirtualCameraBaseEditor.cs' contains partial class of Unity.Object, exactly 1 of the partial classes needs to be in a file with the same filename. This is to know the one that can be referenced from ie. GameObjects
Refreshing native plugins compatible for Editor in 5.54 ms, found 3 plugins.
Native extension for WindowsStandalone target not found
Native extension for WebGL target not found
Assembly reference Packages/com.unity.cinemachine/Editor/Samples/ExposeHDRPInternals/HDRP-Editor-ref.asmref has no target assembly definition
[Package Manager] Failed to launch server process. Reason: Unity was launched with the -noUpm command-line argument
[Package Manager] Unable to send message (not connected to server process).
[Package Manager] Cannot connect to Unity Package Manager local server
[Package Manager] Failed to launch server process. Reason: Unity was launched with the -noUpm command-line argument
[Package Manager] Unable to send message (not connected to server process).
[Package Manager] Cannot connect to Unity Package Manager local server
ScheduleIndexationOnStartup MainProcess:False IndexOnStartup:True
Mono: successfully reloaded assembly
- Finished resetting the current domain, in 12.319 seconds
Domain Reload Profiling: 29942ms
	BeginReloadAssembly (3885ms)
		ExecutionOrderSort (1ms)
		DisableScriptedObjects (124ms)
		BackupInstance (0ms)
		ReleaseScriptingObjects (20ms)
		CreateAndSetChildDomain (2721ms)
	RebuildCommonClasses (121ms)
	RebuildNativeTypeToScriptingClass (37ms)
	initialDomainReloadingComplete (128ms)
	LoadAllAssembliesAndSetupDomain (13447ms)
		LoadAssemblies (11506ms)
		RebuildTransferFunctionScriptingTraits (0ms)
		AnalyzeDomain (2333ms)
			TypeCache.Refresh (121ms)
				TypeCache.ScanAssembly (0ms)
			BuildScriptInfoCaches (2017ms)
			ResolveRequiredComponents (59ms)
	FinalizeReload (12324ms)
		ReleaseScriptCaches (0ms)
		RebuildScriptCaches (0ms)
		SetupLoadedEditorAssemblies (10506ms)
			LogAssemblyErrors (0ms)
			InitializePlatformSupportModulesInManaged (33ms)
			SetLoadedEditorAssemblies (55ms)
			BeforeProcessingInitializeOnLoad (2789ms)
			ProcessInitializeOnLoadAttributes (6536ms)
			ProcessInitializeOnLoadMethodAttributes (1004ms)
			AfterProcessingInitializeOnLoad (82ms)
			EditorAssembliesLoaded (7ms)
		ExecutionOrderSort2 (0ms)
		AwakeInstancesAfterBackupRestoration (202ms)
Refreshing native plugins compatible for Editor in 7.73 ms, found 3 plugins.
Preloading 0 native plugins for Editor in 0.00 ms.
Unloading 22 Unused Serialized files (Serialized files now loaded: 0)
Unloading 6797 unused Assets / (5.4 MB). Loaded Objects now: 7689.
Memory consumption went from 178.9 MB to 173.4 MB.
Total: 75.050300 ms (FindLiveObjects: 3.634100 ms CreateObjectMapping: 5.130100 ms MarkObjects: 47.507800 ms  DeleteObjects: 18.766500 ms)

Prepare: number of updated asset objects reloaded= 0
========================================================================
Received Prepare
Assembly reference Packages/com.unity.cinemachine/Editor/Samples/ExposeHDRPInternals/HDRP-Editor-ref.asmref has no target assembly definition
Assembly reference Packages/com.unity.cinemachine/Editor/Samples/ExposeHDRPInternals/HDRP-Editor-ref.asmref has no target assembly definition
Begin MonoManager ReloadAssembly
[Licensing::Client] Successfully resolved entitlement details
ADTM: Control thread waiting for realtime thread timed out, have to lock...
Symbol file LoadedFromMemory is not a mono symbol file
- Loaded All Assemblies, in  9.724 seconds
Assembly reference Packages/com.unity.cinemachine/Editor/Samples/ExposeHDRPInternals/HDRP-Editor-ref.asmref has no target assembly definition
'Packages/com.unity.cinemachine/Editor/Obsolete/CinemachineVirtualCameraBaseEditor.cs' contains partial class of Unity.Object, exactly 1 of the partial classes needs to be in a file with the same filename. This is to know the one that can be referenced from ie. GameObjects
'Packages/com.unity.cinemachine/Editor/Editors/CinemachineVirtualCameraBaseEditor.cs' contains partial class of Unity.Object, exactly 1 of the partial classes needs to be in a file with the same filename. This is to know the one that can be referenced from ie. GameObjects
Refreshing native plugins compatible for Editor in 31.46 ms, found 3 plugins.
Native extension for WindowsStandalone target not found
Native extension for WebGL target not found
Assembly reference Packages/com.unity.cinemachine/Editor/Samples/ExposeHDRPInternals/HDRP-Editor-ref.asmref has no target assembly definition
[Package Manager] Failed to launch server process. Reason: Unity was launched with the -noUpm command-line argument
[Package Manager] Unable to send message (not connected to server process).
[Package Manager] Cannot connect to Unity Package Manager local server
[Package Manager] Failed to launch server process. Reason: Unity was launched with the -noUpm command-line argument
[Package Manager] Unable to send message (not connected to server process).
[Package Manager] Cannot connect to Unity Package Manager local server
ScheduleIndexationOnStartup MainProcess:False IndexOnStartup:True
Mono: successfully reloaded assembly
- Finished resetting the current domain, in  6.412 seconds
Domain Reload Profiling: 16364ms
	BeginReloadAssembly (2333ms)
		ExecutionOrderSort (0ms)
		DisableScriptedObjects (64ms)
		BackupInstance (0ms)
		ReleaseScriptingObjects (6ms)
		CreateAndSetChildDomain (1506ms)
	RebuildCommonClasses (63ms)
	RebuildNativeTypeToScriptingClass (21ms)
	initialDomainReloadingComplete (78ms)
	LoadAllAssembliesAndSetupDomain (7451ms)
		LoadAssemblies (2941ms)
		RebuildTransferFunctionScriptingTraits (0ms)
		AnalyzeDomain (4692ms)
			TypeCache.Refresh (114ms)
				TypeCache.ScanAssembly (0ms)
			BuildScriptInfoCaches (2695ms)
			ResolveRequiredComponents (384ms)
	FinalizeReload (6417ms)
		ReleaseScriptCaches (0ms)
		RebuildScriptCaches (0ms)
		SetupLoadedEditorAssemblies (5171ms)
			LogAssemblyErrors (0ms)
			InitializePlatformSupportModulesInManaged (11ms)
			SetLoadedEditorAssemblies (20ms)
			BeforeProcessingInitializeOnLoad (755ms)
			ProcessInitializeOnLoadAttributes (3584ms)
			ProcessInitializeOnLoadMethodAttributes (733ms)
			AfterProcessingInitializeOnLoad (56ms)
			EditorAssembliesLoaded (12ms)
		ExecutionOrderSort2 (0ms)
		AwakeInstancesAfterBackupRestoration (119ms)
Refreshing native plugins compatible for Editor in 7.45 ms, found 3 plugins.
Preloading 0 native plugins for Editor in 0.00 ms.
Unloading 22 Unused Serialized files (Serialized files now loaded: 0)
Unloading 6797 unused Assets / (6.0 MB). Loaded Objects now: 7692.
Memory consumption went from 178.9 MB to 172.9 MB.
Total: 72.619300 ms (FindLiveObjects: 4.777300 ms CreateObjectMapping: 2.957400 ms MarkObjects: 49.324700 ms  DeleteObjects: 15.552100 ms)

Prepare: number of updated asset objects reloaded= 0
